delay,freq,condition,thisN,thisTrialN,thisRepN,key_resp.keys,key_resp.rt,key_resp.duration,textbox.text,button.numClicks,button.timesOn,button.timesOff,trials.thisRepN,trials.thisTrialN,trials.thisN,trials.thisIndex,thisRow.t,notes,trial.started,polygon.started,polygon_2.started,key_resp.started,polygon.stopped,trial.stopped,trials.key_resp.keys,trials.key_resp.rt,trials.key_resp.duration,beep.started,sound_1.started,sound_1.stopped,beep.stopped,response.started,text.started,textbox.started,button.started,response.stopped,trials.textbox.text,trials.button.numClicks,trials.button.timesOn,trials.button.timesOff,participant,session,date,expName,expVersion,psychopyVersion,frameRate,expStart,
0.4,400,unexp,0,0,0,space,2.4858907490270212,None,387,1,[31.22590937500354],[31.225913708098233],0,0,0,1,0.043408041005022824,,0.018209165893495083,0.043408041005022824,0.9981873329961672,0.9981873329961672,1.0419072079239413,3.664447582908906,space,2.4858907490270212,None,3.6648102909093723,4.064102791661086,4.37441074999515,4.354083332931623,4.35688679094892,4.37441074999515,4.37441074999515,4.37441074999515,35.60059870791156,387,1,[31.22590937500354],[31.225913708098233],P1.1,001,2025-11-10_13h18.04.604,Intentional Binding exp,,2025.1.1,119.44737677240607,2025-11-10 13h18.16.770298 +0530,
0.7,1000,exp,1,1,0,space,3.053748249076307,None,800,1,[5.763045499916188],[5.763049667002633],0,1,1,8,35.60887583298609,,35.60088512499351,35.60887583298609,36.59261724993121,36.59261724993121,36.59984712500591,39.662175499950536,space,3.053748249076307,None,39.6637179160025,40.366196999621266,40.670971582992934,40.655350249959156,40.65713116596453,40.670971582992934,40.670971582992934,40.670971582992934,46.43429337500129,800,1,[5.763045499916188],[5.763049667002633],P1.1,001,2025-11-10_13h18.04.604,Intentional Binding exp,,2025.1.1,119.44737677240607,2025-11-10 13h18.16.770298 +0530,
0.7,1000,exp,2,2,0,space,2.9022029159823433,None,787,1,[10.275648916955106],[10.275653208023869],0,2,2,5,46.442421832936816,,46.434507124940865,46.442421832936816,47.42625454091467,47.42625454091467,47.433336874935776,50.33469879091717,space,2.9022029159823433,None,50.335071290959604,51.04299733258473,51.35870795790106,51.343868832918815,51.3451109159505,51.35870795790106,51.35870795790106,51.35870795790106,61.63463074993342,787,1,[10.275648916955106],[10.275653208023869],P1.1,001,2025-11-10_13h18.04.604,Intentional Binding exp,,2025.1.1,119.44737677240607,2025-11-10 13h18.16.770298 +0530,
0.4,1000,exp,3,3,0,space,0.1146348329493776,None,687,1,[10.495583209092729],[10.495586584089324],0,3,3,7,61.64274354092777,,61.634852165938355,61.64274354092777,62.62636370793916,62.62636370793916,62.63325283292215,62.74482837493997,space,0.1146348329493776,None,62.74657579092309,63.149832624654906,63.455234707915224,63.43862079095561,63.44052383292001,63.455234707915224,63.455234707915224,63.455234707915224,73.95110212499276,687,1,[10.495583209092729],[10.495586584089324],P1.1,001,2025-11-10_13h18.04.604,Intentional Binding exp,,2025.1.1,119.44737677240607,2025-11-10 13h18.16.770298 +0530,
0.1,1000,exp,4,4,0,space,2.4041020000586286,None,898,1,[6.055847666924819],[6.0558527919929475],0,4,4,3,73.95954954100307,,73.95132920797914,73.95954954100307,74.94326566590462,74.94326566590462,74.9509070829954,77.35170812497381,space,2.4041020000586286,None,77.35311570798513,77.4599405415977,77.76213629089762,77.74862362490967,77.75029108289164,77.76213629089762,77.76213629089762,77.76213629089762,83.81828379095532,898,1,[6.055847666924819],[6.0558527919929475],P1.1,001,2025-11-10_13h18.04.604,Intentional Binding exp,,2025.1.1,119.44737677240607,2025-11-10 13h18.16.770298 +0530,
0.1,1000,exp,5,5,0,space,8.079664040938951,None,786,1,[3.379992292029783],[3.37999604200013],0,5,5,6,83.82582212495618,,83.8185236249119,83.82582212495618,84.80999958293978,84.80999958293978,84.81766449997667,92.89505145791918,space,8.079664040938951,None,92.89671645790804,93.00014520757055,93.30420449993107,93.289492999902,93.29133291600738,93.30420449993107,93.30420449993107,93.30420449993107,96.68447499989998,786,1,[3.379992292029783],[3.37999604200013],P1.1,001,2025-11-10_13h18.04.604,Intentional Binding exp,,2025.1.1,119.44737677240607,2025-11-10 13h18.16.770298 +0530,
0.4,1000,exp,6,6,0,space,0.3674304159358144,None,465,1,[3.687113624997437],[3.6871177919674665],0,6,6,4,96.69320116599556,,96.68470345798414,96.69320116599556,97.67713212489616,97.67713212489616,97.68376537493896,98.05249274999369,space,0.3674304159358144,None,98.05316279095132,98.46080591663873,98.76410104089882,98.748951415997,98.7511127499165,98.76410104089882,98.76410104089882,98.76410104089882,102.45150633295998,465,1,[3.687113624997437],[3.6871177919674665],P1.1,001,2025-11-10_13h18.04.604,Intentional Binding exp,,2025.1.1,119.44737677240607,2025-11-10 13h18.16.770298 +0530,
0.1,1000,exp,7,7,0,space,2.515882415929809,None,354,1,[4.563459541997872],[4.5634631250286475],0,7,7,9,102.46060237498023,,102.45172533299774,102.46060237498023,103.44382399995811,103.44382399995811,103.45136770792305,105.96202620794065,space,2.515882415929809,None,105.9632232079748,106.06650104158713,106.37122237496078,106.35632137500215,106.35816933296155,106.37122237496078,106.37122237496078,106.37122237496078,110.9349704158958,354,1,[4.563459541997872],[4.5634631250286475],P1.1,001,2025-11-10_13h18.04.604,Intentional Binding exp,,2025.1.1,119.44737677240607,2025-11-10 13h18.16.770298 +0530,
0.7,1000,exp,8,8,0,space,2.3323231659596786,None,567,1,[3.105923624942079],[3.1059284589719027],0,8,8,11,110.94352787500247,,110.93518087500706,110.94352787500247,111.93432258290704,111.93432258290704,111.93432258290704,114.27740575000644,space,2.3323231659596786,None,114.27778520795982,114.97748058260574,115.2799557079561,115.26582895789761,115.26749837491661,115.2799557079561,115.2799557079561,115.2799557079561,118.38619429094251,567,1,[3.105923624942079],[3.1059284589719027],P1.1,001,2025-11-10_13h18.04.604,Intentional Binding exp,,2025.1.1,119.44737677240607,2025-11-10 13h18.16.770298 +0530,
0.1,400,unexp,9,9,0,space,0.770216750097461,None,456,1,[2.536934499978088],[2.536937874974683],0,9,9,0,118.39297979092225,,118.3864271659404,118.39297979092225,119.38530245795846,119.38530245795846,119.38530245795846,120.16150849999394,space,0.770216750097461,None,120.16203116590623,120.26076870767089,120.56525845790748,120.55049374990631,120.55288574995939,120.56525845790748,120.56525845790748,120.56525845790748,123.10248358291574,456,1,[2.536934499978088],[2.536937874974683],P1.1,001,2025-11-10_13h18.04.604,Intentional Binding exp,,2025.1.1,119.44737677240607,2025-11-10 13h18.16.770298 +0530,
0.4,1000,exp,10,10,0,space,0.7343915411038324,None,789,1,[3.2179504999658093],[3.2179539590142667],0,10,10,10,123.1105022910051,,123.10271066590212,123.1105022910051,124.10104608291294,124.10104608291294,124.10104608291294,124.86287608300336,space,0.7343915411038324,None,124.86460341594648,125.26851833257048,125.58381258300506,125.56715895794332,125.56901733297855,125.58381258300506,125.58381258300506,125.58381258300506,128.80204741598573,789,1,[3.2179504999658093],[3.2179539590142667],P1.1,001,2025-11-10_13h18.04.604,Intentional Binding exp,,2025.1.1,119.44737677240607,2025-11-10 13h18.16.770298 +0530,
0.7,400,unexp,11,11,0,space,3.466110373963602,None,345,1,[7.422005707980134],[7.422009166912176],0,11,11,2,128.8099241659511,,128.80227941600606,128.8099241659511,129.79426958295517,129.79426958295517,129.80204579094425,133.26232199999504,space,3.466110373963602,None,133.26396404090337,133.96863154165138,134.28007258300204,134.26623541594017,134.26855291589163,134.28007258300204,134.28007258300204,134.28007258300204,141.7023842500057,345,1,[7.422005707980134],[7.422009166912176],P1.1,001,2025-11-10_13h18.04.604,Intentional Binding exp,,2025.1.1,119.44737677240607,2025-11-10 13h18.16.770298 +0530,
0.1,1000,exp,12,0,1,space,1.5246152071049437,None,234,1,[1.9710940410150215],[1.9710973330074921],1,0,12,9,141.71066937490832,,141.70259658293799,141.71066937490832,142.69430487498175,142.69430487498175,142.7018737909384,144.2298909999663,space,1.5246152071049437,None,144.23144912498537,144.3455680825903,144.64784008299466,144.63369754096493,144.63586462498643,144.64784008299466,144.64784008299466,144.64784008299466,146.61921829089988,234,1,[1.9710940410150215],[1.9710973330074921],P1.1,001,2025-11-10_13h18.04.604,Intentional Binding exp,,2025.1.1,119.44737677240607,2025-11-10 13h18.16.770298 +0530,
0.7,1000,exp,13,1,1,space,0.44382245803717524,None,768,1,[2.7797817500540987],[2.7797851250506938],1,1,13,5,146.6268598329043,,146.6194329999853,146.6268598329043,147.61112829099875,147.61112829099875,147.61899595789146,148.06449079094455,space,0.44382245803717524,None,148.0664292499423,148.7677107916136,149.07243720791303,149.05719337495975,149.05895199999213,149.07243720791303,149.07243720791303,149.07243720791303,151.85250783292577,768,1,[2.7797817500540987],[2.7797851250506938],P1.1,001,2025-11-10_13h18.04.604,Intentional Binding exp,,2025.1.1,119.44737677240607,2025-11-10 13h18.16.770298 +0530,
0.4,1000,exp,14,2,1,space,0.42983837402425706,None,897,1,[2.1550326250726357],[2.155036500073038],1,2,14,4,151.86027795798145,,151.85273033299018,151.86027795798145,152.86201245791744,152.86201245791744,152.8788151659537,153.2967773329001,space,0.42983837402425706,None,153.29849958291743,153.71205916657735,154.0138209159486,153.99981729092542,154.00159637490287,154.0138209159486,154.0138209159486,154.0138209159486,156.1691402499564,897,1,[2.1550326250726357],[2.155036500073038],P1.1,001,2025-11-10_13h18.04.604,Intentional Binding exp,,2025.1.1,119.44737677240607,2025-11-10 13h18.16.770298 +0530,
0.1,1000,exp,15,3,1,space,1.0112276659347117,None,678,1,[3.5355007919715717],[3.5355047499760985],1,3,15,6,156.17758245789446,,156.1693577079568,156.17758245789446,157.16129483294208,157.16129483294208,157.1689809159143,158.17943741590716,space,1.0112276659347117,None,158.18074224994052,158.286618541639,158.59956041595433,158.58432166592684,158.58651774993632,158.59956041595433,158.59956041595433,158.59956041595433,162.13534325000364,678,1,[3.5355007919715717],[3.5355047499760985],P1.1,001,2025-11-10_13h18.04.604,Intentional Binding exp,,2025.1.1,119.44737677240607,2025-11-10 13h18.16.770298 +0530,
0.1,400,unexp,16,4,1,space,2.64953712397255,None,234,1,[2.246012624935247],[2.246017082943581],1,4,16,0,162.14376637490932,,162.1355572079774,162.14376637490932,163.12808095791843,163.12808095791843,163.13417112489697,165.7794754159404,space,2.64953712397255,None,165.78124479099642,165.88015829160966,166.18957708298694,166.17392458289396,166.17577358300332,166.18957708298694,166.18957708298694,166.18957708298694,168.43588462495245,234,1,[2.246012624935247],[2.246017082943581],P1.1,001,2025-11-10_13h18.04.604,Intentional Binding exp,,2025.1.1,119.44737677240607,2025-11-10 13h18.16.770298 +0530,
0.7,1000,exp,17,5,1,space,0.637610915931873,None,908,1,[4.134304375038482],[4.134309042012319],1,5,17,8,168.44450883299578,,168.43610216595698,168.44450883299578,169.43590862490237,169.43590862490237,169.43590862490237,170.07996912498493,space,0.637610915931873,None,170.08139808289707,170.7850102915584,171.08469679090194,171.0736494999146,171.07520420791116,171.08469679090194,171.08469679090194,171.08469679090194,175.21931708289776,908,1,[4.134304375038482],[4.134309042012319],P1.1,001,2025-11-10_13h18.04.604,Intentional Binding exp,,2025.1.1,119.44737677240607,2025-11-10 13h18.16.770298 +0530,
0.4,1000,exp,18,6,1,space,0.3709453740157187,None,987,1,[2.882815249962732],[2.882819375023246],1,6,18,7,175.2272737909807,,175.21960670792032,175.2272737909807,176.21853662491776,176.21853662491776,176.21853662491776,176.59822795796208,space,0.3709453740157187,None,176.59993729100097,177.00162462465622,177.30355174990837,177.29053637490142,177.2921883329982,177.30355174990837,177.30355174990837,177.30355174990837,180.186653832905,987,1,[2.882815249962732],[2.882819375023246],P1.1,001,2025-11-10_13h18.04.604,Intentional Binding exp,,2025.1.1,119.44737677240607,2025-11-10 13h18.16.770298 +0530,
0.4,400,unexp,19,7,1,space,2.047757666092366,None,124,1,[2.8479870000155643],[2.8479917079675943],1,7,19,1,180.19459870795254,,180.18691779091023,180.19459870795254,181.1786207499681,181.1786207499681,181.18565008300357,183.23007233289536,space,2.047757666092366,None,183.23173208290245,183.6345457076716,183.93742329091765,183.9242903329432,183.9260495409835,183.93742329091765,183.93742329091765,183.93742329091765,186.7857284579659,124,1,[2.8479870000155643],[2.8479917079675943],P1.1,001,2025-11-10_13h18.04.604,Intentional Binding exp,,2025.1.1,119.44737677240607,2025-11-10 13h18.16.770298 +0530,
0.7,1000,exp,20,8,1,space,1.5240919570205733,None,638,1,[7.9139280000235885],[7.913932416005991],1,8,20,11,186.79417666594964,,186.78594400000293,186.79417666594964,187.78535812499467,187.78535812499467,187.78535812499467,189.31427095795516,space,1.5240919570205733,None,189.31556412496138,190.01817254157893,190.32245295797475,190.30723545793444,190.30892858293373,190.32245295797475,190.32245295797475,190.32245295797475,198.23668287496548,638,1,[7.9139280000235885],[7.913932416005991],P1.1,001,2025-11-10_13h18.04.604,Intentional Binding exp,,2025.1.1,119.44737677240607,2025-11-10 13h18.16.770298 +0530,
0.1,1000,exp,21,9,1,space,0.8630891659995541,None,675,1,[2.996264542103745],[2.9962693750858307],1,9,21,3,198.24481549998745,,198.23689733294304,198.24481549998745,199.2362109159585,199.2362109159585,199.2362109159585,200.1144576659426,space,0.8630891659995541,None,200.11617937497795,200.2180091245721,200.52350249991287,200.50796449999325,200.50975337496493,200.52350249991287,200.52350249991287,200.52350249991287,203.5200839159079,675,1,[2.996264542103745],[2.9962693750858307],P1.1,001,2025-11-10_13h18.04.604,Intentional Binding exp,,2025.1.1,119.44737677240607,2025-11-10 13h18.16.770298 +0530,
0.7,400,unexp,22,10,1,space,2.031836915994063,None,378,1,[4.514669957919978],[4.514673625002615],1,10,22,2,203.52766366594005,,203.52032608294394,203.52766366594005,204.5193122079363,204.5193122079363,204.5193122079363,206.56437562499195,space,2.031836915994063,None,206.56579604092985,207.26848216663737,207.57211441593245,207.5581869999878,207.55967612494715,207.57211441593245,207.57211441593245,207.57211441593245,212.08707499993034,378,1,[4.514669957919978],[4.514673625002615],P1.1,001,2025-11-10_13h18.04.604,Intentional Binding exp,,2025.1.1,119.44737677240607,2025-11-10 13h18.16.770298 +0530,
0.4,1000,exp,23,11,1,space,0.23861595802009106,None,879,1,[1.8026874579954892],[1.802691041957587],1,11,23,10,212.09447891591117,,212.08729158295318,212.09447891591117,213.07858795800712,213.07858795800712,213.0862999999663,213.3207678749459,space,0.23861595802009106,None,213.3219442080008,213.7279212916658,214.0335635408992,214.0173462498933,214.02085358300246,214.0335635408992,214.0335635408992,214.0335635408992,215.83653716591652,879,1,[1.8026874579954892],[1.802691041957587],P1.1,001,2025-11-10_13h18.04.604,Intentional Binding exp,,2025.1.1,119.44737677240607,2025-11-10 13h18.16.770298 +0530,
0.7,1000,exp,24,0,2,space,0.3056422909721732,None,786,1,[2.0117364580510184],[2.01173979206942],2,0,24,5,215.84446941595525,,215.83675024996046,215.84446941595525,216.84649412496947,216.84649412496947,216.84649412496947,217.15396562498063,space,0.3056422909721732,None,217.1550275409827,217.8632671245762,218.17428549996112,218.15831316600088,218.16011737496592,218.17428549996112,218.17428549996112,218.17428549996112,220.18631749995984,786,1,[2.0117364580510184],[2.01173979206942],P1.1,001,2025-11-10_13h18.04.604,Intentional Binding exp,,2025.1.1,119.44737677240607,2025-11-10 13h18.16.770298 +0530,
0.7,1000,exp,25,1,2,space,0.5030227079987526,None,564,1,[2.081385707948357],[2.0813903330126777],2,1,25,11,220.19414929091,,220.18653099995572,220.19414929091,221.17905433289707,221.17905433289707,221.1863209999865,221.68728729092982,space,0.5030227079987526,None,221.6886854999466,222.38641479163587,222.68885158293415,222.6745570829371,222.6763409159612,222.68885158293415,222.68885158293415,222.68885158293415,224.77052529098,564,1,[2.081385707948357],[2.0813903330126777],P1.1,001,2025-11-10_13h18.04.604,Intentional Binding exp,,2025.1.1,119.44737677240607,2025-11-10 13h18.16.770298 +0530,
0.1,1000,exp,26,2,2,space,0.6448634580010548,None,775,1,[6.21168333303649],[6.21168804098852],2,2,26,6,224.77797954098787,,224.7707407909911,224.77797954098787,225.76222824992146,225.76222824992146,225.77013474993873,226.4316069999477,space,0.6448634580010548,None,226.43353262497112,226.53116470756166,226.8416063329205,226.82508049998432,226.8267009999836,226.8416063329205,226.8416063329205,226.8416063329205,233.0535779579077,775,1,[6.21168333303649],[6.21168804098852],P1.1,001,2025-11-10_13h18.04.604,Intentional Binding exp,,2025.1.1,119.44737677240607,2025-11-10 13h18.16.770298 +0530,
0.1,1000,exp,27,3,2,space,0.4171256240224466,None,908,1,[5.8371823750203475],[5.837185958051123],2,3,27,9,233.0620076250052,,233.05380420794245,233.0620076250052,234.04579358291812,234.04579358291812,234.0517389579909,234.4709280829411,space,0.4171256240224466,None,234.4720889159944,234.57928516663767,234.88231395790353,234.86770304094534,234.86928295798134,234.88231395790353,234.88231395790353,234.88231395790353,240.71975479100365,908,1,[5.8371823750203475],[5.837185958051123],P1.1,001,2025-11-10_13h18.04.604,Intentional Binding exp,,2025.1.1,119.44737677240607,2025-11-10 13h18.16.770298 +0530,
0.4,400,unexp,28,4,2,space,1.9524434579070657,None,267,1,[4.022346290992573],[4.022350999992341],2,4,28,1,240.72872033296153,,240.71998779091518,240.72872033296153,241.71245704090688,241.71245704090688,241.71957383293193,243.67052091599908,space,1.9524434579070657,None,243.6709190409165,244.07929329161223,244.38087595789693,244.36777112493291,244.36934199999087,244.38087595789693,244.38087595789693,244.38087595789693,248.40351616591215,267,1,[4.022346290992573],[4.022350999992341],P1.1,001,2025-11-10_13h18.04.604,Intentional Binding exp,,2025.1.1,119.44737677240607,2025-11-10 13h18.16.770298 +0530,
0.4,1000,exp,29,5,2,space,1.8623292080592364,None,375,1,[2.5827154589351267],[2.582719291909598],2,5,29,4,248.41269091598224,,248.40373841591645,248.41269091598224,249.4134954159381,249.4134954159381,249.4134954159381,251.28096662496682,space,1.8623292080592364,None,251.28228949999902,251.68586891662952,251.98800841590855,251.9745647079544,251.97625279100612,251.98800841590855,251.98800841590855,251.98800841590855,254.57102937495802,375,1,[2.5827154589351267],[2.582719291909598],P1.1,001,2025-11-10_13h18.04.604,Intentional Binding exp,,2025.1.1,119.44737677240607,2025-11-10 13h18.16.770298 +0530,
0.4,1000,exp,30,6,2,space,0.8636290410067886,None,865,1,[2.662244083941914],[2.6622486249543726],2,6,30,10,254.57895399990957,,254.57125562499277,254.57895399990957,255.57016716594808,255.57016716594808,255.57016716594808,256.4381919580046,space,0.8636290410067886,None,256.43961412494536,256.83729433262874,257.1410296249669,257.1254053749144,257.12710304092616,257.1410296249669,257.1410296249669,257.1410296249669,259.8035656659631,865,1,[2.662244083941914],[2.6622486249543726],P1.1,001,2025-11-10_13h18.04.604,Intentional Binding exp,,2025.1.1,119.44737677240607,2025-11-10 13h18.16.770298 +0530,
0.1,1000,exp,31,7,2,space,5.805598458042368,None,904,1,[2.936361499945633],[2.9363656250061467],2,7,31,3,259.81170520791784,,259.8037847909145,259.81170520791784,260.79591941600665,260.79591941600665,260.80346858291887,266.6045364579186,space,5.805598458042368,None,266.60588904097676,266.7129689165779,267.0167673329124,267.0014220409794,267.00325849989895,267.0167673329124,267.0167673329124,267.0167673329124,269.9534241249785,904,1,[2.936361499945633],[2.9363656250061467],P1.1,001,2025-11-10_13h18.04.604,Intentional Binding exp,,2025.1.1,119.44737677240607,2025-11-10 13h18.16.770298 +0530,
0.7,400,unexp,32,8,2,space,0.28403204097412527,None,456,1,[2.786197750014253],[2.786201292066835],2,8,32,2,269.9624752079835,,269.95363349991385,269.9624752079835,270.94624612492044,270.94624612492044,270.9538440409815,271.2379422499798,space,0.28403204097412527,None,271.23930729099084,271.9462929166077,272.25050149997696,272.2346877909731,272.2364041249966,272.25050149997696,272.25050149997696,272.25050149997696,275.0369950409513,456,1,[2.786197750014253],[2.786201292066835],P1.1,001,2025-11-10_13h18.04.604,Intentional Binding exp,,2025.1.1,119.44737677240607,2025-11-10 13h18.16.770298 +0530,
0.1,400,unexp,33,9,2,space,2.3728864579461515,None,176,1,[3.7231469999533147],[3.7231514159357175],2,9,33,0,275.04586883296724,,275.03722120798193,275.04586883296724,276.02946904092096,276.02946904092096,276.0365912079578,278.40470216597896,space,2.3728864579461515,None,278.40599399991333,278.5128516666048,278.81552491593175,278.801515540923,278.8033499158919,278.81552491593175,278.81552491593175,278.81552491593175,282.5389766249573,176,1,[3.7231469999533147],[3.7231514159357175],P1.1,001,2025-11-10_13h18.04.604,Intentional Binding exp,,2025.1.1,119.44737677240607,2025-11-10 13h18.16.770298 +0530,
0.4,1000,exp,34,10,2,space,2.060242291074246,None,915,1,[7.841503249946982],[7.84150724997744],2,10,34,7,282.56301333289593,,282.53918912494555,282.56301333289593,283.536939832964,283.536939832964,283.5532954999944,285.6050122079905,space,2.060242291074246,None,285.6061474579619,286.0132201245908,286.32893995789345,286.3142069999594,286.3154449999565,286.32893995789345,286.32893995789345,286.32893995789345,294.1707399159204,915,1,[7.841503249946982],[7.84150724997744],P1.1,001,2025-11-10_13h18.04.604,Intentional Binding exp,,2025.1.1,119.44737677240607,2025-11-10 13h18.16.770298 +0530,
0.7,1000,exp,35,11,2,space,1.4079874579329044,None,936,1,[2.596894041984342],[2.5968980420148],2,11,35,8,294.17941195797175,,294.17094933299813,294.17941195797175,295.1632012909977,295.1632012909977,295.1704757909756,296.58164179092273,space,1.4079874579329044,None,296.5830562079791,297.28634399961834,297.5908126659924,297.575381499948,297.5776021250058,297.5908126659924,297.5908126659924,297.5908126659924,300.1879972500028,936,1,[2.596894041984342],[2.5968980420148],P1.1,001,2025-11-10_13h18.04.604,Intentional Binding exp,,2025.1.1,119.44737677240607,2025-11-10 13h18.16.770298 +0530,
0.1,400,unexp,36,0,3,space,0.29126354097388685,None,476,1,[6.33192704198882],[6.3319316250272095],3,0,36,0,300.1961691249162,,300.18822545791045,300.1961691249162,301.1798435829114,301.1798435829114,301.1871034579817,301.48125174990855,space,0.29126354097388685,None,301.48255187494215,301.5865238746085,301.8893860829994,301.87540266592987,301.87723958294373,301.8893860829994,301.8893860829994,301.8893860829994,308.2216065409593,476,1,[6.33192704198882],[6.3319316250272095],P1.1,001,2025-11-10_13h18.04.604,Intentional Binding exp,,2025.1.1,119.44737677240607,2025-11-10 13h18.16.770298 +0530,
0.4,1000,exp,37,1,3,space,0.4018542490666732,None,753,1,[5.056440207990818],[5.056444750051014],3,1,37,4,308.22901179094333,,308.2218236658955,308.22901179094333,309.21318629093,309.21318629093,309.2198572079651,309.6212207078934,space,0.4018542490666732,None,309.62234883289784,310.0300147076525,310.3319219578989,310.3186767499428,310.32047741592396,310.3319219578989,310.3319219578989,310.3319219578989,315.3886782079935,753,1,[5.056440207990818],[5.056444750051014],P1.1,001,2025-11-10_13h18.04.604,Intentional Binding exp,,2025.1.1,119.44737677240607,2025-11-10 13h18.16.770298 +0530,
0.1,1000,exp,38,2,3,space,0.9101758750621229,None,693,1,[3.136911791982129],[3.13691550004296],3,2,38,3,315.3963683749316,,315.38888416590635,315.3963683749316,316.38771004090086,316.38771004090086,316.38771004090086,317.305358915939,space,0.9101758750621229,None,317.30658824997954,317.4142762076265,317.71788991591893,317.7035324999597,317.70593008294236,317.71788991591893,317.71788991591893,317.71788991591893,320.85509787499905,693,1,[3.136911791982129],[3.13691550004296],P1.1,001,2025-11-10_13h18.04.604,Intentional Binding exp,,2025.1.1,119.44737677240607,2025-11-10 13h18.16.770298 +0530,
0.1,1000,exp,39,3,3,space,0.6866590830031782,None,596,1,[3.4535190000897273],[3.4535223750863224],3,3,39,6,320.8625483328942,,320.8553069999907,320.8625483328942,321.8472154159099,321.8472154159099,321.85370541596785,322.5389462909661,space,0.6866590830031782,None,322.5402780409204,322.6469221246118,322.95059745793696,322.93562516593374,322.937444040901,322.95059745793696,322.95059745793696,322.95059745793696,326.40439174999483,596,1,[3.4535190000897273],[3.4535223750863224],P1.1,001,2025-11-10_13h18.04.604,Intentional Binding exp,,2025.1.1,119.44737677240607,2025-11-10 13h18.16.770298 +0530,
0.7,400,unexp,40,4,3,space,2.617706208024174,None,385,1,[4.264080957975239],[4.264084708062001],3,4,40,2,326.4126530829817,,326.4046105829766,326.4126530829817,327.39722049993,327.39722049993,327.41392812493723,330.0326740409946,space,2.617706208024174,None,330.0340644159587,330.7373187496016,331.0410676659085,331.02582224993967,331.02758354099933,331.0410676659085,331.0410676659085,331.0410676659085,335.30543258297257,385,1,[4.264080957975239],[4.264084708062001],P1.1,001,2025-11-10_13h18.04.604,Intentional Binding exp,,2025.1.1,119.44737677240607,2025-11-10 13h18.16.770298 +0530,
0.4,400,unexp,41,5,3,space,2.398836749023758,None,278,1,[2.4472051670309156],[2.447209542035125],3,5,41,1,335.3125912909163,,335.3056624159217,335.3125912909163,336.2970111249015,336.2970111249015,336.30409904092085,338.6984114579391,space,2.398836749023758,None,338.69987120793667,339.1037959575808,339.4076294580009,339.392572374898,339.3943824999733,339.4076294580009,339.4076294580009,339.4076294580009,341.855133999954,278,1,[2.4472051670309156],[2.447209542035125],P1.1,001,2025-11-10_13h18.04.604,Intentional Binding exp,,2025.1.1,119.44737677240607,2025-11-10 13h18.16.770298 +0530,
0.4,1000,exp,42,6,3,space,1.1946352910017595,None,920,1,[4.352606458007358],[4.352610250003636],3,6,42,7,341.8632904998958,,341.85534970799927,341.8632904998958,342.846124707954,342.846124707954,342.8547657079762,344.0654749579262,space,1.1946352910017595,None,344.0668210409349,344.471092166674,344.78534599998966,344.77043149992824,344.77246812498197,344.78534599998966,344.78534599998966,344.78534599998966,349.13823529100046,920,1,[4.352606458007358],[4.352610250003636],P1.1,001,2025-11-10_13h18.04.604,Intentional Binding exp,,2025.1.1,119.44737677240607,2025-11-10 13h18.16.770298 +0530,
0.7,1000,exp,43,7,3,space,2.476137415971607,None,900,1,[15.966919792001136],[15.966923874919303],3,7,43,8,349.14724616589956,,349.13844683300704,349.14724616589956,350.1375367079163,350.1375367079163,350.1375367079163,352.6153369579697,space,2.476137415971607,None,352.61671216599643,353.315036374672,353.6211310409708,353.60390633298084,353.6062489999458,353.6211310409708,353.6211310409708,353.6211310409708,369.58831766596995,900,1,[15.966919792001136],[15.966923874919303],P1.1,001,2025-11-10_13h18.04.604,Intentional Binding exp,,2025.1.1,119.44737677240607,2025-11-10 13h18.16.770298 +0530,
0.7,1000,exp,44,8,3,space,1.15021012397483,None,985,1,[7.3357712919823825],[7.335776207968593],3,8,44,11,369.59641449991614,,369.58846491598524,369.59641449991614,370.5807109999005,370.5807109999005,370.58681916596834,371.7395714579616,space,1.15021012397483,None,371.7406783750048,372.4485737495745,372.75300283299293,372.73738929093815,372.7397806249792,372.75300283299293,372.75300283299293,372.75300283299293,380.08907845790964,985,1,[7.3357712919823825],[7.335776207968593],P1.1,001,2025-11-10_13h18.04.604,Intentional Binding exp,,2025.1.1,119.44737677240607,2025-11-10 13h18.16.770298 +0530,
0.7,1000,exp,45,9,3,space,2.549948749016039,None,487,1,[11.204516958096065],[11.204521458013915],3,9,45,5,380.0970554999076,,380.0892894999124,380.0970554999076,381.0875322499778,381.0875322499778,381.0875322499778,383.6392826659139,space,2.549948749016039,None,383.64087141596247,384.34840366657977,384.6508475409355,384.6365161659196,384.6384341659723,384.6508475409355,384.6508475409355,384.6508475409355,395.8556608329527,487,1,[11.204516958096065],[11.204521458013915],P1.1,001,2025-11-10_13h18.04.604,Intentional Binding exp,,2025.1.1,119.44737677240607,2025-11-10 13h18.16.770298 +0530,
0.4,1000,exp,46,10,3,space,6.405445207026787,None,863,1,[6.539944750024006],[6.539954875013791],3,10,46,10,395.8634525409434,,395.8558882079087,395.8634525409434,396.84769337496255,396.84769337496255,396.8549601659179,403.2566623329185,space,6.405445207026787,None,403.25739604094997,403.66462412459464,403.9687896659598,403.95322195789777,403.95503762492444,403.9687896659598,403.9687896659598,403.9687896659598,410.50906329089776,863,1,[6.539944750024006],[6.539954875013791],P1.1,001,2025-11-10_13h18.04.604,Intentional Binding exp,,2025.1.1,119.44737677240607,2025-11-10 13h18.16.770298 +0530,
0.1,1000,exp,47,11,3,space,1.030352249974385,None,091,1,[23.25578362494707],[23.255787541973405],3,11,47,9,410.5169724159641,,410.509221999906,410.5169724159641,411.50530349998735,411.50530349998735,411.51449479092844,412.54003874992486,space,1.030352249974385,None,412.54171924991533,412.6477677915866,412.9505644158926,412.9364114579512,412.93824454094283,412.9505644158926,412.9505644158926,412.9505644158926,436.20663433289155,091,1,[23.25578362494707],[23.255787541973405],P1.1,001,2025-11-10_13h18.04.604,Intentional Binding exp,,2025.1.1,119.44737677240607,2025-11-10 13h18.16.770298 +0530,
0.4,1000,exp,48,0,4,space,5.910335083026439,None,127,1,[5.897443791036494],[5.897448000032455],4,0,48,4,436.214410415967,,436.2068525829818,436.214410415967,437.20554558292497,437.20554558292497,437.20554558292497,443.13404070795514,space,5.910335083026439,None,443.13577374990564,443.5392567075944,443.8412912499625,443.8274751659483,443.82926249993034,443.8412912499625,443.8412912499625,443.8412912499625,449.73905916593503,127,1,[5.897443791036494],[5.897448000032455],P1.1,001,2025-11-10_13h18.04.604,Intentional Binding exp,,2025.1.1,119.44737677240607,2025-11-10 13h18.16.770298 +0530,
0.7,400,unexp,49,1,4,space,4.178616249933839,None,984,1,[8.403577207936905],[8.40358183288481],4,1,49,2,449.74809024995193,,449.7392353749601,449.74809024995193,450.7389422910055,450.7389422910055,450.7389422910055,454.92337895790115,space,4.178616249933839,None,454.9244934999151,455.6321737915898,455.93611145799514,455.92157812498044,455.923848999897,455.93611145799514,455.93611145799514,455.93611145799514,464.3399896249175,984,1,[8.403577207936905],[8.40358183288481],P1.1,001,2025-11-10_13h18.04.604,Intentional Binding exp,,2025.1.1,119.44737677240607,2025-11-10 13h18.16.770298 +0530,
0.1,1000,exp,50,2,4,space,0.753578707925044,None,789,1,[26.281522874953225],[26.281527041923255],4,2,50,6,464.3474785409635,,464.34021558298264,464.3474785409635,465.33880495792255,465.33880495792255,465.33880495792255,466.09972008294426,space,0.753578707925044,None,466.10027604096103,466.2050462075897,466.50763079093304,466.4939817499835,466.49570916593075,466.50763079093304,466.50763079093304,466.50763079093304,492.78944712493103,789,1,[26.281522874953225],[26.281527041923255],P1.1,001,2025-11-10_13h18.04.604,Intentional Binding exp,,2025.1.1,119.44737677240607,2025-11-10 13h18.16.770298 +0530,
0.7,1000,exp,51,3,4,space,0.29895733296871185,None,156,1,[5.0538200000301],[5.053824207978323],4,3,51,11,492.7976852909196,,492.78967687499244,492.7976852909196,493.789137499989,493.789137499989,493.789137499989,494.0909565829206,space,0.29895733296871185,None,494.0926664159633,494.79895904165846,495.10227437491994,495.0878606250044,495.08981437492184,495.10227437491994,495.10227437491994,495.10227437491994,500.1563805829501,156,1,[5.0538200000301],[5.053824207978323],P1.1,001,2025-11-10_13h18.04.604,Intentional Binding exp,,2025.1.1,119.44737677240607,2025-11-10 13h18.16.770298 +0530,
0.4,1000,exp,52,4,4,space,13.948652999009937,None,234,1,[24.76256529102102],[24.762570332968608],4,4,52,7,500.1650040409295,,500.15660429093987,500.1650040409295,501.1488527499605,501.1488527499605,501.1561186249601,515.1003179579275,space,13.948652999009937,None,515.1016896249494,515.5166431666041,515.8270244159503,515.8118713749573,515.8137777498923,515.8270244159503,515.8270244159503,515.8270244159503,540.5899121249095,234,1,[24.76256529102102],[24.762570332968608],P1.1,001,2025-11-10_13h18.04.604,Intentional Binding exp,,2025.1.1,119.44737677240607,2025-11-10 13h18.16.770298 +0530,
0.7,1000,exp,53,5,4,space,0.7096984579693526,None,143,1,[7.464770583086647],[7.464775291038677],4,5,53,8,540.5981900829356,,540.5901234159246,540.5981900829356,541.5824680828955,541.5824680828955,541.5885525828926,542.3004460409284,space,0.7096984579693526,None,542.3013692079112,543.0062471245803,543.3084194998955,543.2953135829885,543.2968792499742,543.3084194998955,543.3084194998955,543.3084194998955,550.7735309159616,143,1,[7.464770583086647],[7.464775291038677],P1.1,001,2025-11-10_13h18.04.604,Intentional Binding exp,,2025.1.1,119.44737677240607,2025-11-10 13h18.16.770298 +0530,
0.4,400,unexp,54,6,4,space,0.503713874029927,None,154,1,[15.562778583960608],[15.562783124973066],4,6,54,1,550.7821898330003,,550.7737264159368,550.7821898330003,551.7833933749935,551.7833933749935,551.7833933749935,552.3019533329643,space,0.503713874029927,None,552.303582582972,552.7060292496501,553.0103197909193,552.9949432079447,552.9970237079542,553.0103197909193,553.0103197909193,553.0103197909193,568.5734195829136,154,1,[15.562778583960608],[15.562783124973066],P1.1,001,2025-11-10_13h18.04.604,Intentional Binding exp,,2025.1.1,119.44737677240607,2025-11-10 13h18.16.770298 +0530,
0.4,1000,exp,55,7,4,space,6.7004944160580635,None,346,1,[2.8809967499691993],[2.8810003750259057],4,7,55,10,568.5824268329889,,568.5736258749384,568.5824268329889,569.5660269999644,569.5660269999644,569.5732392079663,576.2695820409572,space,6.7004944160580635,None,576.2713562499266,576.6729256245928,576.9765756248962,576.962066374952,576.9639319999842,576.9765756248962,576.9765756248962,576.9765756248962,579.8578309159493,346,1,[2.8809967499691993],[2.8810003750259057],P1.1,001,2025-11-10_13h18.04.604,Intentional Binding exp,,2025.1.1,119.44737677240607,2025-11-10 13h18.16.770298 +0530,
0.7,1000,exp,56,8,4,space,0.35592604090925306,None,78,1,[5.971760375075974],[5.971763957990333],4,8,56,5,579.8651770409197,,579.8579727909528,579.8651770409197,580.8493857498979,580.8493857498979,580.856712082983,581.2086109579541,space,0.35592604090925306,None,581.2098451659549,581.9334135825668,582.2353532909183,582.2217296249,582.2233382499544,582.2353532909183,582.2353532909183,582.2353532909183,588.2074100829195,78,1,[5.971760375075974],[5.971763957990333],P1.1,001,2025-11-10_13h18.04.604,Intentional Binding exp,,2025.1.1,119.44737677240607,2025-11-10 13h18.16.770298 +0530,
0.1,400,unexp,57,9,4,space,4.5077552910661325,None,413,1,[39.952714542043395],[39.95271925011184],4,9,57,0,588.2153067908948,,588.2076193749672,588.2153067908948,589.217119165929,589.217119165929,589.217119165929,593.7345215829555,space,4.5077552910661325,None,593.7361006248975,593.8404888746484,594.1549519998953,594.1393442909466,594.1412124159979,594.1549519998953,594.1549519998953,594.1549519998953,634.107957207947,413,1,[39.952714542043395],[39.95271925011184],P1.1,001,2025-11-10_13h18.04.604,Intentional Binding exp,,2025.1.1,119.44737677240607,2025-11-10 13h18.16.770298 +0530,
0.1,1000,exp,58,10,4,space,0.6450777070131153,None,451,1,[24.513446750002913],[24.51345195900649],4,10,58,3,634.1156522909878,,634.1081620409386,634.1156522909878,635.0998739158968,635.0998739158968,635.1073730000062,635.7517412079033,space,0.6450777070131153,None,635.7525960829807,635.8580893746732,636.1612407909706,636.1462647909066,636.1479187909281,636.1612407909706,636.1612407909706,636.1612407909706,660.6749889999628,451,1,[24.513446750002913],[24.51345195900649],P1.1,001,2025-11-10_13h18.04.604,Intentional Binding exp,,2025.1.1,119.44737677240607,2025-11-10 13h18.16.770298 +0530,
0.1,1000,exp,59,11,4,space,2.1273411660222337,None,012,1,[3.848720666952431],[3.848725249990821],4,11,59,9,660.682660582941,,660.6752077079145,660.682660582941,661.6667724580038,661.6667724580038,661.6739889159799,663.8030393749941,space,2.1273411660222337,None,663.8046191249741,663.907251041561,664.2092981250025,664.1953285000054,664.197086332948,664.2092981250025,664.2092981250025,664.2092981250025,668.0583087909035,012,1,[3.848720666952431],[3.848725249990821],P1.1,001,2025-11-10_13h18.04.604,Intentional Binding exp,,2025.1.1,119.44737677240607,2025-11-10 13h18.16.770298 +0530,
0.1,1000,exp,60,0,5,space,1.0795742069603875,None,342,1,[2.652589709032327],[2.652593499980867],5,0,60,3,668.0660999999382,,668.0585329579189,668.0660999999382,669.0503187499708,669.0503187499708,669.0575497909449,670.1350798750063,space,1.0795742069603875,None,670.1362406249391,670.2405929576528,670.555128499982,670.5398529999657,670.541391207953,670.555128499982,670.555128499982,670.555128499982,673.2080087909708,342,1,[2.652589709032327],[2.652593499980867],P1.1,001,2025-11-10_13h18.04.604,Intentional Binding exp,,2025.1.1,119.44737677240607,2025-11-10 13h18.16.770298 +0530,
0.7,1000,exp,61,1,5,space,1.876656333100982,None,241,1,[4.079958791960962],[4.079962249961682],5,1,61,5,673.2160042909672,,673.2082387499977,673.2160042909672,674.200236374978,674.200236374978,674.2073012909386,676.0850139159011,space,1.876656333100982,None,676.0861857909476,676.7902083745614,677.0948732499965,677.0795900829835,677.0814870409667,677.0948732499965,677.0948732499965,677.0948732499965,681.1751222909661,241,1,[4.079958791960962],[4.079962249961682],P1.1,001,2025-11-10_13h18.04.604,Intentional Binding exp,,2025.1.1,119.44737677240607,2025-11-10 13h18.16.770298 +0530,
0.1,400,unexp,62,2,5,space,217.57115991599858,None,756,1,[7.336647209012881],[7.336652458994649],5,2,62,0,681.1827262080042,,681.1753418749431,681.1827262080042,682.1746179999318,682.1746179999318,682.1746179999318,899.7557716659503,space,217.57115991599858,None,899.7562412909465,899.8597985415875,900.1745234159753,900.1596119159367,900.1615063329227,900.1745234159753,900.1745234159753,900.1745234159753,907.511464415933,756,1,[7.336647209012881],[7.336652458994649],P1.1,001,2025-11-10_13h18.04.604,Intentional Binding exp,,2025.1.1,119.44737677240607,2025-11-10 13h18.16.770298 +0530,
0.1,1000,exp,63,3,5,space,1.7712732490617782,None,254,1,[10.362631708965637],[10.362636292004026],5,3,63,6,907.5195174999535,,907.5116962909233,907.5195174999535,908.5109731249977,908.5109731249977,908.5109731249977,910.2882921249839,space,1.7712732490617782,None,910.2896332909586,910.3938622496246,910.6981636659475,910.6825919579715,910.6843281249749,910.6981636659475,910.6981636659475,910.6981636659475,921.0610814159736,254,1,[10.362631708965637],[10.362636292004026],P1.1,001,2025-11-10_13h18.04.604,Intentional Binding exp,,2025.1.1,119.44737677240607,2025-11-10 13h18.16.770298 +0530,
0.7,400,unexp,64,4,5,space,0.6680202489951625,None,957,1,[4.373359707999043],[4.3733633330557495],5,4,64,2,921.069201999926,,921.0612958749989,921.069201999926,922.0534512909362,922.0534512909362,922.0605410829885,922.7287031249143,space,0.6680202489951625,None,922.7296972909244,923.4369919576604,923.7382678749273,923.725953499903,923.7278742078925,923.7382678749273,923.7382678749273,923.7382678749273,928.1119330829242,957,1,[4.373359707999043],[4.3733633330557495],P1.1,001,2025-11-10_13h18.04.604,Intentional Binding exp,,2025.1.1,119.44737677240607,2025-11-10 13h18.16.770298 +0530,
0.1,1000,exp,65,5,5,space,0.47499608306679875,None,346,1,[7.280649417079985],[7.280653499998152],5,5,65,9,928.119424332981,,928.112147165928,928.119424332981,929.1105472499039,929.1105472499039,929.1105472499039,929.5883521659998,space,0.47499608306679875,None,929.589753374923,929.6882951666523,929.9977053329349,929.9825323330006,929.9847901249304,929.9977053329349,929.9977053329349,929.9977053329349,937.2786594999488,346,1,[7.280649417079985],[7.280653499998152],P1.1,001,2025-11-10_13h18.04.604,Intentional Binding exp,,2025.1.1,119.44737677240607,2025-11-10 13h18.16.770298 +0530,
0.4,400,unexp,66,6,5,space,7.201295958016999,None,478,1,[21.31306025001686],[21.313064375077374],5,6,66,1,937.2860994579969,,937.2788723330013,937.2860994579969,938.2780552909244,938.2780552909244,938.2780552909244,945.4881099159829,space,7.201295958016999,None,945.4892781249946,945.8944028745793,946.198644499993,946.1832949999953,946.185008832952,946.198644499993,946.198644499993,946.198644499993,967.5119914159877,478,1,[21.31306025001686],[21.313064375077374],P1.1,001,2025-11-10_13h18.04.604,Intentional Binding exp,,2025.1.1,119.44737677240607,2025-11-10 13h18.16.770298 +0530,
0.4,1000,exp,67,7,5,space,2.9529431250412017,None,165,1,[5.638656583032571],[5.638660917058587],5,7,67,10,967.5203650828917,,967.5121995409718,967.5203650828917,968.511313707917,968.511313707917,968.511313707917,971.471645582933,space,2.9529431250412017,None,971.4720074998913,971.8708579166016,972.1728317498928,972.1597826658981,972.1616147079039,972.1728317498928,972.1728317498928,972.1728317498928,977.8117809159448,165,1,[5.638656583032571],[5.638660917058587],P1.1,001,2025-11-10_13h18.04.604,Intentional Binding exp,,2025.1.1,119.44737677240607,2025-11-10 13h18.16.770298 +0530,
0.7,1000,exp,68,8,5,space,8.462336916010827,None,213,1,[5.066350292065181],[5.066355457995087],5,8,68,11,977.8205154159805,,977.8119889579248,977.8205154159805,978.811442624894,978.811442624894,978.811442624894,987.2901021660073,space,8.462336916010827,None,987.2914090409176,987.9942578325902,988.296058540931,988.28301908297,988.2847556249471,988.296058540931,988.296058540931,988.296058540931,993.3626983329887,213,1,[5.066350292065181],[5.066355457995087],P1.1,001,2025-11-10_13h18.04.604,Intentional Binding exp,,2025.1.1,119.44737677240607,2025-11-10 13h18.16.770298 +0530,
0.4,1000,exp,69,9,5,space,8.244388916064054,None,187,1,[3.2864572500111535],[3.2864612920675427],5,9,69,4,993.3701439579017,,993.3629099999089,993.3701439579017,994.3607966660056,994.3607966660056,994.3607966660056,1002.6135059159715,space,8.244388916064054,None,1002.6147224159213,1003.0212567495803,1003.3258898329223,1003.3109609578969,1003.3130115829408,1003.3258898329223,1003.3258898329223,1003.3258898329223,1006.6126333749853,187,1,[3.2864572500111535],[3.2864612920675427],P1.1,001,2025-11-10_13h18.04.604,Intentional Binding exp,,2025.1.1,119.44737677240607,2025-11-10 13h18.16.770298 +0530,
0.7,1000,exp,70,10,5,space,1.0192147499183193,None,164,1,[39.121460833004676],[39.121465874952264],5,10,70,8,1006.6203004579293,,1006.6128433329286,1006.6203004579293,1007.6118553749984,1007.6118553749984,1007.6118553749984,1008.63915145793,space,1.0192147499183193,None,1008.6395407079253,1009.3387093746026,1009.6408634999534,1009.6266199999955,1009.6283817499643,1009.6408634999534,1009.6408634999534,1009.6408634999534,1048.7626359160058,164,1,[39.121460833004676],[39.121465874952264],P1.1,001,2025-11-10_13h18.04.604,Intentional Binding exp,,2025.1.1,119.44737677240607,2025-11-10 13h18.16.770298 +0530,
0.4,1000,exp,71,11,5,space,0.7918262489838526,None,178,1,[15.451572541962378],[15.451577416970395],5,11,71,7,1048.7714247499825,,1048.762845832971,1048.7714247499825,1049.7551493749488,1049.7551493749488,1049.7623710829066,1050.557706499938,space,0.7918262489838526,None,1050.559178040945,1050.9727639996602,1051.278065915918,1051.262287999969,1051.264592749998,1051.278065915918,1051.278065915918,1051.278065915918,1066.72995541594,178,1,[15.451572541962378],[15.451577416970395],P1.1,001,2025-11-10_13h18.04.604,Intentional Binding exp,,2025.1.1,119.44737677240607,2025-11-10 13h18.16.770298 +0530,
0.7,400,unexp,72,0,6,space,0.8024015409173444,None,536,1,[16.686565124895424],[16.68656999990344],6,0,72,2,1066.7382692910032,,1066.7301676250063,1066.7382692910032,1067.7220508749597,1067.7220508749597,1067.7302613329375,1068.531523332931,space,0.8024015409173444,None,1068.5332236249233,1069.2387298746655,1069.5434026659932,1069.527821665979,1069.5299182499293,1069.5434026659932,1069.5434026659932,1069.5434026659932,1086.230266041006,536,1,[16.686565124895424],[16.68656999990344],P1.1,001,2025-11-10_13h18.04.604,Intentional Binding exp,,2025.1.1,119.44737677240607,2025-11-10 13h18.16.770298 +0530,
0.4,1000,exp,73,1,6,space,3.326510541024618,None,031,1,[6.863881208002567],[6.863885249942541],6,1,73,7,1086.2379585409071,,1086.2304873329122,1086.2379585409071,1087.239902665955,1087.239902665955,1087.239902665955,1090.5908439999912,space,3.326510541024618,None,1090.592198915896,1090.99563437462,1091.2996829159092,1091.2848374999594,1091.2870211659465,1091.2996829159092,1091.2996829159092,1091.2996829159092,1098.1638406249695,031,1,[6.863881208002567],[6.863885249942541],P1.1,001,2025-11-10_13h18.04.604,Intentional Binding exp,,2025.1.1,119.44737677240607,2025-11-10 13h18.16.770298 +0530,
0.1,1000,exp,74,2,6,space,0.7682497489731759,None,422,1,[6.482936542015523],[6.48294083296787],6,2,74,9,1098.1715132499812,,1098.1640540409135,1098.1715132499812,1099.1556341249961,1099.1556341249961,1099.1628442909569,1099.9308323329315,space,0.7682497489731759,None,1099.9316835829522,1100.039082874606,1100.3464924159925,1100.329027040978,1100.3315273328917,1100.3464924159925,1100.3464924159925,1100.3464924159925,1106.8297106659738,422,1,[6.482936542015523],[6.48294083296787],P1.1,001,2025-11-10_13h18.04.604,Intentional Binding exp,,2025.1.1,119.44737677240607,2025-11-10 13h18.16.770298 +0530,
0.7,1000,exp,75,3,6,space,3.8179069160250947,None,125,1,[11.847913542063907],[11.847918250015937],6,3,75,8,1106.8388055409305,,1106.8299136660062,1106.8388055409305,1107.822518415982,1107.822518415982,1107.8302050409839,1111.6484631249914,space,3.8179069160250947,None,1111.6489530829713,1112.3570929576565,1112.6658150829608,1112.6516475409735,1112.653426749981,1112.6658150829608,1112.6658150829608,1112.6658150829608,1124.5140324159293,125,1,[11.847913542063907],[11.847918250015937],P1.1,001,2025-11-10_13h18.04.604,Intentional Binding exp,,2025.1.1,119.44737677240607,2025-11-10 13h18.16.770298 +0530,
0.7,1000,exp,76,4,6,space,1.991164457052946,None,045,1,[10.931950208963826],[10.931955209001899],6,4,76,11,1124.5218419579323,,1124.5142406249652,1124.5218419579323,1125.5060977078974,1125.5060977078974,1125.513598374906,1127.5076375409262,space,1.991164457052946,None,1127.5088172079995,1128.2127186245673,1128.515287874965,1128.5016470829723,1128.5033700409112,1128.515287874965,1128.515287874965,1128.515287874965,1139.4475319999037,045,1,[10.931950208963826],[10.931955209001899],P1.1,001,2025-11-10_13h18.04.604,Intentional Binding exp,,2025.1.1,119.44737677240607,2025-11-10 13h18.16.770298 +0530,
0.4,400,unexp,77,5,6,space,1.0808803740656003,None,965,1,[3.480413542012684],[3.4804174170130864],6,5,77,1,1139.4552352909232,,1139.4477418749593,1139.4552352909232,1140.4395170409698,1140.4395170409698,1140.4475701659685,1141.524527499918,space,1.0808803740656003,None,1141.5260223749792,1141.929520874579,1142.2330614998937,1142.2189525829162,1142.2209127079695,1142.2330614998937,1142.2330614998937,1142.2330614998937,1145.7137722079642,965,1,[3.480413542012684],[3.4804174170130864],P1.1,001,2025-11-10_13h18.04.604,Intentional Binding exp,,2025.1.1,119.44737677240607,2025-11-10 13h18.16.770298 +0530,
0.1,1000,exp,78,6,6,space,1.8207637910963967,None,43,1,[3.4387037500273436],[3.4387075839331374],6,6,78,6,1145.722684374894,,1145.7139905409422,1145.722684374894,1146.706599749974,1146.706599749974,1146.713663582923,1148.5316029159585,space,1.8207637910963967,None,1148.5327169579687,1148.6403098746125,1148.9421752499184,1148.9281716248952,1148.9298803329002,1148.9421752499184,1148.9421752499184,1148.9421752499184,1152.3811609159457,43,1,[3.4387037500273436],[3.4387075839331374],P1.1,001,2025-11-10_13h18.04.604,Intentional Binding exp,,2025.1.1,119.44737677240607,2025-11-10 13h18.16.770298 +0530,
0.4,1000,exp,79,7,6,space,1.2979926239931956,None,997,1,[7.652785915997811],[7.652790040941909],6,7,79,4,1152.3887404159177,,1152.3813749579713,1152.3887404159177,1153.3791647079634,1153.3791647079634,1153.3791647079634,1154.6820364579326,space,1.2979926239931956,None,1154.6833984999685,1155.0896345416006,1155.3940709999297,1155.3784184579272,1155.3805635829922,1155.3940709999297,1155.3940709999297,1155.3940709999297,1163.0471534159733,997,1,[7.652785915997811],[7.652790040941909],P1.1,001,2025-11-10_13h18.04.604,Intentional Binding exp,,2025.1.1,119.44737677240607,2025-11-10 13h18.16.770298 +0530,
0.1,400,unexp,80,8,6,space,22.337019874947146,None,976,1,[40.56339541694615],[40.56340049998835],6,8,80,0,1163.0554689159617,,1163.0473639999982,1163.0554689159617,1164.0463187909918,1164.0463187909918,1164.0463187909918,1186.4091072499286,space,22.337019874947146,None,1186.4110154999653,1186.5131509996174,1186.8177354579093,1186.8028467909899,1186.8050205409527,1186.8177354579093,1186.8177354579093,1186.8177354579093,1227.3814328329172,976,1,[40.56339541694615],[40.56340049998835],P1.1,001,2025-11-10_13h18.04.604,Intentional Binding exp,,2025.1.1,119.44737677240607,2025-11-10 13h18.16.770298 +0530,
0.4,1000,exp,81,9,6,space,1.1246995829278603,None,0,1,[5.316395708010532],[5.316400208044797],6,9,81,10,1227.390554624959,,1227.381698415964,1227.390554624959,1228.3803355830023,1228.3803355830023,1228.3803355830023,1229.5089684579289,space,1.1246995829278603,None,1229.5103671249235,1229.9140670416566,1230.2150549999205,1230.202608665917,1230.204501290922,1230.2150549999205,1230.2150549999205,1230.2150549999205,1235.531741749961,0,1,[5.316395708010532],[5.316400208044797],P1.1,001,2025-11-10_13h18.04.604,Intentional Binding exp,,2025.1.1,119.44737677240607,2025-11-10 13h18.16.770298 +0530,
0.7,1000,exp,82,10,6,space,2.911763665964827,None,21,1,[9.438412709045224],[9.438416291959584],6,10,82,5,1235.5397559578996,,1235.531950415927,1235.5397559578996,1236.5311498329975,1236.5311498329975,1236.5311498329975,1239.4494472499937,space,2.911763665964827,None,1239.450622415985,1240.1574220415825,1240.4602462908952,1240.446162374923,1240.4479520829627,1240.4602462908952,1240.4602462908952,1240.4602462908952,1249.8989472079556,21,1,[9.438412709045224],[9.438416291959584],P1.1,001,2025-11-10_13h18.04.604,Intentional Binding exp,,2025.1.1,119.44737677240607,2025-11-10 13h18.16.770298 +0530,
0.1,1000,exp,83,11,6,space,2.3240801240317523,None,387,1,[15.416137250023894],[15.416140959016047],6,11,83,3,1249.9064953329507,,1249.8991990829818,1249.9064953329507,1250.897769415984,1250.897769415984,1250.897769415984,1253.2258825829485,space,2.3240801240317523,None,1253.2271561248926,1253.3309124996342,1253.6320933329407,1253.6196173329372,1253.621444624965,1253.6320933329407,1253.6320933329407,1253.6320933329407,1269.0485193749191,387,1,[15.416137250023894],[15.416140959016047],P1.1,001,2025-11-10_13h18.04.604,Intentional Binding exp,,2025.1.1,119.44737677240607,2025-11-10 13h18.16.770298 +0530,
0.4,400,unexp,84,0,7,space,1.0262678749859333,None,809,1,[3.7649873750051484],[3.7649912500055507],7,0,84,1,1269.0563901249552,,1269.0487325409194,1269.0563901249552,1270.040918707964,1270.040918707964,1270.0476373749552,1271.0760202499805,space,1.0262678749859333,None,1271.0773406659719,1271.4811143746522,1271.7840806659078,1271.7708791249897,1271.7726062498987,1271.7840806659078,1271.7840806659078,1271.7840806659078,1275.549390540924,809,1,[3.7649873750051484],[3.7649912500055507],P1.1,001,2025-11-10_13h18.04.604,Intentional Binding exp,,2025.1.1,119.44737677240607,2025-11-10 13h18.16.770298 +0530,
0.1,1000,exp,85,1,7,space,1.2675439160084352,None,423,1,[9.063096500001848],[9.063101000036113],7,1,85,9,1275.5568089579465,,1275.54958433297,1275.5568089579465,1276.5484487499343,1276.5484487499343,1276.5484487499343,1277.8270616249647,space,1.2675439160084352,None,1277.8284197079483,1277.9303153326657,1278.2355859159725,1278.2201229159255,1278.221892457921,1278.2355859159725,1278.2355859159725,1278.2355859159725,1287.2989802910015,423,1,[9.063096500001848],[9.063101000036113],P1.1,001,2025-11-10_13h18.04.604,Intentional Binding exp,,2025.1.1,119.44737677240607,2025-11-10 13h18.16.770298 +0530,
0.7,1000,exp,86,2,7,space,2.6694490410154685,None,738,1,[108.91544420795981],[108.91544837492984],7,2,86,8,1287.3068706659833,,1287.2992150409846,1287.3068706659833,1288.2987494999543,1288.2987494999543,1288.2987494999543,1290.9757597499993,space,2.6694490410154685,None,1290.9761413749075,1291.6813793746444,1291.984180749976,1291.9707445829408,1291.972506665974,1291.984180749976,1291.984180749976,1291.984180749976,1400.8999155409401,738,1,[108.91544420795981],[108.91544837492984],P1.1,001,2025-11-10_13h18.04.604,Intentional Binding exp,,2025.1.1,119.44737677240607,2025-11-10 13h18.16.770298 +0530,
0.1,1000,exp,87,3,7,space,3.541988040902652,None,274,1,[9.61263995792251],[9.612643625005148],7,3,87,6,1400.9081316249212,,1400.9001238329802,1400.9081316249212,1401.8925162079977,1401.8925162079977,1401.9001990829129,1405.4613443329,space,3.541988040902652,None,1405.4630883749342,1405.5655630826407,1405.870715499972,1405.8554521249607,1405.8572697079508,1405.870715499972,1405.870715499972,1405.870715499972,1415.483645915985,274,1,[9.61263995792251],[9.612643625005148],P1.1,001,2025-11-10_13h18.04.604,Intentional Binding exp,,2025.1.1,119.44737677240607,2025-11-10 13h18.16.770298 +0530,
0.4,1000,exp,88,4,7,space,0.2991135000484064,None,185,1,[2.1864060000516474],[2.186409541987814],7,4,88,10,1415.4916242079344,,1415.4838573329616,1415.4916242079344,1416.4825565828942,1416.4825565828942,1416.4825565828942,1416.7841979159275,space,0.2991135000484064,None,1416.7854419159703,1417.193591582651,1417.4966941659804,1417.4823161249515,1417.4842688329518,1417.4966941659804,1417.4966941659804,1417.4966941659804,1419.6833875000011,185,1,[2.1864060000516474],[2.186409541987814],P1.1,001,2025-11-10_13h18.04.604,Intentional Binding exp,,2025.1.1,119.44737677240607,2025-11-10 13h18.16.770298 +0530,
0.1,400,unexp,89,5,7,space,1.0157436239533126,None,966,1,[2.270060250069946],[2.27006379107479],7,5,89,0,1419.6921630830038,,1419.6836107498966,1419.6921630830038,1420.6828847909346,1420.6828847909346,1420.6828847909346,1421.701507999911,space,1.0157436239533126,None,1421.7028179579647,1421.8093767075954,1422.1133783749538,1422.098114124965,1422.0999029160012,1422.1133783749538,1422.1133783749538,1422.1133783749538,1424.3837164998986,966,1,[2.270060250069946],[2.27006379107479],P1.1,001,2025-11-10_13h18.04.604,Intentional Binding exp,,2025.1.1,119.44737677240607,2025-11-10 13h18.16.770298 +0530,
0.1,1000,exp,90,6,7,space,0.2174466660944745,None,133,1,[1.8878979160217568],[1.8879014579579234],7,6,90,3,1424.3917946659494,,1424.3839257078944,1424.3917946659494,1425.3760041249916,1425.3760041249916,1425.382982457988,1425.6012967079878,space,0.2174466660944745,None,1425.6026322079124,1425.7093856245667,1426.0123898329912,1425.9981503749732,1425.99996095791,1426.0123898329912,1426.0123898329912,1426.0123898329912,1427.9005691659404,133,1,[1.8878979160217568],[1.8879014579579234],P1.1,001,2025-11-10_13h18.04.604,Intentional Binding exp,,2025.1.1,119.44737677240607,2025-11-10 13h18.16.770298 +0530,
0.4,1000,exp,91,7,7,space,0.6935556239914149,None,324 ,1,[4.505264291074127],[4.505268166074529],7,7,91,7,1427.9083624579944,,1427.9007768329466,1427.9083624579944,1428.899858165998,1428.899858165998,1428.899858165998,1429.6020597079769,space,0.6935556239914149,None,1429.6037102909759,1430.0094534996354,1430.311770832981,1430.2981799999252,1430.2997776659904,1430.311770832981,1430.311770832981,1430.311770832981,1434.8173346659169,324 ,1,[4.505264291074127],[4.505268166074529],P1.1,001,2025-11-10_13h18.04.604,Intentional Binding exp,,2025.1.1,119.44737677240607,2025-11-10 13h18.16.770298 +0530,
0.7,1000,exp,92,8,7,space,0.5572060829726979,None,457,1,[2.880614542053081],[2.880619250005111],7,8,92,5,1434.8257415409898,,1434.817547082901,1434.8257415409898,1435.8092994999606,1435.8092994999606,1435.8160166249145,1436.377251458005,space,0.5572060829726979,None,1436.3785941659007,1437.0826762075924,1437.3860607499955,1437.372194040916,1437.373824665905,1437.3860607499955,1437.3860607499955,1437.3860607499955,1440.266998249921,457,1,[2.880614542053081],[2.880619250005111],P1.1,001,2025-11-10_13h18.04.604,Intentional Binding exp,,2025.1.1,119.44737677240607,2025-11-10 13h18.16.770298 +0530,
0.4,1000,exp,93,9,7,space,1.519816332962364,None,243,1,[4.995188207947649],[4.9951925409259275],7,9,93,4,1440.2760272499872,,1440.2672056659358,1440.2760272499872,1441.2595360829728,1441.2595360829728,1441.2661331659183,1442.784191582934,space,1.519816332962364,None,1442.7852230409626,1443.1835414166019,1443.4884202079847,1443.4728803749895,1443.474471458001,1443.4884202079847,1443.4884202079847,1443.4884202079847,1448.4839164159494,243,1,[4.995188207947649],[4.9951925409259275],P1.1,001,2025-11-10_13h18.04.604,Intentional Binding exp,,2025.1.1,119.44737677240607,2025-11-10 13h18.16.770298 +0530,
0.7,400,unexp,94,10,7,space,2.4673018329776824,None,974,1,[2.119466374977492],[2.1194700830383226],7,10,94,2,1448.4918962909142,,1448.4841269999743,1448.4918962909142,1449.4839203750016,1449.4839203750016,1449.4839203750016,1451.9620907909703,space,2.4673018329776824,None,1451.9634450409794,1452.6770816665996,1452.9812857499346,1452.9646778329043,1452.9667274159146,1452.9812857499346,1452.9812857499346,1452.9812857499346,1455.1010369159048,974,1,[2.119466374977492],[2.1194700830383226],P1.1,001,2025-11-10_13h18.04.604,Intentional Binding exp,,2025.1.1,119.44737677240607,2025-11-10 13h18.16.770298 +0530,
0.7,1000,exp,95,11,7,space,0.7084605410927907,None,313,1,[5.197794249979779],[5.197798167006113],7,11,95,11,1455.108698957949,,1455.1012419579783,1455.108698957949,1456.093032249948,1456.093032249948,1456.1009970409796,1456.812439207919,space,0.7084605410927907,None,1456.8138239579275,1457.527313124567,1457.8369694160065,1457.8222187909996,1457.8240949159954,1457.8369694160065,1457.8369694160065,1457.8369694160065,1463.035051499959,313,1,[5.197794249979779],[5.197798167006113],P1.1,001,2025-11-10_13h18.04.604,Intentional Binding exp,,2025.1.1,119.44737677240607,2025-11-10 13h18.16.770298 +0530,
0.1,1000,exp,96,0,8,space,20.57101999898441,None,228,1,[6.66349112498574],[6.663495125016198],8,0,96,3,1463.0428080830025,,1463.035267374944,1463.0428080830025,1464.0333667909727,1464.0333667909727,1464.0333667909727,1484.6121027079644,space,20.57101999898441,None,1484.6138634999515,1484.716813124662,1485.0212985828985,1485.005300040939,1485.007347207982,1485.0212985828985,1485.0212985828985,1485.0212985828985,1491.685051749926,228,1,[6.66349112498574],[6.663495125016198],P1.1,001,2025-11-10_13h18.04.604,Intentional Binding exp,,2025.1.1,119.44737677240607,2025-11-10 13h18.16.770298 +0530,
0.1,400,unexp,97,1,8,space,0.346887874067761,None,759,1,[2.8191240419400856],[2.819127499940805],8,1,97,0,1491.6929648749065,,1491.6851965409005,1491.6929648749065,1492.6825907499297,1492.6825907499297,1492.6825907499297,1493.036093999981,space,0.346887874067761,None,1493.037465707981,1493.1438959995905,1493.4486109999707,1493.4323638749775,1493.434158082935,1493.4486109999707,1493.4486109999707,1493.4486109999707,1496.268021625001,759,1,[2.8191240419400856],[2.819127499940805],P1.1,001,2025-11-10_13h18.04.604,Intentional Binding exp,,2025.1.1,119.44737677240607,2025-11-10 13h18.16.770298 +0530,
0.1,1000,exp,98,2,8,space,10.729741082992405,None,534,1,[4.503222457948141],[4.503226915956475],8,2,98,9,1496.2757922079181,,1496.2682353749406,1496.2757922079181,1497.2673518329393,1497.2673518329393,1497.2673518329393,1508.0020079159876,space,10.729741082992405,None,1508.0033702079672,1508.1101175826664,1508.4145553749986,1508.398834707914,1508.4008732499788,1508.4145553749986,1508.4145553749986,1508.4145553749986,1512.9180724580074,534,1,[4.503222457948141],[4.503226915956475],P1.1,001,2025-11-10_13h18.04.604,Intentional Binding exp,,2025.1.1,119.44737677240607,2025-11-10 13h18.16.770298 +0530,
0.4,1000,exp,99,3,8,space,1.2983523319708183,None,654,1,[2.4865059590665624],[2.4865094589767978],8,3,99,7,1512.9260535408976,,1512.918286290951,1512.9260535408976,1513.9177716249833,1513.9177716249833,1513.9177716249833,1515.2196735829348,space,1.2983523319708183,None,1515.220710958005,1515.6270691665743,1515.9314472909318,1515.9157796249492,1515.917876624968,1515.9314472909318,1515.9314472909318,1515.9314472909318,1518.4182411249494,654,1,[2.4865059590665624],[2.4865094589767978],P1.1,001,2025-11-10_13h18.04.604,Intentional Binding exp,,2025.1.1,119.44737677240607,2025-11-10 13h18.16.770298 +0530,
0.7,400,unexp,100,4,8,space,1.2115881660720333,None,792,1,[2.3847573339007795],[2.3847618339350447],8,4,100,2,1518.4266063329997,,1518.4184421659447,1518.4266063329997,1519.4173957909225,1519.4173957909225,1519.4173957909225,1520.635511624976,space,1.2115881660720333,None,1520.6358945409302,1521.3448034575597,1521.64995849994,1521.6336142909713,1521.6357171660056,1521.64995849994,1521.64995849994,1521.64995849994,1524.0350112079177,792,1,[2.3847573339007795],[2.3847618339350447],P1.1,001,2025-11-10_13h18.04.604,Intentional Binding exp,,2025.1.1,119.44737677240607,2025-11-10 13h18.16.770298 +0530,
0.7,1000,exp,101,5,8,space,11.05573529098183,None,263,1,[3.1534126249607652],[3.1534163750475273],8,5,101,5,1524.0433282079175,,1524.0352204999654,1524.0433282079175,1525.0270765000023,1525.0270765000023,1525.0344157909276,1536.085450207931,space,11.05573529098183,None,1536.0866955829551,1536.7938522915977,1537.0983974159462,1537.0824312909972,1537.0841944159474,1537.0983974159462,1537.0983974159462,1537.0983974159462,1540.2521059999708,263,1,[3.1534126249607652],[3.1534163750475273],P1.1,001,2025-11-10_13h18.04.604,Intentional Binding exp,,2025.1.1,119.44737677240607,2025-11-10 13h18.16.770298 +0530,
0.7,1000,exp,102,6,8,space,3.7439483740599826,None,274,1,[4.980131749995053],[4.980135207995772],8,6,102,8,1540.2596744579496,,1540.252320707892,1540.2596744579496,1541.2512947499054,1541.2512947499054,1541.2512947499054,1545.0022862500045,space,3.7439483740599826,None,1545.0026572078932,1545.7016054996677,1546.00489487499,1545.9900189999025,1545.9918252909556,1546.00489487499,1546.00489487499,1546.00489487499,1550.9853072079131,274,1,[4.980131749995053],[4.980135207995772],P1.1,001,2025-11-10_13h18.04.604,Intentional Binding exp,,2025.1.1,119.44737677240607,2025-11-10 13h18.16.770298 +0530,
0.1,1000,exp,103,7,8,space,1.6764214580180123,None,274,1,[8.117764709051698],[8.11776966706384],8,7,103,6,1550.9930724999867,,1550.9855243329657,1550.9930724999867,1551.9834009159822,1551.9834009159822,1551.9834009159822,1553.6621810829965,space,1.6764214580180123,None,1553.6635538329137,1553.7671105416414,1554.0842527908972,1554.066928749904,1554.0694842078956,1554.0842527908972,1554.0842527908972,1554.0842527908972,1562.202317707939,274,1,[8.117764709051698],[8.11776966706384],P1.1,001,2025-11-10_13h18.04.604,Intentional Binding exp,,2025.1.1,119.44737677240607,2025-11-10 13h18.16.770298 +0530,
0.4,400,unexp,104,8,8,space,1.6203310410492122,None,374,1,[29.50256079202518],[29.50256462499965],8,8,104,1,1562.2099362500012,,1562.2025389999617,1562.2099362500012,1563.194304249948,1563.194304249948,1563.2012947909534,1564.8190932909492,space,1.6203310410492122,None,1564.8194735409925,1565.2277429575954,1565.5328549159458,1565.5168210410047,1565.5188436659519,1565.5328549159458,1565.5328549159458,1565.5328549159458,1595.0357027499704,374,1,[29.50256079202518],[29.50256462499965],P1.1,001,2025-11-10_13h18.04.604,Intentional Binding exp,,2025.1.1,119.44737677240607,2025-11-10 13h18.16.770298 +0530,
0.7,1000,exp,105,9,8,space,1.0638868330279365,None,194,1,[15.63155024999287],[15.631554999970831],8,9,105,11,1595.0435941249598,,1595.0359096250031,1595.0435941249598,1596.027959540952,1596.027959540952,1596.0358415408991,1597.0961212499533,space,1.0638868330279365,None,1597.0974775409559,1597.8017967496455,1598.1038504159078,1598.090766374953,1598.0922680000076,1598.1038504159078,1598.1038504159078,1598.1038504159078,1613.7356610409915,194,1,[15.63155024999287],[15.631554999970831],P1.1,001,2025-11-10_13h18.04.604,Intentional Binding exp,,2025.1.1,119.44737677240607,2025-11-10 13h18.16.770298 +0530,
0.4,1000,exp,106,10,8,space,63.34417187504005,None,826,1,[39.217023791978136],[39.21702824998647],8,10,106,10,1613.7438679579645,,1613.7358006659197,1613.7438679579645,1614.7280313749798,1614.7280313749798,1614.7354689579224,1678.0803267499432,space,63.34417187504005,None,1678.0811359159416,1678.4857793746671,1678.7862200409872,1678.7743865409866,1678.7759014999028,1678.7862200409872,1678.7862200409872,1678.7862200409872,1718.0035294579575,826,1,[39.217023791978136],[39.21702824998647],P1.1,001,2025-11-10_13h18.04.604,Intentional Binding exp,,2025.1.1,119.44737677240607,2025-11-10 13h18.16.770298 +0530,
0.4,1000,exp,107,11,8,space,1.3300900830654427,None,174,1,[2.578514500055462],[2.5785184589913115],8,11,107,4,1718.0116731249727,,1718.0037646659184,1718.0116731249727,1718.9960364999715,1718.9960364999715,1719.0035008329432,1720.3481216249056,space,1.3300900830654427,None,1720.3496142909862,1720.7526095415853,1721.0582355828956,1721.042111165938,1721.0438939159503,1721.0582355828956,1721.0582355828956,1721.0582355828956,1723.637027165969,174,1,[2.578514500055462],[2.5785184589913115],P1.1,001,2025-11-10_13h18.04.604,Intentional Binding exp,,2025.1.1,119.44737677240607,2025-11-10 13h18.16.770298 +0530,
0.1,1000,exp,108,0,9,space,0.8796933739213273,None,284,1,[4.79870195791591],[4.798706708010286],9,0,108,6,1723.6451212909305,,1723.6372349159792,1723.6451212909305,1724.6294021659996,1724.6294021659996,1724.6370841659373,1725.53232499992,space,0.8796933739213273,None,1725.5342711249832,1725.6358507496227,1725.9384667909471,1725.9253028329695,1725.9268535409356,1725.9384667909471,1725.9384667909471,1725.9384667909471,1730.737459457945,284,1,[4.79870195791591],[4.798706708010286],P1.1,001,2025-11-10_13h18.04.604,Intentional Binding exp,,2025.1.1,119.44737677240607,2025-11-10 13h18.16.770298 +0530,
0.7,1000,exp,109,1,9,space,4.114177916082554,None,295,1,[6.053194707958028],[6.053200540947728],9,1,109,8,1730.7452302079182,,1730.737663915963,1730.7452302079182,1731.7365495829144,1731.7365495829144,1731.7365495829144,1735.8556732079014,space,4.114177916082554,None,1735.8572318749502,1736.5638736246076,1736.8670690829167,1736.8517840409186,1736.8538003748981,1736.8670690829167,1736.8670690829167,1736.8670690829167,1742.9205513749039,295,1,[6.053194707958028],[6.053200540947728],P1.1,001,2025-11-10_13h18.04.604,Intentional Binding exp,,2025.1.1,119.44737677240607,2025-11-10 13h18.16.770298 +0530,
0.1,400,unexp,110,2,9,space,3.868226790917106,None,859,1,[2.8969889170257375],[2.8969933330081403],9,2,110,0,1742.9292724159313,,1742.920755499974,1742.9292724159313,1743.9130607909756,1743.9130607909756,1743.9203154579736,1747.7877797079273,space,3.868226790917106,None,1747.7881586248986,1747.897505624631,1748.2073731248965,1748.1924665829865,1748.1944119998952,1748.2073731248965,1748.2073731248965,1748.2073731248965,1751.1046585829463,859,1,[2.8969889170257375],[2.8969933330081403],P1.1,001,2025-11-10_13h18.04.604,Intentional Binding exp,,2025.1.1,119.44737677240607,2025-11-10 13h18.16.770298 +0530,
0.4,1000,exp,111,3,9,space,4.508998290984891,None,174,1,[4.063003416988067],[4.063006958924234],9,3,111,4,1751.1122060829075,,1751.1048667079303,1751.1122060829075,1752.1042677079095,1752.1042677079095,1752.1042677079095,1756.6210637079785,space,4.508998290984891,None,1756.6221860409714,1757.0201780415994,1757.3240800829371,1757.3091008749325,1757.3109022499993,1757.3240800829371,1757.3240800829371,1757.3240800829371,1761.38737820799,174,1,[4.063003416988067],[4.063006958924234],P1.1,001,2025-11-10_13h18.04.604,Intentional Binding exp,,2025.1.1,119.44737677240607,2025-11-10 13h18.16.770298 +0530,
0.7,1000,exp,112,4,9,space,9.559475083020516,None,285,1,[2.7459786250256],[2.745982625056058],9,4,112,11,1761.3961774579948,,1761.3875843329588,1761.3961774579948,1762.3799533749698,1762.3799533749698,1762.3859424579423,1771.949000790948,space,9.559475083020516,None,1771.9493972909404,1772.6532933326127,1772.9579620409058,1772.9429074579384,1772.9445724159013,1772.9579620409058,1772.9579620409058,1772.9579620409058,1775.7042262079194,285,1,[2.7459786250256],[2.745982625056058],P1.1,001,2025-11-10_13h18.04.604,Intentional Binding exp,,2025.1.1,119.44737677240607,2025-11-10 13h18.16.770298 +0530,
0.7,1000,exp,113,5,9,space,61.19808379095048,None,013,1,[6.48423504200764],[6.484240166959353],9,5,113,5,1775.7124601249816,,1775.7044319579145,1775.7124601249816,1776.6968734998954,1776.6968734998954,1776.704557207995,1837.8989911659155,space,61.19808379095048,None,1837.900334957987,1838.6044683745752,1838.9207604998956,1838.9039574159542,1838.905794790946,1838.9207604998956,1838.9207604998956,1838.9207604998956,1845.4053088329965,013,1,[6.48423504200764],[6.484240166959353],P1.1,001,2025-11-10_13h18.04.604,Intentional Binding exp,,2025.1.1,119.44737677240607,2025-11-10 13h18.16.770298 +0530,
0.7,400,unexp,114,6,9,space,1.527485040947795,None,964,1,[5.02954174997285],[5.029546584002674],9,6,114,2,1845.4142759999959,,1845.4055338749895,1845.4142759999959,1846.4047752909828,1846.4047752909828,1846.4047752909828,1847.9386517909588,space,1.527485040947795,None,1847.9390266659902,1848.6487254165734,1848.9586972909747,1848.9431319579016,1848.945305040921,1848.9586972909747,1848.9586972909747,1848.9586972909747,1853.9885338329477,964,1,[5.02954174997285],[5.029546584002674],P1.1,001,2025-11-10_13h18.04.604,Intentional Binding exp,,2025.1.1,119.44737677240607,2025-11-10 13h18.16.770298 +0530,
0.4,400,unexp,115,7,9,space,5.201521416078322,None,840,1,[3.246049666078761],[3.246053999988362],9,7,115,1,1853.997357999906,,1853.988758415915,1853.997357999906,1854.980946708005,1854.980946708005,1854.9876139159314,1860.1892039579106,space,5.201521416078322,None,1860.1902911659563,1860.5883439996435,1860.8930463748984,1860.8771844579605,1860.878835790907,1860.8930463748984,1860.8930463748984,1860.8930463748984,1864.1393923748983,840,1,[3.246049666078761],[3.246053999988362],P1.1,001,2025-11-10_13h18.04.604,Intentional Binding exp,,2025.1.1,119.44737677240607,2025-11-10 13h18.16.770298 +0530,
0.4,1000,exp,116,8,9,space,20.30846745800227,None,"1000
",1,[8.900546042015776],[8.900549458921887],9,8,116,10,1864.1469170829514,,1864.1395917079644,1864.1469170829514,1865.1314130409155,1865.1314130409155,1865.1382672499167,1885.4499666659394,space,20.30846745800227,None,1885.4516754999058,1885.8553394575758,1886.1721105829347,1886.1549597079866,1886.157137540984,1886.1721105829347,1886.1721105829347,1886.1721105829347,1895.0729495409178,"1000
",1,[8.900546042015776],[8.900549458921887],P1.1,001,2025-11-10_13h18.04.604,Intentional Binding exp,,2025.1.1,119.44737677240607,2025-11-10 13h18.16.770298 +0530,
0.1,1000,exp,117,9,9,space,2.088683500071056,None,1000,1,[3.9710956669878215],[3.9710999589879066],9,9,117,9,1895.0807026249822,,1895.0731657498982,1895.0807026249822,1896.065060374909,1896.065060374909,1896.0721314579714,1898.157938582939,space,2.088683500071056,None,1898.159739249968,1898.265436791644,1898.567879207898,1898.5535119998967,1898.555349332979,1898.567879207898,1898.567879207898,1898.567879207898,1902.5392730409512,1000,1,[3.9710956669878215],[3.9710999589879066],P1.1,001,2025-11-10_13h18.04.604,Intentional Binding exp,,2025.1.1,119.44737677240607,2025-11-10 13h18.16.770298 +0530,
0.1,1000,exp,118,10,9,space,0.7841278739506379,None,900,1,[4.67150845809374],[4.671513375011273],9,10,118,3,1902.5479689158965,,1902.5394979160046,1902.5479689158965,1903.531611790997,1903.531611790997,1903.538764665951,1904.3239689159673,space,0.7841278739506379,None,1904.3252892909804,1904.43188379164,1904.7347822909942,1904.720515999943,1904.7223380829673,1904.7347822909942,1904.7347822909942,1904.7347822909942,1909.4065849579638,900,1,[4.67150845809374],[4.671513375011273],P1.1,001,2025-11-10_13h18.04.604,Intentional Binding exp,,2025.1.1,119.44737677240607,2025-11-10 13h18.16.770298 +0530,
0.4,1000,exp,119,11,9,space,0.878106249962002,None,950,1,[8.737413791008294],[8.73741733294446],9,11,119,7,1909.4141997909173,,1909.4068140409654,1909.4141997909173,1910.3983928749803,1910.3983928749803,1910.4059918749845,1911.2822712908965,space,0.878106249962002,None,1911.2826244999887,1911.681908624658,1911.985721624922,1911.9703291659243,1911.9725189999444,1911.985721624922,1911.985721624922,1911.985721624922,1920.7234202079708,950,1,[8.737413791008294],[8.73741733294446],P1.1,001,2025-11-10_13h18.04.604,Intentional Binding exp,,2025.1.1,119.44737677240607,2025-11-10 13h18.16.770298 +0530,
0.4,1000,exp,120,0,10,space,0.7702271239832044,None,750,1,[2.5659149999264628],[2.565918582957238],10,0,120,7,1920.7309297499014,,1920.7236476249527,1920.7309297499014,1921.7328366659349,1921.7328366659349,1921.7328366659349,1922.517980165896,space,0.7702271239832044,None,1922.5194213750074,1922.922433124568,1923.2236462499714,1923.210554499994,1923.2123407499166,1923.2236462499714,1923.2236462499714,1923.2236462499714,1925.7898488329956,750,1,[2.5659149999264628],[2.565918582957238],P1.1,001,2025-11-10_13h18.04.604,Intentional Binding exp,,2025.1.1,119.44737677240607,2025-11-10 13h18.16.770298 +0530,
0.7,1000,exp,121,1,10,space,0.9019731240114197,None,700,1,[3.9368378330254927],[3.9368422080297023],10,1,121,8,1925.7977256659651,,1925.7900636249688,1925.7977256659651,1926.7999030828942,1926.7999030828942,1926.7999030828942,1927.7075995409396,space,0.9019731240114197,None,1927.7079821659718,1928.4155104165586,1928.7193567079958,1928.7039526659064,1928.7057843329385,1928.7193567079958,1928.7193567079958,1928.7193567079958,1932.6564911659807,700,1,[3.9368378330254927],[3.9368422080297023],P1.1,001,2025-11-10_13h18.04.604,Intentional Binding exp,,2025.1.1,119.44737677240607,2025-11-10 13h18.16.770298 +0530,
0.4,1000,exp,122,2,10,space,25.72195562394336,None,700,1,[3.8194911249447614],[3.819495499948971],10,2,122,4,1932.6650310829282,,1932.6566954159644,1932.6650310829282,1933.6487638329854,1933.6487638329854,1933.6562127500074,1959.3742172078928,space,25.72195562394336,None,1959.3755802499363,1959.7824283326665,1960.086783249979,1960.071313207969,1960.0734613749664,1960.086783249979,1960.086783249979,1960.086783249979,1963.906562832999,700,1,[3.8194911249447614],[3.819495499948971],P1.1,001,2025-11-10_13h18.04.604,Intentional Binding exp,,2025.1.1,119.44737677240607,2025-11-10 13h18.16.770298 +0530,
0.7,1000,exp,123,3,10,space,20.350633207941428,None,015,1,[44.57294833299238],[44.57295237504877],10,3,123,11,1963.9154595409054,,1963.9067849159474,1963.9154595409054,1964.8991456659278,1964.8991456659278,1964.905840332969,1985.2586019579321,space,20.350633207941428,None,1985.259963874938,1985.9662428326594,1986.2849125409266,1986.2673188329209,1986.2693194159074,1986.2849125409266,1986.2849125409266,1986.2849125409266,2030.8581432499923,015,1,[44.57294833299238],[44.57295237504877],P1.1,001,2025-11-10_13h18.04.604,Intentional Binding exp,,2025.1.1,119.44737677240607,2025-11-10 13h18.16.770298 +0530,
0.4,400,unexp,124,4,10,space,0.9374586249468848,None,600,1,[81.2387262500124],[81.23872979101725],10,4,124,1,2030.8663577080006,,2030.8583631250076,2030.8663577080006,2031.8500662079314,2031.8500662079314,2031.8570796659915,2032.792791957967,space,0.9374586249468848,None,2032.7944022499723,2033.2001470416474,2033.5032579998951,2033.4889421659755,2033.490764707909,2033.5032579998951,2033.5032579998951,2033.5032579998951,2114.7422807909315,600,1,[81.2387262500124],[81.23872979101725],P1.1,001,2025-11-10_13h18.04.604,Intentional Binding exp,,2025.1.1,119.44737677240607,2025-11-10 13h18.16.770298 +0530,
0.1,1000,exp,125,5,10,space,1.2201312499819323,None,700,1,[3.5521613750606775],[3.552165083005093],10,5,125,6,2114.75007249997,,2114.742490582983,2114.75007249997,2115.7413937499514,2115.7413937499514,2115.7413937499514,2116.9684971249662,space,1.2201312499819323,None,2116.9688652500045,2117.0685372496414,2117.3729286249727,2117.3566129999235,2117.358387957909,2117.3729286249727,2117.3729286249727,2117.3729286249727,2120.9253458329476,700,1,[3.5521613750606775],[3.552165083005093],P1.1,001,2025-11-10_13h18.04.604,Intentional Binding exp,,2025.1.1,119.44737677240607,2025-11-10 13h18.16.770298 +0530,
0.1,1000,exp,126,6,10,space,2.669480456970632,None,800,1,[1.7981874170945957],[1.7981918751029298],10,6,126,3,2120.933426374919,,2120.925484999898,2120.933426374919,2121.917863915907,2121.917863915907,2121.924536290928,2124.5920960829826,space,2.669480456970632,None,2124.592993915896,2124.6912006246316,2124.9941856659716,2124.9795261659892,2124.981229624944,2124.9941856659716,2124.9941856659716,2124.9941856659716,2126.792668374954,800,1,[1.7981874170945957],[1.7981918751029298],P1.1,001,2025-11-10_13h18.04.604,Intentional Binding exp,,2025.1.1,119.44737677240607,2025-11-10 13h18.16.770298 +0530,
0.1,1000,exp,127,7,10,space,1.4867237909929827,None,900,1,[2.0307581659872085],[2.0307618329534307],10,7,127,9,2126.8002902499866,,2126.7928970409557,2126.8002902499866,2127.791626791004,2127.791626791004,2127.791626791004,2129.2860591249773,space,1.4867237909929827,None,2129.2872669999488,2129.3921975416056,2129.6942538329167,2129.680540415924,2129.6828177910065,2129.6942538329167,2129.6942538329167,2129.6942538329167,2131.7253023749217,900,1,[2.0307581659872085],[2.0307618329534307],P1.1,001,2025-11-10_13h18.04.604,Intentional Binding exp,,2025.1.1,119.44737677240607,2025-11-10 13h18.16.770298 +0530,
0.4,1000,exp,128,8,10,space,5.371631957939826,None,600,1,[11.236824208055623],[11.236827583052218],10,8,128,10,2131.733592040953,,2131.725510332966,2131.733592040953,2132.7178137908923,2132.7178137908923,2132.725745124975,2138.0935644999845,space,5.371631957939826,None,2138.094924957957,2138.5188341246144,2138.8221020000055,2138.8076094159624,2138.80979166599,2138.8221020000055,2138.8221020000055,2138.8221020000055,2150.05921912496,600,1,[11.236824208055623],[11.236827583052218],P1.1,001,2025-11-10_13h18.04.604,Intentional Binding exp,,2025.1.1,119.44737677240607,2025-11-10 13h18.16.770298 +0530,
0.1,400,unexp,129,9,10,space,0.5224704160355031,None,300,1,[2.035072416998446],[2.035075833904557],10,9,129,0,2150.0671124579385,,2150.059433999937,2150.0671124579385,2151.0580002499046,2151.0580002499046,2151.0580002499046,2151.5863884579157,space,0.5224704160355031,None,2151.5877558329375,2151.685779457625,2151.9904584159376,2151.9740650409367,2151.976143165957,2151.9904584159376,2151.9904584159376,2151.9904584159376,2154.0258214579662,300,1,[2.035072416998446],[2.035075833904557],P1.1,001,2025-11-10_13h18.04.604,Intentional Binding exp,,2025.1.1,119.44737677240607,2025-11-10 13h18.16.770298 +0530,
0.7,400,unexp,130,10,10,space,0.6632709570694715,None,200,1,[2.1373776249820367],[2.137381709064357],10,10,130,2,2154.0338399159955,,2154.0260464579333,2154.0338399159955,2155.018181958003,2155.018181958003,2155.025749374996,2155.6854148329003,space,0.6632709570694715,None,2155.6858568330063,2156.3847439996357,2156.687860957929,2156.6736153329257,2156.6753457079176,2156.687860957929,2156.687860957929,2156.687860957929,2158.8255241659936,200,1,[2.1373776249820367],[2.137381709064357],P1.1,001,2025-11-10_13h18.04.604,Intentional Binding exp,,2025.1.1,119.44737677240607,2025-11-10 13h18.16.770298 +0530,
0.7,1000,exp,131,11,10,space,5.494171290891245,None,900,1,[1.8030211670557037],[1.8030249590519816],10,11,131,5,2158.8334502079524,,2158.8257421659073,2158.8334502079524,2159.825185332913,2159.825185332913,2159.825185332913,2165.326567999902,space,5.494171290891245,None,2165.3279309159843,2166.0349231665646,2166.339836290921,2166.324063582928,2166.3262597079156,2166.339836290921,2166.339836290921,2166.339836290921,2168.1431349159684,900,1,[1.8030211670557037],[1.8030249590519816],P1.1,001,2025-11-10_13h18.04.604,Intentional Binding exp,,2025.1.1,119.44737677240607,2025-11-10 13h18.16.770298 +0530,
0.7,1000,exp,132,0,11,space,7.5649743740214035,None,700,1,[1.6727639170130715],[1.6727674999274313],11,0,132,8,2168.151345832972,,2168.1433572079986,2168.151345832972,2169.134896582924,2169.134896582924,2169.142522082897,2176.7030713330023,space,7.5649743740214035,None,2176.704409332946,2177.4189929576282,2177.7199654160067,2177.7069774159463,2177.708780332934,2177.7199654160067,2177.7199654160067,2177.7199654160067,2179.3930144578917,700,1,[1.6727639170130715],[1.6727674999274313],P1.1,001,2025-11-10_13h18.04.604,Intentional Binding exp,,2025.1.1,119.44737677240607,2025-11-10 13h18.16.770298 +0530,
0.1,1000,exp,133,1,11,space,1.8251308330800384,None,600,1,[6.115281083039008],[6.115285500069149],11,1,133,3,2179.4013002499705,,2179.393225915963,2179.4013002499705,2180.4026648330037,2180.4026648330037,2180.4026648330037,2182.236815707991,space,1.8251308330800384,None,2182.2381666660076,2182.341886832674,2182.6438263749005,2182.6311057079583,2182.632883207989,2182.6438263749005,2182.6438263749005,2182.6438263749005,2188.759407165926,600,1,[6.115281083039008],[6.115285500069149],P1.1,001,2025-11-10_13h18.04.604,Intentional Binding exp,,2025.1.1,119.44737677240607,2025-11-10 13h18.16.770298 +0530,
0.4,1000,exp,134,2,11,space,6.4527142910519615,None,700,1,[3.2177385420072824],[3.217742291977629],11,2,134,10,2188.767474040971,,2188.759617874981,2188.767474040971,2189.7510050409473,2189.7510050409473,2189.758719165926,2196.209233832895,space,6.4527142910519615,None,2196.2101582499454,2196.619963249603,2196.924916457967,2196.913854415994,2196.915400207974,2196.924916457967,2196.924916457967,2196.924916457967,2200.142941665952,700,1,[3.2177385420072824],[3.217742291977629],P1.1,001,2025-11-10_13h18.04.604,Intentional Binding exp,,2025.1.1,119.44737677240607,2025-11-10 13h18.16.770298 +0530,
0.1,1000,exp,135,3,11,space,34.60895658296067,None,800,1,[3.635821416042745],[3.6358257080428302],11,3,135,6,2200.151010082918,,2200.1431553749135,2200.151010082918,2201.135479374905,2201.135479374905,2201.1433277499164,2235.7535944579868,space,34.60895658296067,None,2235.754781208001,2235.8579681666492,2236.173756000004,2236.158808707958,2236.160593040986,2236.173756000004,2236.173756000004,2236.173756000004,2239.80986404093,800,1,[3.635821416042745],[3.6358257080428302],P1.1,001,2025-11-10_13h18.04.604,Intentional Binding exp,,2025.1.1,119.44737677240607,2025-11-10 13h18.16.770298 +0530,
0.7,400,unexp,136,4,11,space,0.4769402500241995,None,100,1,[2.832164791994728],[2.8321693330071867],11,4,136,2,2239.818914124975,,2239.810069957981,2239.818914124975,2240.8024284580024,2240.8024284580024,2240.8100194999715,2241.287144832895,space,0.4769402500241995,None,2241.288452999899,2241.992809416672,2242.294093374978,2242.2805574999657,2242.282301499974,2242.294093374978,2242.294093374978,2242.294093374978,2245.1265539999586,100,1,[2.832164791994728],[2.8321693330071867],P1.1,001,2025-11-10_13h18.04.604,Intentional Binding exp,,2025.1.1,119.44737677240607,2025-11-10 13h18.16.770298 +0530,
0.7,1000,exp,137,5,11,space,1.4442248330451548,None,800,1,[3.212670624954626],[3.2126749579329044],11,5,137,5,2245.1355389999226,,2245.1267566249007,2245.1355389999226,2246.119136040914,2246.119136040914,2246.127057624981,2247.5720212908927,space,1.4442248330451548,None,2247.573445290909,2248.2766364575987,2248.5805089579662,2248.5647297909018,2248.5666054579196,2248.5805089579662,2248.5805089579662,2248.5805089579662,2251.7934915409423,800,1,[3.212670624954626],[3.2126749579329044],P1.1,001,2025-11-10_13h18.04.604,Intentional Binding exp,,2025.1.1,119.44737677240607,2025-11-10 13h18.16.770298 +0530,
0.4,1000,exp,138,6,11,space,8.668740332941525,None,900,1,[5.025193415931426],[5.02519845799543],11,6,138,4,2251.8016344578937,,2251.7936815829016,2251.8016344578937,2252.803359832964,2252.803359832964,2252.803359832964,2261.4778895409545,space,8.668740332941525,None,2261.4792109159753,2261.8861662916065,2262.201612374978,2262.187153540901,2262.188474708004,2262.201612374978,2262.201612374978,2262.201612374978,2267.2270970409736,900,1,[5.025193415931426],[5.02519845799543],P1.1,001,2025-11-10_13h18.04.604,Intentional Binding exp,,2025.1.1,119.44737677240607,2025-11-10 13h18.16.770298 +0530,
0.4,1000,exp,139,7,11,space,25.557951707975008,None,600,1,[9.046543749980628],[9.04654941696208],11,7,139,7,2267.2351344999624,,2267.227309665992,2267.2351344999624,2268.2260367498966,2268.2260367498966,2268.2260367498966,2293.787855374976,space,25.557951707975008,None,2293.7892334159696,2294.193324666649,2294.497805416002,2294.4817050409038,2294.4834475409007,2294.497805416002,2294.497805416002,2294.497805416002,2303.5446637499845,600,1,[9.046543749980628],[9.04654941696208],P1.1,001,2025-11-10_13h18.04.604,Intentional Binding exp,,2025.1.1,119.44737677240607,2025-11-10 13h18.16.770298 +0530,
0.4,400,unexp,140,8,11,space,1.3781495409784839,None,500,1,[7.253353166976012],[7.253357834066264],11,8,140,1,2303.552259665914,,2303.544869624893,2303.552259665914,2304.536381749902,2304.536381749902,2304.5435684159165,2305.921309749945,space,1.3781495409784839,None,2305.922666832921,2306.320439291598,2306.6244442079915,2306.608507458004,2306.6103144160006,2306.6244442079915,2306.6244442079915,2306.6244442079915,2313.8781026249053,500,1,[7.253353166976012],[7.253357834066264],P1.1,001,2025-11-10_13h18.04.604,Intentional Binding exp,,2025.1.1,119.44737677240607,2025-11-10 13h18.16.770298 +0530,
0.7,1000,exp,141,9,11,space,16.7786526249256,None,700,1,[2.7175712920725346],[2.7175755840726197],11,9,141,11,2313.885698582977,,2313.878319165902,2313.885698582977,2314.887682624976,2314.887682624976,2314.887682624976,2331.6719325409504,space,16.7786526249256,None,2331.6730826249113,2332.3768882075715,2332.6938712499104,2332.67707037495,2332.679244540981,2332.6938712499104,2332.6938712499104,2332.6938712499104,2335.41172729095,700,1,[2.7175712920725346],[2.7175755840726197],P1.1,001,2025-11-10_13h18.04.604,Intentional Binding exp,,2025.1.1,119.44737677240607,2025-11-10 13h18.16.770298 +0530,
0.1,1000,exp,142,10,11,space,5.418673081905581,None,500,1,[1.8139157500118017],[1.813920332933776],11,10,142,9,2335.4193242499605,,2335.4119473749306,2335.4193242499605,2336.410524707986,2336.410524707986,2336.410524707986,2341.838324082899,space,5.418673081905581,None,2341.8391667079413,2341.9437306245713,2342.2476362909656,2342.232439165935,2342.234284707927,2342.2476362909656,2342.2476362909656,2342.2476362909656,2344.0618448749883,500,1,[1.8139157500118017],[1.813920332933776],P1.1,001,2025-11-10_13h18.04.604,Intentional Binding exp,,2025.1.1,119.44737677240607,2025-11-10 13h18.16.770298 +0530,
0.1,400,unexp,143,11,11,space,1.8813500000396743,None,200,1,[2.1383952499600127],[2.1383987079607323],11,11,143,0,2344.0694067908917,,2344.062063540914,2344.0694067908917,2345.0538669578964,2345.0538669578964,2345.0611030409345,2346.938539457973,space,1.8813500000396743,None,2346.939969124971,2347.0461901246495,2347.356488374993,2347.342564999941,2347.3444124578964,2347.356488374993,2347.356488374993,2347.356488374993,2349.495179374935,200,1,[2.1383952499600127],[2.1383987079607323],P1.1,001,2025-11-10_13h18.04.604,Intentional Binding exp,,2025.1.1,119.44737677240607,2025-11-10 13h18.16.770298 +0530,
0.4,1000,exp,144,0,12,space,0.007219666033051908,None,600,1,[2.6550757499644533],[2.6550796249648556],12,0,144,4,2349.50283991592,,2349.4953824159456,2349.50283991592,2350.4870300829643,2350.4870300829643,2350.4943472499726,2350.4958021659404,space,0.007219666033051908,None,2350.4968022078974,2350.9049105416675,2351.206279832986,2351.1932615829865,2351.1948474999517,2351.206279832986,2351.206279832986,2351.206279832986,2353.86163833295,600,1,[2.6550757499644533],[2.6550796249648556],P1.1,001,2025-11-10_13h18.04.604,Intentional Binding exp,,2025.1.1,119.44737677240607,2025-11-10 13h18.16.770298 +0530,
0.1,1000,exp,145,1,12,space,0.5630427079740912,None,700,1,[2.4141676659928635],[2.414171333075501],12,1,145,9,2353.8696119999513,,2353.8618456659606,2353.8696119999513,2354.8601483749226,2354.8601483749226,2354.8601483749226,2355.428320249892,space,0.5630427079740912,None,2355.4287217078963,2355.52789324959,2355.830640750006,2355.816593665979,2355.818174624932,2355.830640750006,2355.830640750006,2355.830640750006,2358.245085415896,700,1,[2.4141676659928635],[2.414171333075501],P1.1,001,2025-11-10_13h18.04.604,Intentional Binding exp,,2025.1.1,119.44737677240607,2025-11-10 13h18.16.770298 +0530,
0.4,400,unexp,146,2,12,space,0.32290629111230373,None,300,1,[2.6134832910029218],[2.6134880410972983],12,2,146,1,2358.253456499893,,2358.24529420794,2358.253456499893,2359.2441318329656,2359.2441318329656,2359.2441318329656,2359.572034374927,space,0.32290629111230373,None,2359.5731123329606,2359.9718950415886,2360.280818332918,2360.267160374904,2360.26882845792,2360.280818332918,2360.280818332918,2360.280818332918,2362.8945929999463,300,1,[2.6134832910029218],[2.6134880410972983],P1.1,001,2025-11-10_13h18.04.604,Intentional Binding exp,,2025.1.1,119.44737677240607,2025-11-10 13h18.16.770298 +0530,
0.7,1000,exp,147,3,12,space,4.629989791079424,None,500,1,[3.7173394999699667],[3.717344290926121],12,3,147,5,2362.902946957969,,2362.894823374925,2362.902946957969,2363.887173582916,2363.887173582916,2363.8943366659805,2368.522175416001,space,4.629989791079424,None,2368.523560249945,2369.2385474165826,2369.544573416002,2369.5272687498946,2369.5293714159634,2369.544573416002,2369.544573416002,2369.544573416002,2373.2622191249393,500,1,[3.7173394999699667],[3.717344290926121],P1.1,001,2025-11-10_13h18.04.604,Intentional Binding exp,,2025.1.1,119.44737677240607,2025-11-10 13h18.16.770298 +0530,
0.1,1000,exp,148,4,12,space,6.921376541024074,None,800,1,[7.805525542004034],[7.80553070793394],12,4,148,6,2373.2703417079756,,2373.2624399159104,2373.2703417079756,2374.2541496249614,2374.2541496249614,2374.261100124917,2381.1797668329673,space,6.921376541024074,None,2381.1808280829573,2381.28781383258,2381.5895659578964,2381.5762585829943,2381.5780253330013,2381.5895659578964,2381.5895659578964,2381.5895659578964,2389.395403624978,800,1,[7.805525542004034],[7.80553070793394],P1.1,001,2025-11-10_13h18.04.604,Intentional Binding exp,,2025.1.1,119.44737677240607,2025-11-10 13h18.16.770298 +0530,
0.1,400,unexp,149,5,12,space,0.4781215409748256,None,200,1,[2.113347708946094],[2.1133517919806764],12,5,149,0,2389.403303207946,,2389.395609832951,2389.403303207946,2390.3867805409245,2390.3867805409245,2390.3940838749986,2390.8723720409907,space,0.4781215409748256,None,2390.872766540968,2390.977605249562,2391.2818039580015,2391.2668019999983,2391.268296749913,2391.2818039580015,2391.2818039580015,2391.2818039580015,2393.39543866599,200,1,[2.113347708946094],[2.1133517919806764],P1.1,001,2025-11-10_13h18.04.604,Intentional Binding exp,,2025.1.1,119.44737677240607,2025-11-10 13h18.16.770298 +0530,
0.4,1000,exp,150,6,12,space,2.318076999974437,None,800,1,[4.6687825409462675],[4.668787290924229],12,6,150,10,2393.4039491659496,,2393.395629790961,2393.4039491659496,2394.387641999987,2394.387641999987,2394.3948112078942,2396.713636415894,space,2.318076999974437,None,2396.7152908749413,2397.1220613746596,2397.4267922498984,2397.410791290924,2397.4132225828944,2397.4267922498984,2397.4267922498984,2397.4267922498984,2402.0958643329795,800,1,[4.6687825409462675],[4.668787290924229],P1.1,001,2025-11-10_13h18.04.604,Intentional Binding exp,,2025.1.1,119.44737677240607,2025-11-10 13h18.16.770298 +0530,
0.7,400,unexp,151,7,12,space,10.46785054099746,None,500,1,[21.331027041072957],[21.331031416077167],12,7,151,2,2402.1035051658982,,2402.096073957975,2402.1035051658982,2403.094827874913,2403.094827874913,2403.094827874913,2413.572498457972,space,10.46785054099746,None,2413.57362683292,2414.2786742075737,2414.581610082998,2414.5670691659907,2414.5687698329566,2414.581610082998,2414.581610082998,2414.581610082998,2435.912928540958,500,1,[21.331027041072957],[21.331031416077167],P1.1,001,2025-11-10_13h18.04.604,Intentional Binding exp,,2025.1.1,119.44737677240607,2025-11-10 13h18.16.770298 +0530,
0.4,1000,exp,152,8,12,space,2.7216476240428165,None,100,1,[2.1531923749716952],[2.153195832972415],12,8,152,7,2435.9205747909145,,2435.913151290966,2435.9205747909145,2436.9047752500046,2436.9047752500046,2436.9119795829756,2439.630791665986,space,2.7216476240428165,None,2439.6321572499583,2440.039444624625,2440.3428280409425,2440.327659457922,2440.3297176249325,2440.3428280409425,2440.3428280409425,2440.3428280409425,2442.496305290959,100,1,[2.1531923749716952],[2.153195832972415],P1.1,001,2025-11-10_13h18.04.604,Intentional Binding exp,,2025.1.1,119.44737677240607,2025-11-10 13h18.16.770298 +0530,
0.1,1000,exp,153,9,12,space,0.8471410409547389,None,600,1,[5.947243708069436],[5.947247166070156],12,9,153,3,2442.5039329999126,,2442.496510249912,2442.5039329999126,2443.4883165829815,2443.4883165829815,2443.4959374159807,2444.33975633292,space,0.8471410409547389,None,2444.3413757499075,2444.444876457627,2444.7487872909987,2444.7337059580022,2444.7358037499944,2444.7487872909987,2444.7487872909987,2444.7487872909987,2450.6963147079805,600,1,[5.947243708069436],[5.947247166070156],P1.1,001,2025-11-10_13h18.04.604,Intentional Binding exp,,2025.1.1,119.44737677240607,2025-11-10 13h18.16.770298 +0530,
0.7,1000,exp,154,10,12,space,1.2280709160258994,None,700,1,[3.132888875086792],[3.132893167086877],12,10,154,11,2450.7046410409966,,2450.6965414999286,2450.7046410409966,2451.688331707963,2451.688331707963,2451.6950209579663,2452.923205500003,space,1.2280709160258994,None,2452.924552707933,2453.6283688746084,2453.9297651659,2453.9172870829934,2453.9191593748983,2453.9297651659,2453.9297651659,2453.9297651659,2457.0629393749405,700,1,[3.132888875086792],[3.132893167086877],P1.1,001,2025-11-10_13h18.04.604,Intentional Binding exp,,2025.1.1,119.44737677240607,2025-11-10 13h18.16.770298 +0530,
0.7,1000,exp,155,11,12,space,2.02357745799236,None,400,1,[2.414855375071056],[2.414858667063527],12,11,155,8,2457.0707714579767,,2457.063161375001,2457.0707714579767,2458.0626902909717,2458.0626902909717,2458.0626902909717,2460.0899014159804,space,2.02357745799236,None,2460.091129749897,2460.7953919165925,2461.09801066597,2461.084347624914,2461.0862497909693,2461.09801066597,2461.09801066597,2461.09801066597,2463.513146665995,400,1,[2.414855375071056],[2.414858667063527],P1.1,001,2025-11-10_13h18.04.604,Intentional Binding exp,,2025.1.1,119.44737677240607,2025-11-10 13h18.16.770298 +0530,
0.4,400,unexp,156,0,13,space,6.221991998958401,None,300,1,[2.3190875420114025],[2.3190911250421777],13,0,156,1,2463.5209424579516,,2463.513335415977,2463.5209424579516,2464.505227165995,2464.505227165995,2464.5131469579646,2470.730739749968,space,6.221991998958401,None,2470.7321052079787,2471.1398209576187,2471.4437177910004,2471.4283020829316,2471.4302845000057,2471.4437177910004,2471.4437177910004,2471.4437177910004,2473.763085415936,300,1,[2.3190875420114025],[2.3190911250421777],P1.1,001,2025-11-10_13h18.04.604,Intentional Binding exp,,2025.1.1,119.44737677240607,2025-11-10 13h18.16.770298 +0530,
0.4,1000,exp,157,1,13,space,0.9992401240160689,None,200,1,[4.948763750027865],[4.948768374975771],13,1,157,10,2473.7709199999226,,2473.7632963749347,2473.7709199999226,2474.7552764159627,2474.7552764159627,2474.762290374958,2475.7581606250023,space,0.9992401240160689,None,2475.7600992079824,2476.1626980825718,2476.4639366659103,2476.451044749934,2476.4527967909817,2476.4639366659103,2476.4639366659103,2476.4639366659103,2481.413025707938,200,1,[4.948763750027865],[4.948768374975771],P1.1,001,2025-11-10_13h18.04.604,Intentional Binding exp,,2025.1.1,119.44737677240607,2025-11-10 13h18.16.770298 +0530,
0.4,1000,exp,158,2,13,space,3.6684211660176516,None,600,1,[10.430239500012249],[10.430245249997824],13,2,158,4,2481.421082874993,,2481.413224332966,2481.421082874993,2482.412777749938,2482.412777749938,2482.412777749938,2486.0902274159016,space,3.6684211660176516,None,2486.0915707079694,2486.49620179163,2486.799335165997,2486.7846875829855,2486.7865801249864,2486.799335165997,2486.799335165997,2486.799335165997,2497.22990149993,600,1,[10.430239500012249],[10.430245249997824],P1.1,001,2025-11-10_13h18.04.604,Intentional Binding exp,,2025.1.1,119.44737677240607,2025-11-10 13h18.16.770298 +0530,
0.7,1000,exp,159,3,13,space,0.42704749992117286,None,700,1,[3.5223697080509737],[3.522374000051059],13,3,159,8,2497.238504915964,,2497.230105457944,2497.238504915964,2498.22239891591,2498.22239891591,2498.228432957898,2498.656293374952,space,0.42704749992117286,None,2498.6566526249517,2499.3555778746418,2499.657743082964,2499.644397999975,2499.6462659159442,2499.657743082964,2499.657743082964,2499.657743082964,2503.180397249991,700,1,[3.5223697080509737],[3.522374000051059],P1.1,001,2025-11-10_13h18.04.604,Intentional Binding exp,,2025.1.1,119.44737677240607,2025-11-10 13h18.16.770298 +0530,
0.7,1000,exp,160,4,13,space,1.5229292080039158,None,800,1,[2.72085145895835],[2.7208562090527266],13,4,160,11,2503.1885793328984,,2503.180603207904,2503.1885793328984,2504.189595249947,2504.189595249947,2504.189595249947,2505.7251947500044,space,1.5229292080039158,None,2505.7269698329037,2506.4398508746567,2506.7423489158973,2506.7279937079875,2506.730064500007,2506.7423489158973,2506.7423489158973,2506.7423489158973,2509.463514749892,800,1,[2.72085145895835],[2.7208562090527266],P1.1,001,2025-11-10_13h18.04.604,Intentional Binding exp,,2025.1.1,119.44737677240607,2025-11-10 13h18.16.770298 +0530,
0.1,1000,exp,161,5,13,space,0.5255662909476086,None,900,1,[2.8989934579003602],[2.8989970829570666],13,5,161,3,2509.4719881250057,,2509.4637401249493,2509.4719881250057,2510.455759040895,2510.455759040895,2510.463488999987,2510.990599499899,space,0.5255662909476086,None,2510.991874540923,2511.095639291631,2511.398222666001,2511.3851370000048,2511.3868722079787,2511.398222666001,2511.398222666001,2511.398222666001,2514.297502832953,900,1,[2.8989934579003602],[2.8989970829570666],P1.1,001,2025-11-10_13h18.04.604,Intentional Binding exp,,2025.1.1,119.44737677240607,2025-11-10 13h18.16.770298 +0530,
0.4,1000,exp,162,6,13,space,1.6865764160174876,None,500,1,[10.603799958946183],[10.603804250014946],13,6,162,7,2514.304837707896,,2514.2977324579842,2514.304837707896,2515.3066643329803,2515.3066643329803,2515.3066643329803,2516.9973452079576,space,1.6865764160174876,None,2516.998599582934,2517.4059042076738,2517.7096906249644,2517.694399207947,2517.6965958329383,2517.7096906249644,2517.7096906249644,2517.7096906249644,2528.313784915954,500,1,[10.603799958946183],[10.603804250014946],P1.1,001,2025-11-10_13h18.04.604,Intentional Binding exp,,2025.1.1,119.44737677240607,2025-11-10 13h18.16.770298 +0530,
0.7,400,unexp,163,7,13,space,0.9061013329774141,None,200,1,[1.982703874935396],[1.982707249931991],13,7,163,2,2528.322192124906,,2528.3139914579224,2528.322192124906,2529.3059732079273,2529.3059732079273,2529.313093207893,2530.225260374951,space,0.9061013329774141,None,2530.226272540982,2530.9292918326723,2531.231527582975,2531.2186464999104,2531.2202342909295,2531.231527582975,2531.231527582975,2531.231527582975,2533.214516832959,200,1,[1.982703874935396],[1.982707249931991],P1.1,001,2025-11-10_13h18.04.604,Intentional Binding exp,,2025.1.1,119.44737677240607,2025-11-10 13h18.16.770298 +0530,
0.7,1000,exp,164,8,13,space,1.9878882489865646,None,300,1,[2.0356972500449046],[2.0357015000190586],13,8,164,5,2533.2217020828975,,2533.214727415936,2533.2217020828975,2534.2130596250063,2534.2130596250063,2534.2130596250063,2536.207331957994,space,1.9878882489865646,None,2536.2087260409025,2536.913279874662,2537.228002999909,2537.2124482908985,2537.214696665993,2537.228002999909,2537.228002999909,2537.228002999909,2539.2640007080045,300,1,[2.0356972500449046],[2.0357015000190586],P1.1,001,2025-11-10_13h18.04.604,Intentional Binding exp,,2025.1.1,119.44737677240607,2025-11-10 13h18.16.770298 +0530,
0.1,1000,exp,165,9,13,space,4.742334333015606,None,600,1,[23.530893999966793],[23.530897333985195],13,9,165,9,2539.271772624925,,2539.264209832996,2539.271772624925,2540.2563867910067,2540.2563867910067,2540.273941415944,2545.0074915409787,space,4.742334333015606,None,2545.008845040924,2545.1125870826113,2545.4164410829544,2545.4019600829342,2545.403674415895,2545.4164410829544,2545.4164410829544,2545.4164410829544,2568.947619582992,600,1,[23.530893999966793],[23.530897333985195],P1.1,001,2025-11-10_13h18.04.604,Intentional Binding exp,,2025.1.1,119.44737677240607,2025-11-10 13h18.16.770298 +0530,
0.1,400,unexp,166,10,13,space,1.6460215830011293,None,800,1,[19.652364416979253],[19.6523693340132],13,10,166,0,2568.9555494158994,,2568.947827624972,2568.9555494158994,2569.939647916006,2569.939647916006,2569.946891624946,2571.5913185829995,space,1.6460215830011293,None,2571.592695124913,2571.6962531665963,2572.0115984999575,2571.9961936249165,2571.9982495409204,2572.0115984999575,2572.0115984999575,2572.0115984999575,2591.664261457976,800,1,[19.652364416979253],[19.6523693340132],P1.1,001,2025-11-10_13h18.04.604,Intentional Binding exp,,2025.1.1,119.44737677240607,2025-11-10 13h18.16.770298 +0530,
0.1,1000,exp,167,11,13,space,4.377852333011106,None,300,1,[12.03211625001859],[12.032121292082593],13,11,167,6,2591.6723815829027,,2591.664466874907,2591.6723815829027,2592.6643057909096,2592.6643057909096,2592.6643057909096,2597.0596556249075,space,4.377852333011106,None,2597.0613939159084,2597.1790574995725,2597.482242540922,2597.468742750003,2597.4704600829864,2597.482242540922,2597.482242540922,2597.482242540922,2609.514658125001,300,1,[12.03211625001859],[12.032121292082593],P1.1,001,2025-11-10_13h18.04.604,Intentional Binding exp,,2025.1.1,119.44737677240607,2025-11-10 13h18.16.770298 +0530,
0.4,1000,exp,168,0,14,space,0.4452264989959076,None,200,1,[3.58050166699104],[3.5805052500218153],14,0,168,10,2609.522630582913,,2609.514889749931,2609.522630582913,2610.5069565409794,2610.5069565409794,2610.5142685408937,2610.958435374894,space,0.4452264989959076,None,2610.9597893749597,2611.3581668326556,2611.6673347079195,2611.653007415938,2611.6548066249816,2611.6673347079195,2611.6673347079195,2611.6673347079195,2615.2481244999217,200,1,[3.58050166699104],[3.5805052500218153],P1.1,001,2025-11-10_13h18.04.604,Intentional Binding exp,,2025.1.1,119.44737677240607,2025-11-10 13h18.16.770298 +0530,
0.4,1000,exp,169,1,14,space,59.470232833060436,None,600,1,[45.68750758306123],[45.68751175003126],14,1,169,7,2615.256496832939,,2615.248323415988,2615.256496832939,2616.240131874918,2616.240131874918,2616.24768375,2675.7164722499438,space,59.470232833060436,None,2675.7177204999607,2676.1252647495753,2676.4290519159986,2676.413320374908,2676.4154711659066,2676.4290519159986,2676.4290519159986,2676.4290519159986,2722.1168639999814,600,1,[45.68750758306123],[45.68751175003126],P1.1,001,2025-11-10_13h18.04.604,Intentional Binding exp,,2025.1.1,119.44737677240607,2025-11-10 13h18.16.770298 +0530,
0.7,1000,exp,170,2,14,space,0.10046229092404246,None,700,1,[7.703517958056182],[7.703522125026211],14,2,170,8,2722.1245338330045,,2722.1170914159156,2722.1245338330045,2723.1156161659164,2723.1156161659164,2723.1156161659164,2723.2264662499074,space,0.10046229092404246,None,2723.228029165999,2723.931165124585,2724.246354374918,2724.2312330409186,2724.233398665907,2724.246354374918,2724.246354374918,2724.246354374918,2731.9501770829083,700,1,[7.703517958056182],[7.703522125026211],P1.1,001,2025-11-10_13h18.04.604,Intentional Binding exp,,2025.1.1,119.44737677240607,2025-11-10 13h18.16.770298 +0530,
0.1,1000,exp,171,3,14,space,5.703828499070369,None,300,1,[4.813901374931447],[4.813905291957781],14,3,171,3,2731.9578105829423,,2731.9504005409544,2731.9578105829423,2732.948980624904,2732.948980624904,2732.948980624904,2738.659986665938,space,5.703828499070369,None,2738.6613715830026,2738.7650052495924,2739.06905695796,2739.054508207948,2739.056308915955,2739.06905695796,2739.06905695796,2739.06905695796,2743.883207499981,300,1,[4.813901374931447],[4.813905291957781],P1.1,001,2025-11-10_13h18.04.604,Intentional Binding exp,,2025.1.1,119.44737677240607,2025-11-10 13h18.16.770298 +0530,
0.7,1000,exp,172,4,14,space,5.0412804579827935,None,200,1,[9.703360125073232],[9.703364667017013],14,4,172,5,2743.8907014159486,,2743.88335487491,2743.8907014159486,2744.882467624964,2744.882467624964,2744.882467624964,2749.92702754098,space,5.0412804579827935,None,2749.928556457977,2750.62624179159,2750.929747749935,2750.914800999919,2750.9170324159786,2750.929747749935,2750.929747749935,2750.929747749935,2760.633419749909,200,1,[9.703360125073232],[9.703364667017013],P1.1,001,2025-11-10_13h18.04.604,Intentional Binding exp,,2025.1.1,119.44737677240607,2025-11-10 13h18.16.770298 +0530,
0.1,400,unexp,173,5,14,space,21.77750183304306,None,700,1,[4.296435916912742],[4.296440250007436],14,5,173,0,2760.640944207902,,2760.633634665981,2760.640944207902,2761.6431098749163,2761.6431098749163,2761.6431098749163,2783.427002332988,space,21.77750183304306,None,2783.4280635409523,2783.526641582667,2783.8367907078937,2783.8217457080027,2783.823629249935,2783.8367907078937,2783.8367907078937,2783.8367907078937,2788.133534790948,700,1,[4.296435916912742],[4.296440250007436],P1.1,001,2025-11-10_13h18.04.604,Intentional Binding exp,,2025.1.1,119.44737677240607,2025-11-10 13h18.16.770298 +0530,
0.4,1000,exp,174,6,14,space,8.12596958305221,None,100,1,[10.821286624995992],[10.821291291969828],14,6,174,4,2788.1412684579846,,2788.1337634579977,2788.1412684579846,2789.125797124929,2789.125797124929,2789.1328596249223,2797.26037633291,space,8.12596958305221,None,2797.2617200829554,2797.659646957593,2797.96165933297,2797.9476182078943,2797.9493829580024,2797.96165933297,2797.96165933297,2797.96165933297,2808.783251832938,100,1,[10.821286624995992],[10.821291291969828],P1.1,001,2025-11-10_13h18.04.604,Intentional Binding exp,,2025.1.1,119.44737677240607,2025-11-10 13h18.16.770298 +0530,
0.4,400,unexp,175,7,14,space,1.1354814999504015,None,500,1,[4.53123179206159],[4.531236042035744],14,7,175,1,2808.7915517499205,,2808.7834778329125,2808.7915517499205,2809.7757798329694,2809.7757798329694,2809.7825252079638,2810.928476540954,space,1.1354814999504015,None,2810.9301595829893,2811.3325211245724,2811.635846916004,2811.621437207912,2811.6233240409056,2811.635846916004,2811.635846916004,2811.635846916004,2816.1673620409565,500,1,[4.53123179206159],[4.531236042035744],P1.1,001,2025-11-10_13h18.04.604,Intentional Binding exp,,2025.1.1,119.44737677240607,2025-11-10 13h18.16.770298 +0530,
0.7,1000,exp,176,8,14,space,1.3357292499858886,None,200,1,[5.263808500021696],[5.263813166995533],14,8,176,11,2816.1749899159186,,2816.1675683750072,2816.1749899159186,2817.1594564579427,2817.1594564579427,2817.166806333,2818.5011490829056,space,1.3357292499858886,None,2818.502231874969,2819.2103354576434,2819.519340540981,2819.505269832909,2819.506820749957,2819.519340540981,2819.519340540981,2819.519340540981,2824.783432374941,200,1,[5.263808500021696],[5.263813166995533],P1.1,001,2025-11-10_13h18.04.604,Intentional Binding exp,,2025.1.1,119.44737677240607,2025-11-10 13h18.16.770298 +0530,
0.1,1000,exp,177,9,14,space,6.801709124003537,None,600,1,[20.238170374999754],[20.238175999955274],14,9,177,6,2824.791720457957,,2824.78363862494,2824.791720457957,2825.7752141249366,2825.7752141249366,2825.7828129999107,2832.585719124996,space,6.801709124003537,None,2832.587310707895,2832.6928096665692,2832.9959887079895,2832.981920916005,2832.983374707983,2832.9959887079895,2832.9959887079895,2832.9959887079895,2853.2344824579777,600,1,[20.238170374999754],[20.238175999955274],P1.1,001,2025-11-10_13h18.04.604,Intentional Binding exp,,2025.1.1,119.44737677240607,2025-11-10 13h18.16.770298 +0530,
0.7,400,unexp,178,10,14,space,4.177014625049196,None,400,1,[2.496706041973084],[2.4967112919548526],14,10,178,2,2853.2421052498976,,2853.234699665918,2853.2421052498976,2854.226287749945,2854.226287749945,2854.2335129159037,2858.4103120829677,space,4.177014625049196,None,2858.410668166005,2859.1108657495975,2859.4207959159976,2859.4059793750057,2859.4077518329723,2859.4207959159976,2859.4207959159976,2859.4207959159976,2861.9177885409445,400,1,[2.496706041973084],[2.4967112919548526],P1.1,001,2025-11-10_13h18.04.604,Intentional Binding exp,,2025.1.1,119.44737677240607,2025-11-10 13h18.16.770298 +0530,
0.1,1000,exp,179,11,14,space,3.842447041068226,None,500,1,[28.096370166982524],[28.096374417073093],14,11,179,9,2861.92608120793,,2861.918015207979,2861.92608120793,2862.9172034999356,2862.9172034999356,2862.9172034999356,2866.7612828749698,space,3.842447041068226,None,2866.7626221659593,2866.8662634576363,2867.171577790985,2867.1565344999544,2867.1582583329873,2867.171577790985,2867.171577790985,2867.171577790985,2895.2682675829856,500,1,[28.096370166982524],[28.096374417073093],P1.1,001,2025-11-10_13h18.04.604,Intentional Binding exp,,2025.1.1,119.44737677240607,2025-11-10 13h18.16.770298 +0530,
0.7,1000,exp,180,0,15,space,7.269538623979315,None,800,1,[2.6544014590326697],[2.654404875007458],15,0,180,5,2895.276013540919,,2895.2684859579895,2895.276013540919,2896.2602105409605,2896.2602105409605,2896.2673491659807,2903.535953207989,space,7.269538623979315,None,2903.536984040984,2904.2436952075846,2904.546973457909,2904.5324675829615,2904.534291207907,2904.546973457909,2904.546973457909,2904.546973457909,2907.201664290973,800,1,[2.6544014590326697],[2.654404875007458],P1.1,001,2025-11-10_13h18.04.604,Intentional Binding exp,,2025.1.1,119.44737677240607,2025-11-10 13h18.16.770298 +0530,
0.1,400,unexp,181,1,15,space,0.8108843739610165,None,100,1,[4.003871875000186],[4.003876417060383],15,1,181,0,2907.209536374896,,2907.2018818749348,2907.209536374896,2908.200863749953,2908.200863749953,2908.200863749953,2909.0297605829546,space,0.8108843739610165,None,2909.0311780829215,2909.1443792075775,2909.44765274995,2909.432497707894,2909.434381290921,2909.44765274995,2909.44765274995,2909.44765274995,2913.4518177909777,100,1,[4.003871875000186],[4.003876417060383],P1.1,001,2025-11-10_13h18.04.604,Intentional Binding exp,,2025.1.1,119.44737677240607,2025-11-10 13h18.16.770298 +0530,
0.7,400,unexp,182,2,15,space,1.3188166660256684,None,300,1,[8.156080041080713],[8.15608591597993],15,2,182,2,2913.4595039999112,,2913.452029915992,2913.4595039999112,2914.443772499915,2914.443772499915,2914.4509639999596,2915.768936874927,space,1.3188166660256684,None,2915.770357082947,2916.477157416583,2916.7782836660044,2916.7655495409854,2916.767124374979,2916.7782836660044,2916.7782836660044,2916.7782836660044,2924.9346589579945,300,1,[8.156080041080713],[8.15608591597993],P1.1,001,2025-11-10_13h18.04.604,Intentional Binding exp,,2025.1.1,119.44737677240607,2025-11-10 13h18.16.770298 +0530,
0.1,1000,exp,183,3,15,space,1.6868284579832107,None,800,1,[3.120480040903203],[3.1204844159074128],15,3,183,9,2924.9428959159413,,2924.934882957954,2924.9428959159413,2925.9448527909117,2925.9448527909117,2925.9448527909117,2927.635566624929,space,1.6868284579832107,None,2927.636827915907,2927.7442872076685,2928.047589874943,2928.0323712909594,2928.0340866249753,2928.047589874943,2928.047589874943,2928.047589874943,2931.1683573329356,800,1,[3.120480040903203],[3.1204844159074128],P1.1,001,2025-11-10_13h18.04.604,Intentional Binding exp,,2025.1.1,119.44737677240607,2025-11-10 13h18.16.770298 +0530,
0.4,1000,exp,184,4,15,space,2.80504016589839,None,400,1,[22.054137874976732],[22.054141749977134],15,4,184,4,2931.176946332911,,2931.168581707985,2931.176946332911,2932.1606323329033,2932.1606323329033,2932.1678334579337,2934.970210999949,space,2.80504016589839,None,2934.9718622498913,2935.3774675416685,2935.6808554999297,2935.666591374902,2935.6686146659777,2935.6808554999297,2935.6808554999297,2935.6808554999297,2957.7352514159866,400,1,[22.054137874976732],[22.054141749977134],P1.1,001,2025-11-10_13h18.04.604,Intentional Binding exp,,2025.1.1,119.44737677240607,2025-11-10 13h18.16.770298 +0530,
0.1,1000,exp,185,5,15,space,2.442428958020173,None,200,1,[3.7186808749102056],[3.718684749910608],15,5,185,6,2957.7432626659283,,2957.735399665893,2957.7432626659283,2958.7276876249816,2958.7276876249816,2958.7353207909036,2961.179314665962,space,2.442428958020173,None,2961.180662040948,2961.2841412496678,2961.5995205829386,2961.5841214159736,2961.5859481249936,2961.5995205829386,2961.5995205829386,2961.5995205829386,2965.318499707966,200,1,[3.7186808749102056],[3.718684749910608],P1.1,001,2025-11-10_13h18.04.604,Intentional Binding exp,,2025.1.1,119.44737677240607,2025-11-10 13h18.16.770298 +0530,
0.7,1000,exp,186,6,15,space,1.5501277489820495,None,100,1,[9.1722941249609],[9.172297874931246],15,6,186,11,2965.3272972909035,,2965.3187190829776,2965.3272972909035,2966.3109864159487,2966.3109864159487,2966.316620333004,2967.8696678329725,space,1.5501277489820495,None,2967.871023207903,2968.5778452075942,2968.879353749915,2968.8662505829707,2968.868127707974,2968.879353749915,2968.879353749915,2968.879353749915,2978.0519579160027,100,1,[9.1722941249609],[9.172297874931246],P1.1,001,2025-11-10_13h18.04.604,Intentional Binding exp,,2025.1.1,119.44737677240607,2025-11-10 13h18.16.770298 +0530,
0.4,400,unexp,187,7,15,space,5.001501415972598,None,800,1,[3.2308827920351177],[3.2308867500396445],15,7,187,1,2978.060253790929,,2978.052176874946,2978.060253790929,2979.044541582931,2979.044541582931,2979.0522170409095,2984.0530837499537,space,5.001501415972598,None,2984.054466415895,2984.462390457575,2984.771656207973,2984.7563725409564,2984.7580659579253,2984.771656207973,2984.771656207973,2984.771656207973,2988.002833874896,800,1,[3.2308827920351177],[3.2308867500396445],P1.1,001,2025-11-10_13h18.04.604,Intentional Binding exp,,2025.1.1,119.44737677240607,2025-11-10 13h18.16.770298 +0530,
0.4,1000,exp,188,8,15,space,1.642543707974255,None,400,1,[3.3362496671034023],[3.3362535421038046],15,8,188,7,2988.010912165977,,2988.00304820796,2988.010912165977,2989.012476665899,2989.012476665899,2989.012476665899,2990.6623430829495,space,1.642543707974255,None,2990.662722332985,2991.062324832605,2991.365646332968,2991.350105832913,2991.351857957896,2991.365646332968,2991.365646332968,2991.365646332968,2994.7021497909445,400,1,[3.3362496671034023],[3.3362535421038046],P1.1,001,2025-11-10_13h18.04.604,Intentional Binding exp,,2025.1.1,119.44737677240607,2025-11-10 13h18.16.770298 +0530,
0.4,1000,exp,189,9,15,space,3.6119893330615014,None,400,1,[101.76655674993526],[101.76656129199546],15,9,189,10,2994.711039082962,,2994.702289790963,2994.711039082962,2995.694742624997,2995.694742624997,2995.70252349996,2999.3139407499693,space,3.6119893330615014,None,2999.3155992910033,2999.7178134576575,3000.020266165957,3000.0070078748977,3000.0088338749483,3000.020266165957,3000.020266165957,3000.020266165957,3101.787078374997,400,1,[101.76655674993526],[101.76656129199546],P1.1,001,2025-11-10_13h18.04.604,Intentional Binding exp,,2025.1.1,119.44737677240607,2025-11-10 13h18.16.770298 +0530,
0.1,1000,exp,190,10,15,space,1.8272615409223363,None,200,1,[3.1696874999906868],[3.1696923329727724],15,10,190,3,3101.794933500001,,3101.787223624997,3101.794933500001,3102.7861058329,3102.7861058329,3102.7861058329,3104.62153895793,space,1.8272615409223363,None,3104.622699499945,3104.7302787496633,3105.034123790916,3105.0190086659277,3105.021080082981,3105.034123790916,3105.034123790916,3105.034123790916,3108.2041155409534,200,1,[3.1696874999906868],[3.1696923329727724],P1.1,001,2025-11-10_13h18.04.604,Intentional Binding exp,,2025.1.1,119.44737677240607,2025-11-10 13h18.16.770298 +0530,
0.7,1000,exp,191,11,15,space,0.4604921250138432,None,500,1,[96.05099083296955],[96.05099474999588],15,11,191,8,3108.2117044159677,,3108.2043103749165,3108.2117044159677,3109.1959779158933,3109.1959779158933,3109.2035135409096,3109.665422165999,space,0.4604921250138432,None,3109.6668016249314,3110.369077374639,3110.6705559579423,3110.6580951249925,3110.6597968329443,3110.6705559579423,3110.6705559579423,3110.6705559579423,3206.721839790931,500,1,[96.05099083296955],[96.05099474999588],P1.1,001,2025-11-10_13h18.04.604,Intentional Binding exp,,2025.1.1,119.44737677240607,2025-11-10 13h18.16.770298 +0530,
0.7,400,unexp,192,0,16,space,0.464500498957932,None,600,1,[61.180849125026725],[61.18085345905274],16,0,192,2,3206.7298370829085,,3206.7221322909463,3206.7298370829085,3207.713712290977,3207.713712290977,3207.720848707948,3208.182859124965,space,0.464500498957932,None,3208.184519957984,3208.8879076246562,3209.1909376659896,3209.176554332953,3209.1782239999156,3209.1909376659896,3209.1909376659896,3209.1909376659896,3270.372072457918,600,1,[61.180849125026725],[61.18085345905274],P1.1,001,2025-11-10_13h18.04.604,Intentional Binding exp,,2025.1.1,119.44737677240607,2025-11-10 13h18.16.770298 +0530,
0.7,1000,exp,193,1,16,space,11.278236499987543,None,100,1,[4.821558499941602],[4.821563374949619],16,1,193,8,3270.3798702909844,,3270.372314832988,3270.3798702909844,3271.371931749978,3271.371931749978,3271.371931749978,3282.656079749926,space,11.278236499987543,None,3282.6572952079587,3283.3645636246697,3283.667473040987,3283.6529489159584,3283.6547732909676,3283.667473040987,3283.667473040987,3283.667473040987,3288.489330374985,100,1,[4.821558499941602],[4.821563374949619],P1.1,001,2025-11-10_13h18.04.604,Intentional Binding exp,,2025.1.1,119.44737677240607,2025-11-10 13h18.16.770298 +0530,
0.7,1000,exp,194,2,16,space,2.3085303739644587,None,74,1,[5.629161708056927],[5.629167208098806],16,2,194,5,3288.4967116249027,,3288.489555332926,3288.4967116249027,3289.480902540963,3289.480902540963,3289.4887044579955,3291.7993671249133,space,2.3085303739644587,None,3291.8007392910076,3292.50429633266,3292.809097540914,3292.7939679159317,3292.795847125002,3292.809097540914,3292.809097540914,3292.809097540914,3298.4385504159145,74,1,[5.629161708056927],[5.629167208098806],P1.1,001,2025-11-10_13h18.04.604,Intentional Binding exp,,2025.1.1,119.44737677240607,2025-11-10 13h18.16.770298 +0530,
0.4,1000,exp,195,3,16,space,1.2123456250410527,None,400,1,[21.26972833299078],[21.26973275002092],16,3,195,10,3298.4468231250066,,3298.4387919999426,3298.4468231250066,3299.4489697079407,3299.4489697079407,3299.4489697079407,3300.6833875830052,space,1.2123456250410527,None,3300.6849133749492,3301.087521041573,3301.402828207938,3301.387666833005,3301.3893458748935,3301.402828207938,3301.402828207938,3301.402828207938,3322.672856415971,400,1,[21.26972833299078],[21.26973275002092],P1.1,001,2025-11-10_13h18.04.604,Intentional Binding exp,,2025.1.1,119.44737677240607,2025-11-10 13h18.16.770298 +0530,
0.4,1000,exp,196,4,16,space,6.780912540969439,None,200,1,[2.602722042007372],[2.602725667064078],16,4,196,7,3322.6803626659093,,3322.673065415933,3322.6803626659093,3323.6709839159157,3323.6709839159157,3323.6709839159157,3330.4564222079935,space,6.780912540969439,None,3330.457760624937,3330.8648107496015,3331.169882374932,3331.154585415963,3331.1565852909116,3331.169882374932,3331.169882374932,3331.169882374932,3333.772902166005,200,1,[2.602722042007372],[2.602725667064078],P1.1,001,2025-11-10_13h18.04.604,Intentional Binding exp,,2025.1.1,119.44737677240607,2025-11-10 13h18.16.770298 +0530,
0.7,1000,exp,197,5,16,space,1.9293579990044236,None,300,1,[39.11530754098203],[39.115312165929936],16,5,197,11,3333.780518332962,,3333.7731132078916,3333.780518332962,3334.764536374947,3334.764536374947,3334.7720455829985,3336.6997022079304,space,1.9293579990044236,None,3336.700574540999,3337.4054850416182,3337.707566582947,3337.69396062498,3337.6955775409006,3337.707566582947,3337.707566582947,3337.707566582947,3376.8231660829624,300,1,[39.11530754098203],[39.115312165929936],P1.1,001,2025-11-10_13h18.04.604,Intentional Binding exp,,2025.1.1,119.44737677240607,2025-11-10 13h18.16.770298 +0530,
0.1,1000,exp,198,6,16,space,0.6646808329969645,None,500,1,[89.73763758304995],[89.73764349997509],16,6,198,6,3376.8309368749615,,3376.8233772909734,3376.8309368749615,3377.8152757909847,3377.8152757909847,3377.822580207954,3378.4834000410046,space,0.6646808329969645,None,3378.4847469578963,3378.589128457654,3378.902334082988,3378.8874727499206,3378.8898771659005,3378.902334082988,3378.902334082988,3378.902334082988,3468.6402809999418,500,1,[89.73763758304995],[89.73764349997509],P1.1,001,2025-11-10_13h18.04.604,Intentional Binding exp,,2025.1.1,119.44737677240607,2025-11-10 13h18.16.770298 +0530,
0.1,1000,exp,199,7,16,space,0.9636030819965526,None,300,1,[4.263117916998453],[4.2631216669688],16,7,199,9,3468.648430165951,,3468.640489540994,3468.648430165951,3469.6504549159436,3469.6504549159436,3469.6504549159436,3470.618076249957,space,0.9636030819965526,None,3470.6195256659994,3470.7223394995713,3471.0268258749275,3471.0123674159404,3471.0141307499725,3471.0268258749275,3471.0268258749275,3471.0268258749275,3475.2902461249614,300,1,[4.263117916998453],[4.2631216669688],P1.1,001,2025-11-10_13h18.04.604,Intentional Binding exp,,2025.1.1,119.44737677240607,2025-11-10 13h18.16.770298 +0530,
0.1,400,unexp,200,8,16,space,0.4824821240035817,None,800,1,[2.915842874906957],[2.9158472499111667],16,8,200,0,3475.2990346659208,,3475.2904643329093,3475.2990346659208,3476.282606874942,3476.282606874942,3476.2898135409923,3476.7679160409607,space,0.4824821240035817,None,3476.7693702079123,3476.8723114575882,3477.1744399159215,3477.162300625001,3477.1637629999314,3477.1744399159215,3477.1744399159215,3477.1744399159215,3480.090574457892,800,1,[2.915842874906957],[2.9158472499111667],P1.1,001,2025-11-10_13h18.04.604,Intentional Binding exp,,2025.1.1,119.44737677240607,2025-11-10 13h18.16.770298 +0530,
0.4,1000,exp,201,9,16,space,0.8180527500808239,None,400,1,[20.869781332905404],[20.86978529090993],16,9,201,4,3480.099068832933,,3480.09079345793,3480.099068832933,3481.082753457944,3481.082753457944,3481.0898381659063,3481.9077802909305,space,0.8180527500808239,None,3481.9091707499465,3482.31606345758,3482.6203092499636,3482.604853082914,3482.607021124917,3482.6203092499636,3482.6203092499636,3482.6203092499636,3503.490382332937,400,1,[20.869781332905404],[20.86978529090993],P1.1,001,2025-11-10_13h18.04.604,Intentional Binding exp,,2025.1.1,119.44737677240607,2025-11-10 13h18.16.770298 +0530,
0.1,1000,exp,202,10,16,space,2.6745152910007164,None,600,1,[17.781527874991298],[17.78153241693508],16,10,202,3,3503.49956966599,,3503.490600915975,3503.49956966599,3504.482938290923,3504.482938290923,3504.4902792079374,3507.1677397909807,space,2.6745152910007164,None,3507.169049874996,3507.272729416673,3507.5757130410057,3507.5621082079597,3507.5639172910014,3507.5757130410057,3507.5757130410057,3507.5757130410057,3525.3575413749786,600,1,[17.781527874991298],[17.78153241693508],P1.1,001,2025-11-10_13h18.04.604,Intentional Binding exp,,2025.1.1,119.44737677240607,2025-11-10 13h18.16.770298 +0530,
0.4,400,unexp,203,11,16,space,5.632192458026111,None,300,1,[3.188181042089127],[3.1881847920594737],16,11,203,1,3525.365481124958,,3525.3577594578965,3525.365481124958,3526.356789207901,3526.356789207901,3526.356789207901,3532.0025093329605,space,5.632192458026111,None,3532.0039564579492,3532.41725324962,3532.719794790959,3532.705528790946,3532.707351207966,3532.719794790959,3532.719794790959,3532.719794790959,3535.9082330409437,300,1,[3.188181042089127],[3.1881847920594737],P1.1,001,2025-11-10_13h18.04.604,Intentional Binding exp,,2025.1.1,119.44737677240607,2025-11-10 13h18.16.770298 +0530,
0.7,1000,exp,204,0,17,space,0.8129086659755558,None,800,1,[2.6214856250444427],[2.6214897910831496],17,0,204,8,3535.916221374995,,3535.9083762079244,3535.916221374995,3536.907111999928,3536.907111999928,3536.907111999928,3537.726014874992,space,0.8129086659755558,None,3537.727653082926,3538.4342651665834,3538.736795582925,3538.722331458004,3538.723886832944,3538.736795582925,3538.736795582925,3538.736795582925,3541.358574874932,800,1,[2.6214856250444427],[2.6214897910831496],P1.1,001,2025-11-10_13h18.04.604,Intentional Binding exp,,2025.1.1,119.44737677240607,2025-11-10 13h18.16.770298 +0530,
0.1,400,unexp,205,1,17,space,2.140097750001587,None,800,1,[8.336660792003386],[8.336664334055968],17,1,205,0,3541.3663117910037,,3541.3587926659966,3541.3663117910037,3542.3679656249005,3542.3679656249005,3542.3679656249005,3544.5190454999683,space,2.140097750001587,None,3544.520672290935,3544.6230859995744,3544.9375914159464,3544.92268941598,3544.9247251249617,3544.9375914159464,3544.9375914159464,3544.9375914159464,3553.2745629579294,800,1,[8.336660792003386],[8.336664334055968],P1.1,001,2025-11-10_13h18.04.604,Intentional Binding exp,,2025.1.1,119.44737677240607,2025-11-10 13h18.16.770298 +0530,
0.1,1000,exp,206,2,17,space,0.23891354096122086,None,300,1,[4.56460054195486],[4.564605624997057],17,2,206,6,3553.282477499917,,3553.2747692909325,3553.282477499917,3554.266848707921,3554.266848707921,3554.2736277909717,3554.508515249938,space,0.23891354096122086,None,3554.5098256659694,3554.6076258326107,3554.9094588749576,3554.8963913329644,3554.897974249907,3554.9094588749576,3554.9094588749576,3554.9094588749576,3559.4743458329467,300,1,[4.56460054195486],[4.564605624997057],P1.1,001,2025-11-10_13h18.04.604,Intentional Binding exp,,2025.1.1,119.44737677240607,2025-11-10 13h18.16.770298 +0530,
0.4,1000,exp,207,3,17,space,2.193762958049774,None,400,1,[5.734253417002037],[5.734257332980633],17,3,207,4,3559.4825586659135,,3559.4745572909014,3559.4825586659135,3560.4668707499513,3560.4668707499513,3560.474019749905,3562.6683510409202,space,2.193762958049774,None,3562.6687842078973,3563.0736898326472,3563.3901219159598,3563.3733318329323,3563.375513332896,3563.3901219159598,3563.3901219159598,3563.3901219159598,3569.1246687079547,400,1,[5.734253417002037],[5.734257332980633],P1.1,001,2025-11-10_13h18.04.604,Intentional Binding exp,,2025.1.1,119.44737677240607,2025-11-10 13h18.16.770298 +0530,
0.4,1000,exp,208,4,17,space,3.2265710410429165,None,100,1,[19.885287208016962],[19.885291708051227],17,4,208,10,3569.1325737499865,,3569.1248901250074,3569.1325737499865,3570.1171018329915,3570.1171018329915,3570.123253708007,3573.352420290932,space,3.2265710410429165,None,3573.3540721659083,3573.7578337076743,3574.0727377909934,3574.056562374928,3574.0586073749,3574.0727377909934,3574.0727377909934,3574.0727377909934,3593.958308957983,100,1,[19.885287208016962],[19.885291708051227],P1.1,001,2025-11-10_13h18.04.604,Intentional Binding exp,,2025.1.1,119.44737677240607,2025-11-10 13h18.16.770298 +0530,
0.4,400,unexp,209,5,17,space,5.31342575000599,None,700,1,[9.172421291936189],[9.172424624906853],17,5,209,1,3593.966255957959,,3593.958521457971,3593.966255957959,3594.9497213329887,3594.9497213329887,3594.9572414580034,3600.2687887909124,space,5.31342575000599,None,3600.2699439999415,3600.66833433259,3600.969528415939,3600.9560816249577,3600.9576384159736,3600.969528415939,3600.969528415939,3600.969528415939,3610.1422514579026,700,1,[9.172421291936189],[9.172424624906853],P1.1,001,2025-11-10_13h18.04.604,Intentional Binding exp,,2025.1.1,119.44737677240607,2025-11-10 13h18.16.770298 +0530,
0.4,1000,exp,210,6,17,space,0.8687463330570608,None,400,1,[12.187574417097494],[12.187579542049207],17,6,210,7,3610.149728499935,,3610.142458707909,3610.149728499935,3611.1343864579685,3611.1343864579685,3611.1517170829466,3612.0203737909906,space,0.8687463330570608,None,3612.0220716249896,3612.4242776246433,3612.7396476248978,3612.723870374961,3612.7261680829106,3612.7396476248978,3612.7396476248978,3612.7396476248978,3624.9275577499066,400,1,[12.187574417097494],[12.187579542049207],P1.1,001,2025-11-10_13h18.04.604,Intentional Binding exp,,2025.1.1,119.44737677240607,2025-11-10 13h18.16.770298 +0530,
0.7,1000,exp,211,7,17,space,0.7135282910894603,None,200,1,[1.9482208749977872],[1.9482244160026312],17,7,211,11,3624.9503662909847,,3624.927727165981,3624.9503662909847,3625.925333457999,3625.925333457999,3625.941350374953,3626.6532244159607,space,0.7135282910894603,None,3626.654858499998,3627.3574954166,3627.660535499919,3627.6464223749936,3627.6478507498978,3627.660535499919,3627.660535499919,3627.660535499919,3629.6090419159736,200,1,[1.9482208749977872],[1.9482244160026312],P1.1,001,2025-11-10_13h18.04.604,Intentional Binding exp,,2025.1.1,119.44737677240607,2025-11-10 13h18.16.770298 +0530,
0.1,1000,exp,212,8,17,space,2.1837494570063427,None,300,1,[4.278770540957339],[4.278774791047908],17,8,212,9,3629.6166109999176,,3629.6092552079353,3629.6166109999176,3630.6090144999325,3630.6090144999325,3630.6090144999325,3632.8023884159047,space,2.1837494570063427,None,3632.8037661659764,3632.9076633325935,3633.2131056250073,3633.1972833329346,3633.1989357909188,3633.2131056250073,3633.2131056250073,3633.2131056250073,3637.492175082909,300,1,[4.278770540957339],[4.278774791047908],P1.1,001,2025-11-10_13h18.04.604,Intentional Binding exp,,2025.1.1,119.44737677240607,2025-11-10 13h18.16.770298 +0530,
0.7,400,unexp,213,9,17,space,0.6735822909977287,None,900,1,[2.2700302499579266],[2.2700348329963163],17,9,213,2,3637.5005240829196,,3637.4923797498923,3637.5005240829196,3638.4842111659236,3638.4842111659236,3638.49146474991,3639.1590867079794,space,0.6735822909977287,None,3639.1602496249834,3639.8677329995594,3640.1726107909344,3640.156378207961,3640.1581887499196,3640.1726107909344,3640.1726107909344,3640.1726107909344,3642.4429153329693,900,1,[2.2700302499579266],[2.2700348329963163],P1.1,001,2025-11-10_13h18.04.604,Intentional Binding exp,,2025.1.1,119.44737677240607,2025-11-10 13h18.16.770298 +0530,
0.1,1000,exp,214,10,17,space,0.6655444989446551,None,500,1,[2.521207708050497],[2.521211375016719],17,10,214,3,3642.4506376249483,,3642.4431400409667,3642.4506376249483,3643.441261290922,3643.441261290922,3643.441261290922,3644.109291957924,space,0.6655444989446551,None,3644.110653832904,3644.2186161665636,3644.52114924998,3644.5075367079116,3644.5094154579565,3644.52114924998,3644.52114924998,3644.52114924998,3647.0426468749065,500,1,[2.521207708050497],[2.521211375016719],P1.1,001,2025-11-10_13h18.04.604,Intentional Binding exp,,2025.1.1,119.44737677240607,2025-11-10 13h18.16.770298 +0530,
0.7,1000,exp,215,11,17,space,7.5617501239757985,None,1000,1,[4.54008404200431],[4.540088167064823],17,11,215,5,3647.050061832997,,3647.0428491249913,3647.050061832997,3648.0412383748917,3648.0412383748917,3648.0412383748917,3655.6105197909055,space,7.5617501239757985,None,3655.6118734999327,3656.317708499559,3656.6188938328996,3656.6063109999523,3656.607978915912,3656.6188938328996,3656.6188938328996,3656.6188938328996,3661.159275999991,1000,1,[4.54008404200431],[4.540088167064823],P1.1,001,2025-11-10_13h18.04.604,Intentional Binding exp,,2025.1.1,119.44737677240607,2025-11-10 13h18.16.770298 +0530,
0.4,1000,exp,216,0,18,space,0.8985448330640793,None,1000,1,[5.588071917067282],[5.5880758330458775],18,0,216,4,3661.1669167079963,,3661.1594834579155,3661.1669167079963,3662.158390415949,3662.158390415949,3662.158390415949,3663.0596091249026,space,0.8985448330640793,None,3663.060804040986,3663.458910166581,3663.771145000006,3663.7571671250043,3663.7583699160023,3663.771145000006,3663.771145000006,3663.771145000006,3669.3595124159474,1000,1,[5.588071917067282],[5.5880758330458775],P1.1,001,2025-11-10_13h18.04.604,Intentional Binding exp,,2025.1.1,119.44737677240607,2025-11-10 13h18.16.770298 +0530,
0.1,1000,exp,217,1,18,space,5.293477124068886,None,800,1,[4.367828875081614],[4.36783241701778],18,1,217,3,3669.367134333006,,3669.3597248749575,3669.367134333006,3670.357272416004,3670.357272416004,3670.357272416004,3675.653302624938,space,5.293477124068886,None,3675.654428082984,3675.758429332582,3676.058324832935,3676.0469417079585,3676.0487831250066,3676.058324832935,3676.058324832935,3676.058324832935,3680.4264451249037,800,1,[4.367828875081614],[4.36783241701778],P1.1,001,2025-11-10_13h18.04.604,Intentional Binding exp,,2025.1.1,119.44737677240607,2025-11-10 13h18.16.770298 +0530,
0.1,1000,exp,218,2,18,space,0.7310121660120785,None,850,1,[2.5060197920538485],[2.506023208028637],18,2,218,6,3680.433790207957,,3680.426651916001,3680.433790207957,3681.4253729159245,3681.4253729159245,3681.4253729159245,3682.1605527909705,space,0.7310121660120785,None,3682.1619239579886,3682.2680416246335,3682.5695410409244,3682.5565706249326,3682.5583671249915,3682.5695410409244,3682.5695410409244,3682.5695410409244,3685.0758453749586,850,1,[2.5060197920538485],[2.506023208028637],P1.1,001,2025-11-10_13h18.04.604,Intentional Binding exp,,2025.1.1,119.44737677240607,2025-11-10 13h18.16.770298 +0530,
0.7,400,unexp,219,3,18,space,0.6873994159977883,None,400,1,[2.445632499991916],[2.445636457996443],18,3,219,2,3685.08433283295,,3685.076055707992,3685.08433283295,3686.0678960829973,3686.0678960829973,3686.075512249954,3686.759758665925,space,0.6873994159977883,None,3686.761117790942,3687.459341916667,3687.763367957901,3687.7492620829726,3687.754487957922,3687.763367957901,3687.763367957901,3687.763367957901,3690.2092959999572,400,1,[2.445632499991916],[2.445636457996443],P1.1,001,2025-11-10_13h18.04.604,Intentional Binding exp,,2025.1.1,119.44737677240607,2025-11-10 13h18.16.770298 +0530,
0.1,1000,exp,220,4,18,space,0.6968227910110727,None,400,1,[10.36546241689939],[10.365466333925724],18,4,220,9,3690.2170941659715,,3690.2095309579745,3690.2170941659715,3691.201496582944,3691.201496582944,3691.2085642908933,3691.90296924999,space,0.6968227910110727,None,3691.904325499898,3692.008235666614,3692.3101164579857,3692.2967204999877,3692.2982348329388,3692.3101164579857,3692.3101164579857,3692.3101164579857,3702.675829707994,400,1,[10.36546241689939],[10.365466333925724],P1.1,001,2025-11-10_13h18.04.604,Intentional Binding exp,,2025.1.1,119.44737677240607,2025-11-10 13h18.16.770298 +0530,
0.7,1000,exp,221,5,18,space,18.19220391602721,None,500,1,[6.4989999160170555],[6.499003250035457],18,5,221,11,3702.683871999965,,3702.6759714999935,3702.683871999965,3703.674264832982,3703.674264832982,3703.674264832982,3721.869886415894,space,18.19220391602721,None,3721.871233874932,3722.5751157495583,3722.876657582936,3722.8639547909843,3722.8658051249804,3722.876657582936,3722.876657582936,3722.876657582936,3729.375942707993,500,1,[6.4989999160170555],[6.499003250035457],P1.1,001,2025-11-10_13h18.04.604,Intentional Binding exp,,2025.1.1,119.44737677240607,2025-11-10 13h18.16.770298 +0530,
0.4,1000,exp,222,6,18,space,1.1013924579601735,None,500,1,[3.1964165000244975],[3.1964205419644713],18,6,222,7,3729.3841630829265,,3729.376143915928,3729.3841630829265,3730.368488832959,3730.368488832959,3730.376376915956,3731.475537124905,space,1.1013924579601735,None,3731.4765645409934,3731.8862515825936,3732.1959320409223,3732.1808947909158,3732.183081874973,3732.1959320409223,3732.1959320409223,3732.1959320409223,3735.392632999923,500,1,[3.1964165000244975],[3.1964205419644713],P1.1,001,2025-11-10_13h18.04.604,Intentional Binding exp,,2025.1.1,119.44737677240607,2025-11-10 13h18.16.770298 +0530,
0.7,1000,exp,223,7,18,space,1.6098026239778847,None,900,1,[5.948220000020228],[5.948224541964009],18,7,223,5,3735.400877374923,,3735.39286837494,3735.400877374923,3736.385073790909,3736.385073790909,3736.3926541249966,3738.003370916005,space,1.6098026239778847,None,3738.004693749943,3738.708765832653,3739.0109296248993,3738.9974087500013,3738.9989986659493,3739.0109296248993,3739.0109296248993,3739.0109296248993,3744.9594091249164,900,1,[5.948220000020228],[5.948224541964009],P1.1,001,2025-11-10_13h18.04.604,Intentional Binding exp,,2025.1.1,119.44737677240607,2025-11-10 13h18.16.770298 +0530,
0.4,400,unexp,224,8,18,space,0.4319931659847498,None,250,1,[2.447480750037357],[2.4474841250339523],18,8,224,1,3744.968263165909,,3744.959549541003,3744.968263165909,3745.9520107079297,3745.9520107079297,3745.9593456248986,3746.38730545796,space,0.4319931659847498,None,3746.3888963329373,3746.791626207593,3747.0956529579125,3747.0816205829615,3747.083365957951,3747.0956529579125,3747.0956529579125,3747.0956529579125,3749.5434141659644,250,1,[2.447480750037357],[2.4474841250339523],P1.1,001,2025-11-10_13h18.04.604,Intentional Binding exp,,2025.1.1,119.44737677240607,2025-11-10 13h18.16.770298 +0530,
0.1,400,unexp,225,9,18,space,3.5144869569921866,None,300,1,[4.464672000030987],[4.464675750001334],18,9,225,0,3749.550992915989,,3749.5436265409226,3749.550992915989,3750.5422615829157,3750.5422615829157,3750.5422615829157,3754.0713722079527,space,3.5144869569921866,None,3754.072808915982,3754.1750085825956,3754.478968249983,3754.464622665895,3754.4663243748946,3754.478968249983,3754.478968249983,3754.478968249983,3758.943943082937,300,1,[4.464672000030987],[4.464675750001334],P1.1,001,2025-11-10_13h18.04.604,Intentional Binding exp,,2025.1.1,119.44737677240607,2025-11-10 13h18.16.770298 +0530,
0.4,1000,exp,226,10,18,space,0.8358844160102308,None,1000,1,[6.319767040899023],[6.319771290989593],18,10,226,10,3758.9511074159527,,3758.944161082967,3758.9511074159527,3759.935682374984,3759.935682374984,3759.9422571249306,3760.788531875005,space,0.8358844160102308,None,3760.7906643749448,3761.193619749571,3761.506349165924,3761.4909965828992,3761.4931399578927,3761.506349165924,3761.506349165924,3761.506349165924,3767.826419790974,1000,1,[6.319767040899023],[6.319771290989593],P1.1,001,2025-11-10_13h18.04.604,Intentional Binding exp,,2025.1.1,119.44737677240607,2025-11-10 13h18.16.770298 +0530,
0.7,1000,exp,227,11,18,space,1.1401543320389464,None,999,1,[2.9471992909675464],[2.9472031249897555],18,11,227,8,3767.835445582983,,3767.826629124931,3767.835445582983,3768.8262278749608,3768.8262278749608,3768.8262278749608,3769.970560332993,space,1.1401543320389464,None,3769.972136374912,3770.6765514165786,3770.9798277079826,3770.965018582996,3770.9666738749947,3770.9798277079826,3770.9798277079826,3770.9798277079826,3773.927284040954,999,1,[2.9471992909675464],[2.9472031249897555],P1.1,001,2025-11-10_13h18.04.604,Intentional Binding exp,,2025.1.1,119.44737677240607,2025-11-10 13h18.16.770298 +0530,
0.7,1000,exp,228,0,19,space,1.0843551659490913,None,998,1,[3.5480375410988927],[3.5480409580050036],19,0,228,11,3773.9352347909007,,3773.927426332957,3773.9352347909007,3774.919035207946,3774.919035207946,3774.926596624893,3776.0050080829533,space,1.0843551659490913,None,3776.0066817499464,3776.709788791665,3777.0119723329553,3776.9983719999436,3776.9999215409625,3777.0119723329553,3777.0119723329553,3777.0119723329553,3780.560294957948,998,1,[3.5480375410988927],[3.5480409580050036],P1.1,001,2025-11-10_13h18.04.604,Intentional Binding exp,,2025.1.1,119.44737677240607,2025-11-10 13h18.16.770298 +0530,
0.1,400,unexp,229,1,19,space,1.140441873925738,None,405,1,[6.769857332925312],[6.769861624925397],19,1,229,0,3780.5681228329195,,3780.5604998329654,3780.5681228329195,3781.560946374899,3781.560946374899,3781.560946374899,3782.7046775409253,space,1.140441873925738,None,3782.7060685409233,3782.8091927916435,3783.1249895408982,3783.1086502909893,3783.1107349999947,3783.1249895408982,3783.1249895408982,3783.1249895408982,3789.8951455829665,405,1,[6.769857332925312],[6.769861624925397],P1.1,001,2025-11-10_13h18.04.604,Intentional Binding exp,,2025.1.1,119.44737677240607,2025-11-10 13h18.16.770298 +0530,
0.1,1000,exp,230,2,19,space,1.0951270000077784,None,980,1,[3.1342076669679955],[3.1342114589642733],19,2,230,9,3789.9184327499242,,3789.8953615409555,3789.9184327499242,3790.89264037495,3790.89264037495,3790.90948741592,3792.0050074158935,space,1.0951270000077784,None,3792.006506665959,3792.109189666637,3792.4262206249405,3792.4093940409366,3792.4115823749453,3792.4262206249405,3792.4262206249405,3792.4262206249405,3795.560753165977,980,1,[3.1342076669679955],[3.1342114589642733],P1.1,001,2025-11-10_13h18.04.604,Intentional Binding exp,,2025.1.1,119.44737677240607,2025-11-10 13h18.16.770298 +0530,
0.4,1000,exp,231,3,19,space,0.6029759990051389,None,970,1,[2.6851332500809804],[2.6851373329991475],19,3,231,10,3795.568761082948,,3795.5609666249948,3795.568761082948,3796.552733874996,3796.552733874996,3796.560152040911,3797.160805707914,space,0.6029759990051389,None,3797.1621489999816,3797.570538541597,3797.8752676249715,3797.8597011249512,3797.862179040909,3797.8752676249715,3797.8752676249715,3797.8752676249715,3800.5606866659364,970,1,[2.6851332500809804],[2.6851373329991475],P1.1,001,2025-11-10_13h18.04.604,Intentional Binding exp,,2025.1.1,119.44737677240607,2025-11-10 13h18.16.770298 +0530,
0.4,1000,exp,232,4,19,space,0.902939124032855,None,960,1,[4.001354250009172],[4.00135916704312],19,4,232,7,3800.568401540979,,3800.5608870829456,3800.568401540979,3801.559795915964,3801.559795915964,3801.559795915964,3802.470235165907,space,0.902939124032855,None,3802.4705976659898,3802.8693488746108,3803.1751692499965,3803.1589873329503,3803.161069665919,3803.1751692499965,3803.1751692499965,3803.1751692499965,3807.176851457916,960,1,[4.001354250009172],[4.00135916704312],P1.1,001,2025-11-10_13h18.04.604,Intentional Binding exp,,2025.1.1,119.44737677240607,2025-11-10 13h18.16.770298 +0530,
0.1,1000,exp,233,5,19,space,0.864317124010995,None,950,1,[3.4865392500068992],[3.4865433329250664],19,5,233,6,3807.185063874931,,3807.1770599579904,3807.185063874931,3808.169190290966,3808.169190290966,3808.1752380409744,3809.037478415994,space,0.864317124010995,None,3809.038892790908,3809.1427262495895,3809.4571977499872,3809.4423412079923,3809.4443909579422,3809.4571977499872,3809.4571977499872,3809.4571977499872,3812.9440266249003,950,1,[3.4865392500068992],[3.4865433329250664],P1.1,001,2025-11-10_13h18.04.604,Intentional Binding exp,,2025.1.1,119.44737677240607,2025-11-10 13h18.16.770298 +0530,
0.4,1000,exp,234,6,19,space,0.6266586240381002,None,940,1,[2.4141574170207605],[2.4141610839869827],19,6,234,4,3812.951882082969,,3812.944228874985,3812.951882082969,3813.942888499936,3813.942888499936,3813.942888499936,3814.5711820829893,space,0.6266586240381002,None,3814.572874124977,3814.976614749587,3815.27952420793,3815.2657399158925,3815.2675080829067,3815.27952420793,3815.27952420793,3815.27952420793,3817.6939620409394,940,1,[2.4141574170207605],[2.4141610839869827],P1.1,001,2025-11-10_13h18.04.604,Intentional Binding exp,,2025.1.1,119.44737677240607,2025-11-10 13h18.16.770298 +0530,
0.7,400,unexp,235,7,19,space,1.313170081935823,None,410,1,[4.647696583066136],[4.647701583104208],19,7,235,2,3817.7018327079713,,3817.694166790927,3817.7018327079713,3818.686269290978,3818.686269290978,3818.6936029159697,3820.0043358328985,space,1.313170081935823,None,3820.0057104579173,3820.7096299576265,3821.0122544999467,3820.9987917079125,3821.0006089579547,3821.0122544999467,3821.0122544999467,3821.0122544999467,3825.6602521250024,410,1,[4.647696583066136],[4.647701583104208],P1.1,001,2025-11-10_13h18.04.604,Intentional Binding exp,,2025.1.1,119.44737677240607,2025-11-10 13h18.16.770298 +0530,
0.7,1000,exp,236,8,19,space,2.7335182500537485,None,930,1,[6.87037895899266],[6.870383583940566],19,8,236,8,3825.669183165999,,3825.660485624918,3825.669183165999,3826.6528344999533,3826.6528344999533,3826.6583549159113,3829.395056124893,space,2.7335182500537485,None,3829.3964345830027,3830.1028741666273,3830.4066971659195,3830.391906999983,3830.3937410409562,3830.4066971659195,3830.4066971659195,3830.4066971659195,3837.2773794579552,930,1,[6.87037895899266],[6.870383583940566],P1.1,001,2025-11-10_13h18.04.604,Intentional Binding exp,,2025.1.1,119.44737677240607,2025-11-10 13h18.16.770298 +0530,
0.7,1000,exp,237,9,19,space,0.7755127069540322,None,920,1,[4.420618708012626],[4.420623500016518],19,9,237,5,3837.2854219999863,,3837.2775919159176,3837.2854219999863,3838.2767860830063,3838.2767860830063,3838.2767860830063,3839.054377332912,space,0.7755127069540322,None,3839.055618290906,3839.7540670826024,3840.0567487908993,3840.041867416003,3840.0440264579374,3840.0567487908993,3840.0567487908993,3840.0567487908993,3844.4776684578974,920,1,[4.420618708012626],[4.420623500016518],P1.1,001,2025-11-10_13h18.04.604,Intentional Binding exp,,2025.1.1,119.44737677240607,2025-11-10 13h18.16.770298 +0530,
0.4,400,unexp,238,10,19,space,1.2772865409497172,None,415,1,[4.4023659999947995],[4.402371041942388],19,10,238,1,3844.485426999978,,3844.477851124946,3844.485426999978,3845.4767938749865,3845.4767938749865,3845.4767938749865,3846.762032166007,space,1.2772865409497172,None,3846.7634186659707,3847.1699877075775,3847.4749427079223,3847.458845832967,3847.4609310409287,3847.4749427079223,3847.4749427079223,3847.4749427079223,3851.877611207892,415,1,[4.4023659999947995],[4.402371041942388],P1.1,001,2025-11-10_13h18.04.604,Intentional Binding exp,,2025.1.1,119.44737677240607,2025-11-10 13h18.16.770298 +0530,
0.1,1000,exp,239,11,19,space,1.5637656239559874,None,910,1,[4.564827458001673],[4.564831040916033],19,11,239,3,3851.8861634159693,,3851.877831999911,3851.8861634159693,3852.8873402499594,3852.8873402499594,3852.8873402499594,3854.4548223329475,space,1.5637656239559874,None,3854.4561958329286,3854.559857916615,3854.8627977079013,3854.8489520410076,3854.850654082955,3854.8627977079013,3854.8627977079013,3854.8627977079013,3859.4279093329096,910,1,[4.564827458001673],[4.564831040916033],P1.1,001,2025-11-10_13h18.04.604,Intentional Binding exp,,2025.1.1,119.44737677240607,2025-11-10 13h18.16.770298 +0530,
0.1,1000,exp,240,0,20,space,0.5020123329013586,None,900,1,[1.9365602909820154],[1.936564457952045],20,0,240,6,3859.435693707899,,3859.428112332942,3859.435693707899,3860.4199400409125,3860.4199400409125,3860.4271099579055,3860.9284061249346,space,0.5020123329013586,None,3860.928771790932,3861.036783541615,3861.341185749974,3861.3255572079215,3861.3276617910014,3861.341185749974,3861.341185749974,3861.341185749974,3863.2780348329106,900,1,[1.9365602909820154],[1.936564457952045],P1.1,001,2025-11-10_13h18.04.604,Intentional Binding exp,,2025.1.1,119.44737677240607,2025-11-10 13h18.16.770298 +0530,
0.7,1000,exp,241,1,20,space,0.135762375080958,None,1000,1,[1.994270332972519],[1.9942746249726042],20,1,241,5,3863.285766749992,,3863.278238166007,3863.285766749992,3864.2785454159603,3864.2785454159603,3864.2785454159603,3864.4227746248944,space,0.135762375080958,None,3864.424423999968,3865.126785582576,3865.4335032909876,3865.416698457906,3865.4188225829275,3865.4335032909876,3865.4335032909876,3865.4335032909876,3867.428054124932,1000,1,[1.994270332972519],[1.9942746249726042],P1.1,001,2025-11-10_13h18.04.604,Intentional Binding exp,,2025.1.1,119.44737677240607,2025-11-10 13h18.16.770298 +0530,
0.4,400,unexp,242,2,20,space,0.5141614569583908,None,400,1,[2.7207224579760805],[2.720726291066967],20,2,242,1,3867.4362974159885,,3867.428251999896,3867.4362974159885,3868.437943500001,3868.437943500001,3868.437943500001,3868.956124082906,space,0.5141614569583908,None,3868.9574662499363,3869.371063999661,3869.6734167909017,3869.6602285410045,3869.66231245792,3869.6734167909017,3869.6734167909017,3869.6734167909017,3872.394434790942,400,1,[2.7207224579760805],[2.720726291066967],P1.1,001,2025-11-10_13h18.04.604,Intentional Binding exp,,2025.1.1,119.44737677240607,2025-11-10 13h18.16.770298 +0530,
0.7,1000,exp,243,3,20,space,0.7669197070645168,None,1000,1,[1.502447042032145],[1.5024520420702174],20,3,243,8,3872.4034681249177,,3872.3946515409043,3872.4034681249177,3873.386983582983,3873.386983582983,3873.395056874957,3874.1625472909072,space,0.7669197070645168,None,3874.163400415913,3874.871315541623,3875.175039707916,3875.1593239159556,3875.1610904999543,3875.175039707916,3875.175039707916,3875.175039707916,3876.6778047499247,1000,1,[1.502447042032145],[1.5024520420702174],P1.1,001,2025-11-10_13h18.04.604,Intentional Binding exp,,2025.1.1,119.44737677240607,2025-11-10 13h18.16.770298 +0530,
0.7,400,unexp,244,4,20,space,0.7664590410422534,None,400,1,[2.0289844169747084],[2.0289884170051664],20,4,244,2,3876.685965499957,,3876.6780145829543,3876.685965499957,3877.6703424999723,3877.6703424999723,3877.6775393330026,3878.438207249972,space,0.7664590410422534,None,3878.439290124923,3879.1433424576576,3879.4484559159027,3879.432992957998,3879.434759415919,3879.4484559159027,3879.4484559159027,3879.4484559159027,3881.477732999949,400,1,[2.0289844169747084],[2.0289884170051664],P1.1,001,2025-11-10_13h18.04.604,Intentional Binding exp,,2025.1.1,119.44737677240607,2025-11-10 13h18.16.770298 +0530,
0.1,400,unexp,245,5,20,space,0.5352578749880195,None,400,1,[2.388799540931359],[2.3888032499235123],20,5,245,0,3881.486778499908,,3881.47794004099,3881.486778499908,3882.4745963329915,3882.4745963329915,3882.4745963329915,3883.0117672909983,space,0.5352578749880195,None,3883.0130614999216,3883.1205314165604,3883.4219834579853,3883.4089097909164,3883.410732374992,3883.4219834579853,3883.4219834579853,3883.4219834579853,3885.8110810829094,400,1,[2.388799540931359],[2.3888032499235123],P1.1,001,2025-11-10_13h18.04.604,Intentional Binding exp,,2025.1.1,119.44737677240607,2025-11-10 13h18.16.770298 +0530,
0.7,1000,exp,246,6,20,space,0.6109087499789894,None,890,1,[5.1854277909733355],[5.185432291007601],20,6,246,11,3885.8193687909516,,3885.811290874961,3885.8193687909516,3886.8038170409855,3886.8038170409855,3886.8105206249747,3887.4209522499004,space,0.6109087499789894,None,3887.421524000005,3888.1212935826666,3888.425298707909,3888.4099052909296,3888.411888332921,3888.425298707909,3888.425298707909,3888.425298707909,3893.611029499909,890,1,[5.1854277909733355],[5.185432291007601],P1.1,001,2025-11-10_13h18.04.604,Intentional Binding exp,,2025.1.1,119.44737677240607,2025-11-10 13h18.16.770298 +0530,
0.4,1000,exp,247,7,20,space,0.9464584159431979,None,880,1,[2.668425958021544],[2.668431041063741],20,7,247,7,3893.6200549158966,,3893.6112405830063,3893.6200549158966,3894.6122280829586,3894.6122280829586,3894.6122280829586,3895.562037165975,space,0.9464584159431979,None,3895.5632907499094,3895.971575082575,3896.275851582992,3896.2604954999406,3896.2630227078917,3896.275851582992,3896.275851582992,3896.275851582992,3898.944580290932,880,1,[2.668425958021544],[2.668431041063741],P1.1,001,2025-11-10_13h18.04.604,Intentional Binding exp,,2025.1.1,119.44737677240607,2025-11-10 13h18.16.770298 +0530,
0.4,1000,exp,248,8,20,space,1.2798601239919662,None,870,1,[7.746542791952379],[7.746546374983154],20,8,248,10,3898.952887124964,,3898.944759957958,3898.952887124964,3899.9370609159814,3899.9370609159814,3899.9440032909624,3901.2230726659764,space,1.2798601239919662,None,3901.224475707975,3901.6269985415897,3901.931456499966,3901.916081415955,3901.918109791004,3901.931456499966,3901.931456499966,3901.931456499966,3909.6782959579723,870,1,[7.746542791952379],[7.746546374983154],P1.1,001,2025-11-10_13h18.04.604,Intentional Binding exp,,2025.1.1,119.44737677240607,2025-11-10 13h18.16.770298 +0530,
0.1,1000,exp,249,9,20,space,0.6441794580314308,None,860,1,[11.521095540956594],[11.521100249956362],20,9,249,9,3909.686814540997,,3909.6785136659164,3909.686814540997,3910.6765793329105,3910.6765793329105,3910.6765793329105,3911.3291832079412,space,0.6441794580314308,None,3911.330825290992,3911.4373744995723,3911.7402356249513,3911.725887040957,3911.7277047499083,3911.7402356249513,3911.7402356249513,3911.7402356249513,3923.2616448749322,860,1,[11.521095540956594],[11.521100249956362],P1.1,001,2025-11-10_13h18.04.604,Intentional Binding exp,,2025.1.1,119.44737677240607,2025-11-10 13h18.16.770298 +0530,
0.1,1000,exp,250,10,20,space,0.4061378319747746,None,850,1,[2.77014183299616],[2.770145541988313],20,10,250,3,3923.27025904099,,3923.261855874909,3923.27025904099,3924.2540237909416,3924.2540237909416,3924.2621169999475,3924.663201499963,space,0.4061378319747746,None,3924.6644147909246,3924.771785874564,3925.075025707949,3925.060555707896,3925.062808415969,3925.075025707949,3925.075025707949,3925.075025707949,3927.8454502499662,850,1,[2.77014183299616],[2.770145541988313],P1.1,001,2025-11-10_13h18.04.604,Intentional Binding exp,,2025.1.1,119.44737677240607,2025-11-10 13h18.16.770298 +0530,
0.4,1000,exp,251,11,20,space,1.6997169579844922,None,900,1,[3.8878097500419244],[3.8878151670796797],20,11,251,4,3927.853102749912,,3927.8456556659658,3927.853102749912,3928.844448540942,3928.844448540942,3928.844448540942,3930.546557707945,space,1.6997169579844922,None,3930.547986915917,3930.9541598746478,3931.2577649159357,3931.2429995829007,3931.2447692909045,3931.2577649159357,3931.2577649159357,3931.2577649159357,3935.1458846658934,900,1,[3.8878097500419244],[3.8878151670796797],P1.1,001,2025-11-10_13h18.04.604,Intentional Binding exp,,2025.1.1,119.44737677240607,2025-11-10 13h18.16.770298 +0530,
0.1,1000,exp,252,0,21,space,0.6821969989687204,None,999,1,[9.889047040953301],[9.889050624915399],21,0,252,9,3935.153770332923,,3935.1461041249568,3935.153770332923,3936.1447661659913,3936.1447661659913,3936.1447661659913,3936.830313082901,space,0.6821969989687204,None,3936.831936082919,3936.9374635415775,3937.239720665966,3937.226208499982,3937.227754249936,3937.239720665966,3937.239720665966,3937.239720665966,3947.1290588749107,999,1,[9.889047040953301],[9.889050624915399],P1.1,001,2025-11-10_13h18.04.604,Intentional Binding exp,,2025.1.1,119.44737677240607,2025-11-10 13h18.16.770298 +0530,
0.4,1000,exp,253,1,21,space,0.24597637506667525,None,900,1,[12.736880249925889],[12.736884708981961],21,1,253,4,3947.136699875002,,3947.129284958006,3947.136699875002,3948.1293681659736,3948.1293681659736,3948.1293681659736,3948.3810089579783,space,0.24597637506667525,None,3948.3822949579917,3948.7877392495907,3949.091803624993,3949.076530124992,3949.0786783749936,3949.091803624993,3949.091803624993,3949.091803624993,3961.829004124971,900,1,[12.736880249925889],[12.736884708981961],P1.1,001,2025-11-10_13h18.04.604,Intentional Binding exp,,2025.1.1,119.44737677240607,2025-11-10 13h18.16.770298 +0530,
0.7,1000,exp,254,2,21,space,5.196929290890694,None,700,1,[5.3689010420348495],[5.368904875009321],21,2,254,8,3961.836882125004,,3961.8292382908985,3961.836882125004,3962.828580665984,3962.828580665984,3962.828580665984,3968.039922832977,space,5.196929290890694,None,3968.0416097498965,3968.73903445766,3969.0436504998943,3969.0278931659414,3969.030396665912,3969.0436504998943,3969.0436504998943,3969.0436504998943,3974.41284145799,700,1,[5.3689010420348495],[5.368904875009321],P1.1,001,2025-11-10_13h18.04.604,Intentional Binding exp,,2025.1.1,119.44737677240607,2025-11-10 13h18.16.770298 +0530,
0.1,1000,exp,255,3,21,space,0.047398915980011225,None,850,1,[7.782959708943963],[7.782963834004477],21,3,255,6,3974.42039187497,,3974.4130483329063,3974.42039187497,3975.4046479159733,3975.4046479159733,3975.4123225410003,3975.4560774579877,space,0.047398915980011225,None,3975.4573834158946,3975.5613154576317,3975.8621654579183,3975.849650790915,3975.8513872079784,3975.8621654579183,3975.8621654579183,3975.8621654579183,3983.6454147499753,850,1,[7.782959708943963],[7.782963834004477],P1.1,001,2025-11-10_13h18.04.604,Intentional Binding exp,,2025.1.1,119.44737677240607,2025-11-10 13h18.16.770298 +0530,
0.4,400,unexp,256,4,21,space,7.859143999055959,None,420,1,[2.8018803329905495],[2.801884707994759],21,4,256,1,3983.6543338749325,,3983.6456351249944,3983.6543338749325,3984.6379869579105,3984.6379869579105,3984.6442088749027,3992.506676207995,space,7.859143999055959,None,3992.5078990409384,3992.9120875416015,3993.227852040902,3993.2115687499754,3993.2138931659283,3993.227852040902,3993.227852040902,3993.227852040902,3996.030045749969,420,1,[2.8018803329905495],[2.801884707994759],P1.1,001,2025-11-10_13h18.04.604,Intentional Binding exp,,2025.1.1,119.44737677240607,2025-11-10 13h18.16.770298 +0530,
0.1,1000,exp,257,5,21,space,0.6292183739133179,None,430,1,[17.118696332909167],[17.118700874969363],21,5,257,3,3996.0379219579045,,3996.0302674159175,3996.0379219579045,3997.0289744159672,3997.0289744159672,3997.0289744159672,3997.6637521659723,space,0.6292183739133179,None,3997.665137582924,3997.7725509995985,3998.077291582944,3998.0614212909713,3998.0640175408917,3998.077291582944,3998.077291582944,3998.077291582944,4015.196279665921,430,1,[17.118696332909167],[17.118700874969363],P1.1,001,2025-11-10_13h18.04.604,Intentional Binding exp,,2025.1.1,119.44737677240607,2025-11-10 13h18.16.770298 +0530,
0.1,400,unexp,258,6,21,space,2.7069680829299614,None,450,1,[5.639144291984849],[5.639148416928947],21,6,258,0,4015.2041120829526,,4015.196506874985,4015.2041120829526,4016.188482999918,4016.188482999918,4016.195516290958,4018.8974978749175,space,2.7069680829299614,None,4018.8991702909116,4019.00522608258,4019.3067932910053,4019.2939297909616,4019.2955217909766,4019.3067932910053,4019.3067932910053,4019.3067932910053,4024.9462241249857,450,1,[5.639144291984849],[5.639148416928947],P1.1,001,2025-11-10_13h18.04.604,Intentional Binding exp,,2025.1.1,119.44737677240607,2025-11-10 13h18.16.770298 +0530,
0.4,1000,exp,259,7,21,space,1.2137131249764934,None,840,1,[13.83027316594962],[13.83027699997183],21,7,259,7,4024.9547888329253,,4024.9464330408955,4024.9547888329253,4025.938449249952,4025.938449249952,4025.9456012499286,4027.156749082962,space,1.2137131249764934,None,4027.158195499913,4027.5563519165776,4027.8659877909813,4027.851167457993,4027.853025749908,4027.8659877909813,4027.8659877909813,4027.8659877909813,4041.6965570409084,840,1,[13.83027316594962],[13.83027699997183],P1.1,001,2025-11-10_13h18.04.604,Intentional Binding exp,,2025.1.1,119.44737677240607,2025-11-10 13h18.16.770298 +0530,
0.7,1000,exp,260,8,21,space,0.9005641239928082,None,830,1,[2.203881958965212],[2.2038869169773534],21,8,260,5,4041.7044343749294,,4041.69677112496,4041.7044343749294,4042.6889061249094,4042.6889061249094,4042.697043415974,4043.597932790988,space,0.9005641239928082,None,4043.599310332909,4044.3055429575656,4044.609500624938,4044.594489082927,4044.5963102499954,4044.609500624938,4044.609500624938,4044.609500624938,4046.8136832079617,830,1,[2.203881958965212],[2.2038869169773534],P1.1,001,2025-11-10_13h18.04.604,Intentional Binding exp,,2025.1.1,119.44737677240607,2025-11-10 13h18.16.770298 +0530,
0.7,1000,exp,261,9,21,space,0.24627416604198515,None,820,1,[2.285528999986127],[2.285532583016902],21,9,261,11,4046.8211667909054,,4046.813890999998,4046.8211667909054,4047.8125503329793,4047.8125503329793,4047.8125503329793,4048.0743533750065,space,0.24627416604198515,None,4048.075828540954,4048.778853124652,4049.09436095797,4049.0787367499433,4049.0812299998943,4049.09436095797,4049.09436095797,4049.09436095797,4051.380187749979,820,1,[2.285528999986127],[2.285532583016902],P1.1,001,2025-11-10_13h18.04.604,Intentional Binding exp,,2025.1.1,119.44737677240607,2025-11-10 13h18.16.770298 +0530,
0.7,400,unexp,262,10,21,space,0.36040274996776134,None,810,1,[3.806880540912971],[3.8068849159171805],21,10,262,2,4051.3878782909596,,4051.3804092908977,4051.3878782909596,4052.379049207899,4052.379049207899,4052.379049207899,4052.7472705829423,space,0.36040274996776134,None,4052.748817332904,4053.4565961666563,4053.772377249901,4053.756781290984,4053.7580674999626,4053.772377249901,4053.772377249901,4053.772377249901,4057.5795460409718,810,1,[3.806880540912971],[3.8068849159171805],P1.1,001,2025-11-10_13h18.04.604,Intentional Binding exp,,2025.1.1,119.44737677240607,2025-11-10 13h18.16.770298 +0530,
0.4,1000,exp,263,11,21,space,0.19285524892620742,None,800,1,[2.3337953330483288],[2.333799667074345],21,11,263,10,4057.587920124992,,4057.579753540922,4057.587920124992,4058.5794870828977,4058.5794870828977,4058.5794870828977,4058.7909490409074,space,0.19285524892620742,None,4058.792675165925,4059.196206416648,4059.5128640829353,4059.4956080829725,4059.497726124944,4059.5128640829353,4059.5128640829353,4059.5128640829353,4061.8469549159054,800,1,[2.3337953330483288],[2.333799667074345],P1.1,001,2025-11-10_13h18.04.604,Intentional Binding exp,,2025.1.1,119.44737677240607,2025-11-10 13h18.16.770298 +0530,
0.7,1000,exp,264,0,22,space,0.3871698740404099,None,790,1,[4.383588208002038],[4.3835920409765095],22,0,264,5,4061.8546217079274,,4061.8471662079683,4061.8546217079274,4062.849262457923,4062.849262457923,4062.849262457923,4063.2408440409927,space,0.3871698740404099,None,4063.2425693329424,4063.9463646246045,4064.2467891249107,4064.234722082969,4064.236154290964,4064.2467891249107,4064.2467891249107,4064.2467891249107,4068.6306276659016,790,1,[4.383588208002038],[4.3835920409765095],P1.1,001,2025-11-10_13h18.04.604,Intentional Binding exp,,2025.1.1,119.44737677240607,2025-11-10 13h18.16.770298 +0530,
0.7,400,unexp,265,1,22,space,0.4168496660422534,None,450,1,[2.8142776250606403],[2.814281833008863],22,1,265,2,4068.638651832938,,4068.6307687909575,4068.638651832938,4069.628746790928,4069.628746790928,4069.628746790928,4070.057883500005,space,0.4168496660422534,None,4070.0594014999224,4070.762390124674,4071.0653459579917,4071.05089783296,4071.052960290923,4071.0653459579917,4071.0653459579917,4071.0653459579917,4073.879955415963,450,1,[2.8142776250606403],[2.814281833008863],P1.1,001,2025-11-10_13h18.04.604,Intentional Binding exp,,2025.1.1,119.44737677240607,2025-11-10 13h18.16.770298 +0530,
0.1,1000,exp,266,2,22,space,0.25088641606271267,None,800,1,[3.5548745000269264],[3.5548783750273287],22,2,266,9,4073.888102832949,,4073.8801595829427,4073.888102832949,4074.8722689999267,4074.8722689999267,4074.8782620829297,4075.130585457897,space,0.25088641606271267,None,4075.131990082911,4075.239027457607,4075.5419964579633,4075.527782082907,4075.5296012499603,4075.5419964579633,4075.5419964579633,4075.5419964579633,4079.097149790963,800,1,[3.5548745000269264],[3.5548783750273287],P1.1,001,2025-11-10_13h18.04.604,Intentional Binding exp,,2025.1.1,119.44737677240607,2025-11-10 13h18.16.770298 +0530,
0.4,400,unexp,267,3,22,space,0.2487542909802869,None,400,1,[1.564369666040875],[1.5643740829546005],22,3,267,1,4079.104882124928,,4079.097356165992,4079.104882124928,4080.1065259579336,4080.1065259579336,4080.1233339159517,4080.357426499948,space,0.2487542909802869,None,4080.3589323749766,4080.762797082604,4081.0658649579855,4081.051784124924,4081.053535832907,4081.0658649579855,4081.0658649579855,4081.0658649579855,4082.6305371249327,400,1,[1.564369666040875],[1.5643740829546005],P1.1,001,2025-11-10_13h18.04.604,Intentional Binding exp,,2025.1.1,119.44737677240607,2025-11-10 13h18.16.770298 +0530,
0.4,1000,exp,268,4,22,space,0.30522337392903864,None,1000,1,[3.1981744579970837],[3.198178416932933],22,4,268,7,4082.6382828329224,,4082.630747457966,4082.6382828329224,4083.629880958004,4083.629880958004,4083.629880958004,4083.9405732079176,space,0.30522337392903864,None,4083.941950707929,4084.3468864996144,4084.648649874958,4084.635150457965,4084.636709082988,4084.648649874958,4084.648649874958,4084.648649874958,4087.8471164999064,1000,1,[3.1981744579970837],[3.198178416932933],P1.1,001,2025-11-10_13h18.04.604,Intentional Binding exp,,2025.1.1,119.44737677240607,2025-11-10 13h18.16.770298 +0530,
0.4,1000,exp,269,5,22,space,0.007590290973894298,None,1000  ,1,[5.998721665935591],[5.998727124999277],22,5,269,10,4087.8556823749095,,4087.847327583004,4087.8556823749095,4088.846558915917,4088.846558915917,4088.846558915917,4088.857410165947,space,0.007590290973894298,None,4088.858784290962,4089.2626844996744,4089.564961790922,4089.5516954999184,4089.553293207893,4089.564961790922,4089.564961790922,4089.564961790922,4095.5639844159596,1000  ,1,[5.998721665935591],[5.998727124999277],P1.1,001,2025-11-10_13h18.04.604,Intentional Binding exp,,2025.1.1,119.44737677240607,2025-11-10 13h18.16.770298 +0530,
0.4,1000,exp,270,6,22,space,0.05882429098710418,None,1000,1,[3.114582124981098],[3.114587999996729],22,6,270,4,4095.5717406249605,,4095.5643890409265,4095.5717406249605,4096.562258541002,4096.562258541002,4096.562258541002,4096.62420420791,space,0.05882429098710418,None,4096.625586624956,4097.0296915826075,4097.33227908297,4097.319087415934,4097.32080633298,4097.33227908297,4097.33227908297,4097.33227908297,4100.447172165965,1000,1,[3.114582124981098],[3.114587999996729],P1.1,001,2025-11-10_13h18.04.604,Intentional Binding exp,,2025.1.1,119.44737677240607,2025-11-10 13h18.16.770298 +0530,
0.1,1000,exp,271,7,22,space,0.2782855820842087,None,1000,1,[2.6970340840052813],[2.6970379169797525],22,7,271,6,4100.4556826659245,,4100.447394165909,4100.4556826659245,4101.438720082981,4101.438720082981,4101.446381874965,4101.724494249909,space,0.2782855820842087,None,4101.725929332897,4101.8300336666325,4102.133335207938,4102.119120874908,4102.120660874993,4102.133335207938,4102.133335207938,4102.133335207938,4104.830657915911,1000,1,[2.6970340840052813],[2.6970379169797525],P1.1,001,2025-11-10_13h18.04.604,Intentional Binding exp,,2025.1.1,119.44737677240607,2025-11-10 13h18.16.770298 +0530,
0.1,400,unexp,272,8,22,space,0.6532546239905059,None,400,1,[4.2632861250313],[4.263290417031385],22,8,272,0,4104.838486999972,,4104.830871999962,4104.838486999972,4105.829688124941,4105.829688124941,4105.829688124941,4106.490915540955,space,0.6532546239905059,None,4106.491855290951,4106.595894999631,4106.900222874945,4106.885546874953,4106.887354165898,4106.900222874945,4106.900222874945,4106.900222874945,4111.1637920829235,400,1,[4.2632861250313],[4.263290417031385],P1.1,001,2025-11-10_13h18.04.604,Intentional Binding exp,,2025.1.1,119.44737677240607,2025-11-10 13h18.16.770298 +0530,
0.1,1000,exp,273,9,22,space,0.2728983329143375,None,1000,1,[2.4037909579928964],[2.4037946249591187],22,9,273,3,4111.172474249965,,4111.164001040976,4111.172474249965,4112.1563239159295,4112.1563239159295,4112.163328290917,4112.441576457932,space,0.2728983329143375,None,4112.443202540977,4112.546722749659,4112.860510957893,4112.845894458005,4112.847757582902,4112.860510957893,4112.860510957893,4112.860510957893,4115.264615082997,1000,1,[2.4037909579928964],[2.4037946249591187],P1.1,001,2025-11-10_13h18.04.604,Intentional Binding exp,,2025.1.1,119.44737677240607,2025-11-10 13h18.16.770298 +0530,
0.7,1000,exp,274,10,22,space,0.29281854105647653,None,1000,1,[1.7010487921070307],[1.7010538330068812],22,10,274,11,4115.272481749998,,4115.264822750003,4115.272481749998,4116.27392137493,4116.27392137493,4116.27392137493,4116.574126207968,space,0.29281854105647653,None,4116.574507540907,4117.273255791577,4117.579677707981,4117.563112832955,4117.565226499923,4117.579677707981,4117.579677707981,4117.579677707981,4119.281007582904,1000,1,[1.7010487921070307],[1.7010538330068812],P1.1,001,2025-11-10_13h18.04.604,Intentional Binding exp,,2025.1.1,119.44737677240607,2025-11-10 13h18.16.770298 +0530,
0.7,1000,exp,275,11,22,space,0.07399299892131239,None,1000,1,[3.7548821669770405],[3.7548859170638025],22,11,275,8,4119.288677790901,,4119.2812167078955,4119.288677790901,4120.2729293749435,4120.2729293749435,4120.279453457915,4120.348879499943,space,0.07399299892131239,None,4120.350256624981,4121.056785707657,4121.3588498749305,4121.345024207956,4121.346917457995,4121.3588498749305,4121.3588498749305,4121.3588498749305,4125.114031915902,1000,1,[3.7548821669770405],[3.7548859170638025],P1.1,001,2025-11-10_13h18.04.604,Intentional Binding exp,,2025.1.1,119.44737677240607,2025-11-10 13h18.16.770298 +0530,
0.1,400,unexp,276,0,23,space,0.9187437079381198,None,400,1,[5.368978541926481],[5.368982541956939],23,0,276,0,4125.121994832996,,4125.114227415994,4125.121994832996,4126.124059165944,4126.124059165944,4126.124059165944,4127.048009915976,space,0.9187437079381198,None,4127.049421957927,4127.156448249651,4127.461289083003,4127.445338124991,4127.447516874992,4127.461289083003,4127.461289083003,4127.461289083003,4132.83055187494,400,1,[5.368978541926481],[5.368982541956939],P1.1,001,2025-11-10_13h18.04.604,Intentional Binding exp,,2025.1.1,119.44737677240607,2025-11-10 13h18.16.770298 +0530,
0.7,400,unexp,277,1,23,space,0.3605449990136549,None,400,1,[3.053594166995026],[3.0535985419992357],23,1,277,2,4132.838797499891,,4132.830770582892,4132.838797499891,4133.8300352499355,4133.8300352499355,4133.8300352499355,4134.198113499908,space,0.3605449990136549,None,4134.19921004097,4134.907280749587,4135.2104469159385,4135.194979290944,4135.1967944579665,4135.2104469159385,4135.2104469159385,4135.2104469159385,4138.264342332957,400,1,[3.053594166995026],[3.0535985419992357],P1.1,001,2025-11-10_13h18.04.604,Intentional Binding exp,,2025.1.1,119.44737677240607,2025-11-10 13h18.16.770298 +0530,
0.4,400,unexp,278,2,23,space,0.18903829099144787,None,400,1,[1.7803760409587994],[1.7803807080490515],23,2,278,1,4138.272225415916,,4138.264555374975,4138.272225415916,4139.263547624927,4139.263547624927,4139.263547624927,4139.458279290935,space,0.18903829099144787,None,4139.459695124999,4139.863860374611,4140.166487624985,4140.152472040965,4140.154045415926,4140.166487624985,4140.166487624985,4140.166487624985,4141.947149624932,400,1,[1.7803760409587994],[1.7803807080490515],P1.1,001,2025-11-10_13h18.04.604,Intentional Binding exp,,2025.1.1,119.44737677240607,2025-11-10 13h18.16.770298 +0530,
0.1,1000,exp,279,3,23,space,0.1294918319908902,None,800,1,[4.363584916922264],[4.363589041982777],23,3,279,6,4141.955548624974,,4141.947370457929,4141.955548624974,4142.939023165964,4142.939023165964,4142.947296457947,4143.074755165959,space,0.1294918319908902,None,4143.076144874911,4143.180414207574,4143.483853457961,4143.468394582975,4143.470056540915,4143.483853457961,4143.483853457961,4143.483853457961,4147.847730499925,800,1,[4.363584916922264],[4.363589041982777],P1.1,001,2025-11-10_13h18.04.604,Intentional Binding exp,,2025.1.1,119.44737677240607,2025-11-10 13h18.16.770298 +0530,
0.7,1000,exp,280,4,23,space,0.20352087495848536,None,800,1,[2.9533552089706063],[2.953359792008996],23,4,280,5,4147.855606665951,,4147.847934499965,4147.855606665951,4148.840015832917,4148.840015832917,4148.845869499957,4149.058636040892,space,0.20352087495848536,None,4149.060036624898,4149.76337770763,4150.077943249955,4150.063364874921,4150.065103040892,4150.077943249955,4150.077943249955,4150.077943249955,4153.031598415924,800,1,[2.9533552089706063],[2.953359792008996],P1.1,001,2025-11-10_13h18.04.604,Intentional Binding exp,,2025.1.1,119.44737677240607,2025-11-10 13h18.16.770298 +0530,
0.1,1000,exp,281,5,23,space,0.3806025409139693,None,800,1,[4.5612454999936745],[4.561249166959897],23,5,281,3,4153.03915454098,,4153.031808374915,4153.03915454098,4154.040827249992,4154.040827249992,4154.040827249992,4154.425840290962,space,0.3806025409139693,None,4154.428793665953,4154.5408501666425,4154.845546333003,4154.8294368329225,4154.83175074996,4154.845546333003,4154.845546333003,4154.845546333003,4159.407055249903,800,1,[4.5612454999936745],[4.561249166959897],P1.1,001,2025-11-10_13h18.04.604,Intentional Binding exp,,2025.1.1,119.44737677240607,2025-11-10 13h18.16.770298 +0530,
0.4,1000,exp,282,6,23,space,0.02962641604244709,None,800,1,[3.4518883330747485],[3.4518926250748336],23,6,282,7,4159.411525665899,,4159.407345957938,4159.411525665899,4160.407620832906,4160.407620832906,4160.424376624986,4160.441666207975,space,0.02962641604244709,None,4160.443408582942,4160.84658483259,4161.162407499971,4161.146747457911,4161.148572415928,4161.162407499971,4161.162407499971,4161.162407499971,4164.614581707981,800,1,[3.4518883330747485],[3.4518926250748336],P1.1,001,2025-11-10_13h18.04.604,Intentional Binding exp,,2025.1.1,119.44737677240607,2025-11-10 13h18.16.770298 +0530,
0.7,1000,exp,283,7,23,space,0.26804249989800155,None,700,1,[5.764137375052087],[5.764141916995868],23,7,283,8,4164.622492915951,,4164.614788000006,4164.622492915951,4165.610272749909,4165.610272749909,4165.610272749909,4165.8817842080025,space,0.26804249989800155,None,4165.883349082898,4166.58153295756,4166.8834889999125,4166.869555540965,4166.871212624945,4166.8834889999125,4166.8834889999125,4166.8834889999125,4172.647932832944,700,1,[5.764137375052087],[5.764141916995868],P1.1,001,2025-11-10_13h18.04.604,Intentional Binding exp,,2025.1.1,119.44737677240607,2025-11-10 13h18.16.770298 +0530,
0.1,1000,exp,284,8,23,space,0.2656954989070073,None,600,1,[5.213795958086848],[5.213801250094548],23,8,284,9,4172.6558610829525,,4172.648115957971,4172.6558610829525,4173.657508290955,4173.657508290955,4173.657508290955,4173.925029124948,space,0.2656954989070073,None,4173.9264658750035,4174.030172916657,4174.333702040953,4174.318679665914,4174.3200826249085,4174.333702040953,4174.333702040953,4174.333702040953,4179.547815457918,600,1,[5.213795958086848],[5.213801250094548],P1.1,001,2025-11-10_13h18.04.604,Intentional Binding exp,,2025.1.1,119.44737677240607,2025-11-10 13h18.16.770298 +0530,
0.7,1000,exp,285,9,23,space,0.3291557909687981,None,650,1,[2.9975494999671355],[2.997553249937482],23,9,285,11,4179.5560866249725,,4179.548034999985,4179.5560866249725,4180.544907457894,4180.544907457894,4180.544907457894,4180.881180041004,space,0.3291557909687981,None,4180.882295332965,4181.58125658258,4181.883175415918,4181.869350374909,4181.871120499913,4181.883175415918,4181.883175415918,4181.883175415918,4184.881036665989,650,1,[2.9975494999671355],[2.997553249937482],P1.1,001,2025-11-10_13h18.04.604,Intentional Binding exp,,2025.1.1,119.44737677240607,2025-11-10 13h18.16.770298 +0530,
0.4,1000,exp,286,10,23,space,0.060793790966272354,None,650,1,[2.8183962090406567],[2.8184007920790464],23,10,286,4,4184.889618249959,,4184.881256541004,4184.889618249959,4185.891153332894,4185.891153332894,4185.891153332894,4185.9762654579245,space,0.060793790966272354,None,4185.977962415898,4186.380894541569,4186.695864082896,4186.6801975409035,4186.681985249976,4186.695864082896,4186.695864082896,4186.695864082896,4189.514560207957,650,1,[2.8183962090406567],[2.8184007920790464],P1.1,001,2025-11-10_13h18.04.604,Intentional Binding exp,,2025.1.1,119.44737677240607,2025-11-10 13h18.16.770298 +0530,
0.4,1000,exp,287,11,23,space,0.18710491596721113,None,660,1,[3.2296349580865353],[3.229639333090745],23,11,287,10,4189.523319249973,,4189.514766124892,4189.523319249973,4190.506909499993,4190.506909499993,4190.513029165915,4190.69865537493,space,0.18710491596721113,None,4190.699998499942,4191.0983954576695,4191.401231332915,4191.3862598330015,4191.38804987492,4191.401231332915,4191.401231332915,4191.401231332915,4194.631220207899,660,1,[3.2296349580865353],[3.229639333090745],P1.1,001,2025-11-10_13h18.04.604,Intentional Binding exp,,2025.1.1,119.44737677240607,2025-11-10 13h18.16.770298 +0530,
0.4,400,unexp,288,0,24,space,0.038201540941372514,None,400,1,[3.283991542062722],[3.283995042089373],24,0,288,1,4194.639458415913,,4194.6314373329515,4194.639458415913,4195.623728332925,4195.623728332925,4195.631271541002,4195.666273999959,space,0.038201540941372514,None,4195.667634082958,4196.07376533264,4196.381032832898,4196.3634810829535,4196.365511207958,4196.381032832898,4196.381032832898,4196.381032832898,4199.665313332924,400,1,[3.283991542062722],[3.283995042089373],P1.1,001,2025-11-10_13h18.04.604,Intentional Binding exp,,2025.1.1,119.44737677240607,2025-11-10 13h18.16.770298 +0530,
0.4,1000,exp,289,1,24,space,0.11848195793572813,None,600,1,[2.7489073750330135],[2.748911958071403],24,1,289,7,4199.67285270791,,4199.665526999976,4199.67285270791,4200.691406540922,4200.691406540922,4200.691406540922,4200.826123874984,space,0.11848195793572813,None,4200.827794957906,4201.230672791662,4201.533094290993,4201.519038999919,4201.520801999955,4201.533094290993,4201.533094290993,4201.533094290993,4204.2823085410055,600,1,[2.7489073750330135],[2.748911958071403],P1.1,001,2025-11-10_13h18.04.604,Intentional Binding exp,,2025.1.1,119.44737677240607,2025-11-10 13h18.16.770298 +0530,
0.1,400,unexp,290,2,24,space,0.022465207963250577,None,400,1,[2.35431929200422],[2.3543227500049397],24,2,290,0,4204.290212874999,,4204.282532332931,4204.290212874999,4205.291421707952,4205.291421707952,4205.291421707952,4205.315944874892,space,0.022465207963250577,None,4205.317188832909,4205.424815332579,4205.7271817079745,4205.712726166006,4205.714542540954,4205.7271817079745,4205.7271817079745,4205.7271817079745,4208.081782165915,400,1,[2.35431929200422],[2.3543227500049397],P1.1,001,2025-11-10_13h18.04.604,Intentional Binding exp,,2025.1.1,119.44737677240607,2025-11-10 13h18.16.770298 +0530,
0.1,1000,exp,291,3,24,space,0.1457275829743594,None,700,1,[2.8698157080216333],[2.8698195830220357],24,3,291,3,4208.089569457923,,4208.081987207988,4208.089569457923,4209.074061665917,4209.074061665917,4209.080283207935,4209.225426415913,space,0.1457275829743594,None,4209.2267219159985,4209.329945416601,4209.645198957995,4209.630226457957,4209.632031999994,4209.645198957995,4209.645198957995,4209.645198957995,4212.515299957944,700,1,[2.8698157080216333],[2.8698195830220357],P1.1,001,2025-11-10_13h18.04.604,Intentional Binding exp,,2025.1.1,119.44737677240607,2025-11-10 13h18.16.770298 +0530,
0.7,1000,exp,292,4,24,space,0.2815480000572279,None,999,1,[6.7576721659861505],[6.7576770830200985],24,4,292,11,4212.523570915917,,4212.515520165907,4212.523570915917,4213.513206082978,4213.513206082978,4213.513206082978,4213.799044207903,space,0.2815480000572279,None,4213.800307750003,4214.507538499605,4214.823391499929,4214.808356374968,4214.809617665946,4214.823391499929,4214.823391499929,4214.823391499929,4221.581396082998,999,1,[6.7576721659861505],[6.7576770830200985],P1.1,001,2025-11-10_13h18.04.604,Intentional Binding exp,,2025.1.1,119.44737677240607,2025-11-10 13h18.16.770298 +0530,
0.7,1000,exp,293,5,24,space,0.35582633304875344,None,700,1,[13.536953624919988],[13.536957082920708],24,5,293,5,4221.5903194999555,,4221.581605749903,4221.5903194999555,4222.57411304093,4222.57411304093,4222.581415707944,4222.93215416593,space,0.35582633304875344,None,4222.933298457996,4223.641223957591,4223.944648250006,4223.928841499961,4223.930640082923,4223.944648250006,4223.944648250006,4223.944648250006,4237.481892624986,700,1,[13.536953624919988],[13.536957082920708],P1.1,001,2025-11-10_13h18.04.604,Intentional Binding exp,,2025.1.1,119.44737677240607,2025-11-10 13h18.16.770298 +0530,
0.7,400,unexp,294,6,24,space,0.0849082909990102,None,500,1,[4.718383917002939],[4.718387624947354],24,6,294,2,4237.490279124933,,4237.482110707904,4237.490279124933,4238.473332374939,4238.473332374939,4238.480919249938,4238.565731540904,space,0.0849082909990102,None,4238.567100249929,4239.274648082621,4239.580132582923,4239.564211582998,4239.566519874963,4239.580132582923,4239.580132582923,4239.580132582923,4244.298806415987,500,1,[4.718383917002939],[4.718387624947354],P1.1,001,2025-11-10_13h18.04.604,Intentional Binding exp,,2025.1.1,119.44737677240607,2025-11-10 13h18.16.770298 +0530,
0.4,1000,exp,295,7,24,space,0.11772616591770202,None,600,1,[3.9143430419499055],[3.914346499950625],24,7,295,10,4244.307228707941,,4244.299031249946,4244.307228707941,4245.296524999896,4245.296524999896,4245.296524999896,4245.415824790951,space,0.11772616591770202,None,4245.417198957992,4245.825543999617,4246.134588957997,4246.120034457999,4246.121630832902,4246.134588957997,4246.134588957997,4246.134588957997,4250.049225124996,600,1,[3.9143430419499055],[3.914346499950625],P1.1,001,2025-11-10_13h18.04.604,Intentional Binding exp,,2025.1.1,119.44737677240607,2025-11-10 13h18.16.770298 +0530,
0.7,1000,exp,296,8,24,space,0.12673199910204858,None,750,1,[2.745871250052005],[2.7458755410043523],24,8,296,8,4250.056768124923,,4250.049427040969,4250.056768124923,4251.047448249999,4251.047448249999,4251.047448249999,4251.175899249967,space,0.12673199910204858,None,4251.177246040897,4251.880094541648,4252.186226082966,4252.1705943329725,4252.172464415897,4252.186226082966,4252.186226082966,4252.186226082966,4254.932401333004,750,1,[2.745871250052005],[2.7458755410043523],P1.1,001,2025-11-10_13h18.04.604,Intentional Binding exp,,2025.1.1,119.44737677240607,2025-11-10 13h18.16.770298 +0530,
0.1,1000,exp,297,9,24,space,0.018951916019432247,None,987,1,[1.7657872500130907],[1.765791125013493],24,9,297,9,4254.9406345000025,,4254.932609165902,4254.9406345000025,4255.942111999961,4255.942111999961,4255.942111999961,4255.9767599579645,space,0.018951916019432247,None,4255.97810387495,4256.08121274965,4256.38258424995,4256.370272165979,4256.371854082914,4256.38258424995,4256.38258424995,4256.38258424995,4258.148661499959,987,1,[1.7657872500130907],[1.765791125013493],P1.1,001,2025-11-10_13h18.04.604,Intentional Binding exp,,2025.1.1,119.44737677240607,2025-11-10 13h18.16.770298 +0530,
0.4,1000,exp,298,10,24,space,0.28487391606904566,None,876,1,[1.2630490829469636],[1.2630533329211175],24,10,298,4,4258.157388749998,,4258.14886841597,4258.157388749998,4259.148122707964,4259.148122707964,4259.148122707964,4259.442634999985,space,0.28487391606904566,None,4259.443790416,4259.848293999621,4260.152506665909,4260.137035457999,4260.139210707974,4260.152506665909,4260.152506665909,4260.152506665909,4261.415855790954,876,1,[1.2630490829469636],[1.2630533329211175],P1.1,001,2025-11-10_13h18.04.604,Intentional Binding exp,,2025.1.1,119.44737677240607,2025-11-10 13h18.16.770298 +0530,
0.1,1000,exp,299,11,24,space,0.2636277489364147,None,956,1,[5.913738832925446],[5.913743624929339],24,11,299,6,4261.424062249949,,4261.416078582988,4261.424062249949,4262.425388957956,4262.425388957956,4262.425388957956,4262.693047207897,space,0.2636277489364147,None,4262.694719165913,4262.797929582597,4263.102485915995,4263.087223165901,4263.089443707955,4263.102485915995,4263.102485915995,4263.102485915995,4269.016533124959,956,1,[5.913738832925446],[5.913743624929339],P1.1,001,2025-11-10_13h18.04.604,Intentional Binding exp,,2025.1.1,119.44737677240607,2025-11-10 13h18.16.770298 +0530,
0.4,1000,exp,300,0,25,space,0.12049283308442682,None,758,1,[3.2004152910085395],[3.200419957982376],25,0,300,10,4269.024177999934,,4269.016750207986,4269.024177999934,4270.0078623329755,4270.0078623329755,4270.015179790906,4270.132406082936,space,0.12049283308442682,None,4270.133546583005,4270.531970541637,4270.848315207986,4270.831094332971,4270.833222040907,4270.848315207986,4270.848315207986,4270.848315207986,4274.049016332952,758,1,[3.2004152910085395],[3.200419957982376],P1.1,001,2025-11-10_13h18.04.604,Intentional Binding exp,,2025.1.1,119.44737677240607,2025-11-10 13h18.16.770298 +0530,
0.7,1000,exp,301,1,25,space,0.04732662404421717,None,932,1,[3.1219319169176742],[3.1219359589740634],25,1,301,8,4274.057094374904,,4274.0492408329155,4274.057094374904,4275.059092624928,4275.059092624928,4275.059092624928,4275.1096377079375,space,0.04732662404421717,None,4275.111035040929,4275.8255513326185,4276.1267594998935,4276.113343250006,4276.115142082912,4276.1267594998935,4276.1267594998935,4276.1267594998935,4279.248987540952,932,1,[3.1219319169176742],[3.1219359589740634],P1.1,001,2025-11-10_13h18.04.604,Intentional Binding exp,,2025.1.1,119.44737677240607,2025-11-10 13h18.16.770298 +0530,
0.1,1000,exp,302,2,25,space,0.6603416659636423,None,851,1,[5.102659999975003],[5.10266395797953],25,2,302,9,4279.257639707997,,4279.249198707985,4279.257639707997,4280.258808707935,4280.258808707935,4280.274776207982,4280.926338749938,space,0.6603416659636423,None,4280.927665415918,4281.030892124578,4281.346466332907,4281.330942082917,4281.332977749989,4281.346466332907,4281.346466332907,4281.346466332907,4286.449404582963,851,1,[5.102659999975003],[5.10266395797953],P1.1,001,2025-11-10_13h18.04.604,Intentional Binding exp,,2025.1.1,119.44737677240607,2025-11-10 13h18.16.770298 +0530,
0.7,400,unexp,303,3,25,space,0.012542791082523763,None,700,1,[5.353482334059663],[5.353486167034134],25,3,303,2,4286.457145499997,,4286.44962570793,4286.457145499997,4287.4486573329195,4287.4486573329195,4287.4486573329195,4287.466234790976,space,0.012542791082523763,None,4287.466722124955,4288.174898332629,4288.478937207954,4288.463680999936,4288.465802832972,4288.478937207954,4288.478937207954,4288.478937207954,4293.832715165918,700,1,[5.353482334059663],[5.353486167034134],P1.1,001,2025-11-10_13h18.04.604,Intentional Binding exp,,2025.1.1,119.44737677240607,2025-11-10 13h18.16.770298 +0530,
0.7,1000,exp,304,4,25,space,0.7163613750599325,None,400,1,[2.953961250022985],[2.9539649169892073],25,4,304,11,4293.841155999922,,4293.832929749973,4293.841155999922,4294.831718582893,4294.831718582893,4294.831718582893,4295.550101749948,space,0.7163613750599325,None,4295.551478457986,4296.258069166626,4296.561616040999,4296.5465707079275,4296.5484005829785,4296.561616040999,4296.561616040999,4296.561616040999,4299.515872874996,400,1,[2.953961250022985],[2.9539649169892073],P1.1,001,2025-11-10_13h18.04.604,Intentional Binding exp,,2025.1.1,119.44737677240607,2025-11-10 13h18.16.770298 +0530,
0.4,400,unexp,305,5,25,space,0.04108995804563165,None,400,1,[4.36243466695305],[4.362438500043936],25,5,305,1,4299.5240349579835,,4299.51608462492,4299.5240349579835,4300.515854832949,4300.515854832949,4300.515854832949,4300.577152374899,space,0.04108995804563165,None,4300.578556790948,4300.981730374569,4301.286201457959,4301.271322749904,4301.27334633295,4301.286201457959,4301.286201457959,4301.286201457959,4305.648925290909,400,1,[4.36243466695305],[4.362438500043936],P1.1,001,2025-11-10_13h18.04.604,Intentional Binding exp,,2025.1.1,119.44737677240607,2025-11-10 13h18.16.770298 +0530,
0.1,1000,exp,306,6,25,space,0.2704529990442097,None,950,1,[8.670743916998617],[8.670748083968647],25,6,306,3,4305.658040124923,,4305.649147499935,4305.658040124923,4306.641497749952,4306.641497749952,4306.648521915893,4306.917450665962,space,0.2704529990442097,None,4306.9185999579495,4307.025136499611,4307.329186040908,4307.313947457937,4307.316052957904,4307.329186040908,4307.329186040908,4307.329186040908,4316.000220290967,950,1,[8.670743916998617],[8.670748083968647],P1.1,001,2025-11-10_13h18.04.604,Intentional Binding exp,,2025.1.1,119.44737677240607,2025-11-10 13h18.16.770298 +0530,
0.4,1000,exp,307,7,25,space,0.47189104091376066,None,900,1,[5.7853446250082925],[5.7853497919859365],25,7,307,7,4316.007664207951,,4316.000462082913,4316.007664207951,4316.997892415966,4316.997892415966,4316.997892415966,4317.47665912495,space,0.47189104091376066,None,4317.478295249981,4317.882802124663,4318.197344499989,4318.181643082993,4318.1837354579475,4318.197344499989,4318.197344499989,4318.197344499989,4323.982999290922,900,1,[5.7853446250082925],[5.7853497919859365],P1.1,001,2025-11-10_13h18.04.604,Intentional Binding exp,,2025.1.1,119.44737677240607,2025-11-10 13h18.16.770298 +0530,
0.4,1000,exp,308,8,25,space,0.4407179160043597,None,900,1,[3.247745417058468],[3.2477486670250073],25,8,308,4,4323.9914541658945,,4323.983262165915,4323.9914541658945,4324.982128874981,4324.982128874981,4324.982128874981,4325.427082790993,space,0.4407179160043597,None,4325.428754707915,4325.832270749674,4326.134970582905,4326.121072415961,4326.122844124911,4326.134970582905,4326.134970582905,4326.134970582905,4329.383012540988,900,1,[3.247745417058468],[3.2477486670250073],P1.1,001,2025-11-10_13h18.04.604,Intentional Binding exp,,2025.1.1,119.44737677240607,2025-11-10 13h18.16.770298 +0530,
0.7,1000,exp,309,9,25,space,0.14957070699892938,None,850,1,[1.329989125020802],[1.3299935000250116],25,9,309,5,4329.390884124907,,4329.383510790998,4329.390884124907,4330.375201457995,4330.375201457995,4330.382589707966,4330.544043625006,space,0.14957070699892938,None,4330.545481165987,4331.248593707631,4331.55247329094,4331.5376021249685,4331.539714999963,4331.55247329094,4331.55247329094,4331.55247329094,4332.882753790938,850,1,[1.329989125020802],[1.3299935000250116],P1.1,001,2025-11-10_13h18.04.604,Intentional Binding exp,,2025.1.1,119.44737677240607,2025-11-10 13h18.16.770298 +0530,
0.1,400,unexp,310,10,25,space,0.5756410820176825,None,500,1,[3.980724291061051],[3.9807279580272734],25,10,310,0,4332.891611957923,,4332.882973874919,4332.891611957923,4333.875130832894,4333.875130832894,4333.882038124953,4334.460028957925,space,0.5756410820176825,None,4334.461339249974,4334.565178249559,4334.868480415898,4334.854424749967,4334.856205499964,4334.868480415898,4334.868480415898,4334.868480415898,4338.849493749905,500,1,[3.980724291061051],[3.9807279580272734],P1.1,001,2025-11-10_13h18.04.604,Intentional Binding exp,,2025.1.1,119.44737677240607,2025-11-10 13h18.16.770298 +0530,
0.1,1000,exp,311,11,25,space,0.2749989569419995,None,800,1,[11.512969665927812],[11.51297437492758],25,11,311,6,4338.857695124927,,4338.849718332989,4338.857695124927,4339.841055291006,4339.841055291006,4339.849708249909,4340.127551582991,space,0.2749989569419995,None,4340.129039249965,4340.231980957618,4340.536824207986,4340.522119374946,4340.524142082897,4340.536824207986,4340.536824207986,4340.536824207986,4352.05008841597,800,1,[11.512969665927812],[11.51297437492758],P1.1,001,2025-11-10_13h18.04.604,Intentional Binding exp,,2025.1.1,119.44737677240607,2025-11-10 13h18.16.770298 +0530,
0.1,400,unexp,312,0,26,space,0.4456890410510823,None,940,1,[25.69902720907703],[25.699031374999322],26,0,312,0,4352.05782858294,,4352.050300665898,4352.05782858294,4353.042254499975,4353.042254499975,4353.049288249924,4353.494874582975,space,0.4456890410510823,None,4353.496333582909,4353.598046957577,4353.9004904999165,4353.887607082957,4353.8891822079895,4353.9004904999165,4353.9004904999165,4353.9004904999165,4379.599823458004,940,1,[25.69902720907703],[25.699031374999322],P1.1,001,2025-11-10_13h18.04.604,Intentional Binding exp,,2025.1.1,119.44737677240607,2025-11-10 13h18.16.770298 +0530,
0.4,400,unexp,313,1,26,space,0.36096495704259723,None,400,1,[2.372613999992609],[2.3726178749930114],26,1,313,1,4379.6088498749305,,4379.600032957969,4379.6088498749305,4380.598675624933,4380.598675624933,4380.598675624933,4380.966772165964,space,0.36096495704259723,None,4380.967139999964,4381.375624832643,4381.677209582995,4381.664154624916,4381.6659226659685,4381.677209582995,4381.677209582995,4381.677209582995,4384.050117040984,400,1,[2.372613999992609],[2.3726178749930114],P1.1,001,2025-11-10_13h18.04.604,Intentional Binding exp,,2025.1.1,119.44737677240607,2025-11-10 13h18.16.770298 +0530,
0.4,1000,exp,314,2,26,space,0.1302397910039872,None,400,1,[6.881198000046425],[6.88120241696015],26,2,314,10,4384.058072999935,,4384.050326957949,4384.058072999935,4385.042367540998,4385.042367540998,4385.049140332965,4385.177215665928,space,0.1302397910039872,None,4385.178583290894,4385.58271016664,4385.885275040986,4385.8719677079935,4385.873695249902,4385.885275040986,4385.885275040986,4385.885275040986,4392.766775999917,400,1,[6.881198000046425],[6.88120241696015],P1.1,001,2025-11-10_13h18.04.604,Intentional Binding exp,,2025.1.1,119.44737677240607,2025-11-10 13h18.16.770298 +0530,
0.1,1000,exp,315,3,26,space,0.26749595801811665,None,350,1,[4.882722707930952],[4.88272637501359],26,3,315,6,4392.774859624915,,4392.766998374951,4392.774859624915,4393.761215582956,4393.761215582956,4393.77665108291,4394.034207249992,space,0.26749595801811665,None,4394.035274832975,4394.133475499639,4394.4344548329245,4394.421258249902,4394.422985624988,4394.4344548329245,4394.4344548329245,4394.4344548329245,4399.317468666006,350,1,[4.882722707930952],[4.88272637501359],P1.1,001,2025-11-10_13h18.04.604,Intentional Binding exp,,2025.1.1,119.44737677240607,2025-11-10 13h18.16.770298 +0530,
0.1,1000,exp,316,4,26,space,0.17420595802832395,None,320,1,[2.749856000067666],[2.7498598330421373],26,4,316,3,4399.325512540992,,4399.317671458004,4399.325512540992,4400.315301290946,4400.315301290946,4400.315301290946,4400.494260332896,space,0.17420595802832395,None,4400.495721082902,4400.59935787466,4400.900018999935,4400.888254040969,4400.889796082978,4400.900018999935,4400.900018999935,4400.900018999935,4403.650128915906,320,1,[2.749856000067666],[2.7498598330421373],P1.1,001,2025-11-10_13h18.04.604,Intentional Binding exp,,2025.1.1,119.44737677240607,2025-11-10 13h18.16.770298 +0530,
0.4,1000,exp,317,5,26,space,0.14497537398710847,None,330,1,[2.880111415986903],[2.8801156249828637],26,5,317,4,4403.6582958749495,,4403.650271666003,4403.6582958749495,4404.642571415985,4404.642571415985,4404.650100165978,4404.794292457984,space,0.14497537398710847,None,4404.795622874983,4405.199218291618,4405.503729040967,4405.488931374974,4405.490654624999,4405.503729040967,4405.503729040967,4405.503729040967,4408.384129665908,330,1,[2.880111415986903],[2.8801156249828637],P1.1,001,2025-11-10_13h18.04.604,Intentional Binding exp,,2025.1.1,119.44737677240607,2025-11-10 13h18.16.770298 +0530,
0.7,1000,exp,318,6,26,space,0.040072000003419816,None,340,1,[2.5352732919855043],[2.5352777920197695],26,6,318,11,4408.391734540928,,4408.384342915961,4408.391734540928,4409.376355665969,4409.376355665969,4409.383544665994,4409.418089832994,space,0.040072000003419816,None,4409.419434832991,4410.126067791662,4410.431260207901,4410.415038457955,4410.417108790949,4410.431260207901,4410.431260207901,4410.431260207901,4412.966836749925,340,1,[2.5352732919855043],[2.5352777920197695],P1.1,001,2025-11-10_13h18.04.604,Intentional Binding exp,,2025.1.1,119.44737677240607,2025-11-10 13h18.16.770298 +0530,
0.7,1000,exp,319,7,26,space,0.9538938750047237,None,310,1,[2.3220902920002118],[2.322094124974683],26,7,319,5,4412.975723582902,,4412.967051915941,4412.975723582902,4413.959462082945,4413.959462082945,4413.965916124987,4414.91758512496,space,0.9538938750047237,None,4414.91884637496,4415.626009249656,4415.928204832948,4415.914735083003,4415.916513957898,4415.928204832948,4415.928204832948,4415.928204832948,4418.250563540962,310,1,[2.3220902920002118],[2.322094124974683],P1.1,001,2025-11-10_13h18.04.604,Intentional Binding exp,,2025.1.1,119.44737677240607,2025-11-10 13h18.16.770298 +0530,
0.4,1000,exp,320,8,26,space,0.0844867080450058,None,290,1,[2.667794374981895],[2.6677979580126703],26,8,320,7,4418.2584226659965,,4418.250785082928,4418.2584226659965,4419.2427170829615,4419.2427170829615,4419.250308332965,4419.334402915905,space,0.0844867080450058,None,4419.335516082938,4419.743546749643,4420.0487006249605,4420.032565665897,4420.0347086249385,4420.0487006249605,4420.0487006249605,4420.0487006249605,4422.716774374945,290,1,[2.667794374981895],[2.6677979580126703],P1.1,001,2025-11-10_13h18.04.604,Intentional Binding exp,,2025.1.1,119.44737677240607,2025-11-10 13h18.16.770298 +0530,
0.1,1000,exp,321,9,26,space,0.13866945810150355,None,260  ,1,[3.222396249999292],[3.222400291939266],26,9,321,9,4422.725216790917,,4422.716991666006,4422.725216790917,4423.709586374927,4423.709586374927,4423.716295540915,4423.851060290937,space,0.13866945810150355,None,4423.85247783293,4423.959884124637,4424.261893790914,4424.248133207904,4424.24997091596,4424.261893790914,4424.261893790914,4424.261893790914,4427.484592165914,260  ,1,[3.222396249999292],[3.222400291939266],P1.1,001,2025-11-10_13h18.04.604,Intentional Binding exp,,2025.1.1,119.44737677240607,2025-11-10 13h18.16.770298 +0530,
0.7,400,unexp,322,10,26,space,1.499854875029996,None,100,1,[3.4369361250428483],[3.4369397920090705],26,10,322,2,4427.491927083,,4427.484825124964,4427.491927083,4428.476250624983,4428.476250624983,4428.484101332957,4429.984854624956,space,1.499854875029996,None,4429.985962665989,4430.693835666581,4430.996385249891,4430.981838415959,4430.983651915914,4430.996385249891,4430.996385249891,4430.996385249891,4434.433617249946,100,1,[3.4369361250428483],[3.4369397920090705],P1.1,001,2025-11-10_13h18.04.604,Intentional Binding exp,,2025.1.1,119.44737677240607,2025-11-10 13h18.16.770298 +0530,
0.7,1000,exp,323,11,26,space,0.09781583293806762,None,270 ,1,[10.128902374999598],[10.128906916012056],26,11,323,8,4434.442579541006,,4434.433837582939,4434.442579541006,4435.426272999961,4435.426272999961,4435.4333289159695,4435.527751499903,space,0.09781583293806762,None,4435.529124290915,4436.233028999592,4436.538526624907,4436.522517040954,4436.524220958003,4436.538526624907,4436.538526624907,4436.538526624907,4446.667727832915,270 ,1,[10.128902374999598],[10.128906916012056],P1.1,001,2025-11-10_13h18.04.604,Intentional Binding exp,,2025.1.1,119.44737677240607,2025-11-10 13h18.16.770298 +0530,
0.7,1000,exp,324,0,27,space,0.7659408330218866,None,200,1,[2.911657291930169],[2.911661042016931],27,0,324,5,4446.675938540953,,4446.667944040964,4446.675938540953,4447.659677915974,4447.659677915974,4447.666791499942,4448.427971915924,space,0.7659408330218866,None,4448.4292858749395,4449.134117124664,4449.438729707967,4449.4219998329645,4449.424114790978,4449.438729707967,4449.438729707967,4449.438729707967,4452.350682124961,200,1,[2.911657291930169],[2.911661042016931],P1.1,001,2025-11-10_13h18.04.604,Intentional Binding exp,,2025.1.1,119.44737677240607,2025-11-10 13h18.16.770298 +0530,
0.7,1000,exp,325,1,27,space,0.02928224892821163,None,200,1,[4.68639191694092],[4.686396833974868],27,1,325,8,4452.359399540932,,4452.350907499902,4452.359399540932,4453.343124874984,4453.343124874984,4453.350366082974,4453.377196207992,space,0.02928224892821163,None,4453.377573457896,4454.07756266656,4454.386529749958,4454.37246466591,4454.373978332966,4454.386529749958,4454.386529749958,4454.386529749958,4459.073284499929,200,1,[4.68639191694092],[4.686396833974868],P1.1,001,2025-11-10_13h18.04.604,Intentional Binding exp,,2025.1.1,119.44737677240607,2025-11-10 13h18.16.770298 +0530,
0.1,1000,exp,326,2,27,space,2.567094665952027,None,150,1,[5.834878458990715],[5.834883291972801],27,2,326,6,4459.080278540961,,4459.073777999962,4459.080278540961,4460.0771371249575,4460.0771371249575,4460.093888500007,4462.652134332922,space,2.567094665952027,None,4462.653382249991,4462.760263124659,4463.065791915986,4463.049412457971,4463.0509809158975,4463.065791915986,4463.065791915986,4463.065791915986,4468.900982624968,150,1,[5.834878458990715],[5.834883291972801],P1.1,001,2025-11-10_13h18.04.604,Intentional Binding exp,,2025.1.1,119.44737677240607,2025-11-10 13h18.16.770298 +0530,
0.1,400,unexp,327,3,27,space,1.1266661660047248,None,800,1,[12.931198582984507],[12.931203249958344],27,3,327,0,4468.908973790938,,4468.901217874954,4468.908973790938,4469.893235082971,4469.893235082971,4469.899997083005,4471.029457208002,space,1.1266661660047248,None,4471.031838915893,4471.133205374648,4471.436015957966,4471.422113290988,4471.423966540955,4471.436015957966,4471.436015957966,4471.436015957966,4484.367526915972,800,1,[12.931198582984507],[12.931203249958344],P1.1,001,2025-11-10_13h18.04.604,Intentional Binding exp,,2025.1.1,119.44737677240607,2025-11-10 13h18.16.770298 +0530,
0.4,1000,exp,328,4,27,space,0.19719845708459616,None,700,1,[14.195456042070873],[14.195460167014971],27,4,328,7,4484.376297457959,,4484.367736832937,4484.376297457959,4485.37765124999,4485.37765124999,4485.37765124999,4485.578098415979,space,0.19719845708459616,None,4485.579707249999,4485.983507666566,4486.288850124925,4486.273287207936,4486.275163374958,4486.288850124925,4486.288850124925,4486.288850124925,4500.48459816596,700,1,[14.195456042070873],[14.195460167014971],P1.1,001,2025-11-10_13h18.04.604,Intentional Binding exp,,2025.1.1,119.44737677240607,2025-11-10 13h18.16.770298 +0530,
0.4,400,unexp,329,5,27,space,1.274637540918775,None,880,1,[8.70288450003136],[8.702888958971016],27,5,329,1,4500.492560290964,,4500.484821165912,4500.492560290964,4501.476846915903,4501.476846915903,4501.484157208004,4502.761450915947,space,1.274637540918775,None,4502.763145165984,4503.166911041659,4503.481875790982,4503.466756749898,4503.46884829097,4503.481875790982,4503.481875790982,4503.481875790982,4512.185047207982,880,1,[8.70288450003136],[8.702888958971016],P1.1,001,2025-11-10_13h18.04.604,Intentional Binding exp,,2025.1.1,119.44737677240607,2025-11-10 13h18.16.770298 +0530,
0.1,1000,exp,330,6,27,space,0.0821999580366537,None,600,1,[23.438236333080567],[23.438242166070268],27,6,330,9,4512.193184999982,,4512.185258165933,4512.193184999982,4513.176896624966,4513.176896624966,4513.184133332921,4513.261722832918,space,0.0821999580366537,None,4513.263169915997,4513.377857541611,4513.67978370795,4513.66576687491,4513.667486290913,4513.67978370795,4513.67978370795,4513.67978370795,4537.118328415905,600,1,[23.438236333080567],[23.438242166070268],P1.1,001,2025-11-10_13h18.04.604,Intentional Binding exp,,2025.1.1,119.44737677240607,2025-11-10 13h18.16.770298 +0530,
0.7,400,unexp,331,7,27,space,0.6130669160047546,None,500,1,[14.83030937507283],[14.830313250073232],27,7,331,2,4537.126690915902,,4537.118540999945,4537.126690915902,4538.110445457976,4538.110445457976,4538.118234249996,4538.746114124893,space,0.6130669160047546,None,4538.747615332948,4539.450580749606,4539.7550389159005,4539.740276624914,4539.74197545799,4539.7550389159005,4539.7550389159005,4539.7550389159005,4554.585626582964,500,1,[14.83030937507283],[14.830313250073232],P1.1,001,2025-11-10_13h18.04.604,Intentional Binding exp,,2025.1.1,119.44737677240607,2025-11-10 13h18.16.770298 +0530,
0.7,1000,exp,332,8,27,space,3.6564756659790874,None,400,1,[18.269898166065104],[18.269902333035134],27,8,332,11,4554.592935207998,,4554.585773082916,4554.592935207998,4555.577176332939,4555.577176332939,4555.584781082929,4559.235637999955,space,3.6564756659790874,None,4559.236879707896,4559.934741416659,4560.248736457899,4560.233764415956,4560.235952790943,4560.248736457899,4560.248736457899,4560.248736457899,4578.518932165927,400,1,[18.269898166065104],[18.269902333035134],P1.1,001,2025-11-10_13h18.04.604,Intentional Binding exp,,2025.1.1,119.44737677240607,2025-11-10 13h18.16.770298 +0530,
0.1,1000,exp,333,9,27,space,0.9570921239210293,None,400,1,[12.329660000046715],[12.329663207987323],27,9,333,3,4578.527097915998,,4578.519153915928,4578.527097915998,4579.5284226249205,4579.5284226249205,4579.5284226249205,4580.496114207897,space,0.9570921239210293,None,4580.497939665918,4580.600802291596,4580.905914707924,4580.890666082967,4580.8922690829495,4580.905914707924,4580.905914707924,4580.905914707924,4593.235853374936,400,1,[12.329660000046715],[12.329663207987323],P1.1,001,2025-11-10_13h18.04.604,Intentional Binding exp,,2025.1.1,119.44737677240607,2025-11-10 13h18.16.770298 +0530,
0.4,1000,exp,334,10,27,space,9.445879456936382,None,400,1,[3.8856248329393566],[3.885629165917635],27,10,334,10,4593.243333457969,,4593.236089540995,4593.243333457969,4594.235584165901,4594.235584165901,4594.235584165901,4603.6876344579505,space,9.445879456936382,None,4603.688351540943,4604.094472166562,4604.399620707962,4604.383244875004,4604.385401749983,4604.399620707962,4604.399620707962,4604.399620707962,4608.2855587909,400,1,[3.8856248329393566],[3.885629165917635],P1.1,001,2025-11-10_13h18.04.604,Intentional Binding exp,,2025.1.1,119.44737677240607,2025-11-10 13h18.16.770298 +0530,
0.4,1000,exp,335,11,27,space,0.9234230410074815,None,500,1,[36.26471291703638],[36.264717916958034],27,11,335,4,4608.293365374906,,4608.285774374963,4608.293365374906,4609.285921499948,4609.285921499948,4609.285921499948,4610.2126179999905,space,0.9234230410074815,None,4610.213924457901,4610.612115291591,4610.920639915974,4610.907046165899,4610.908637874993,4610.920639915974,4610.920639915974,4610.920639915974,4647.185660415911,500,1,[36.26471291703638],[36.264717916958034],P1.1,001,2025-11-10_13h18.04.604,Intentional Binding exp,,2025.1.1,119.44737677240607,2025-11-10 13h18.16.770298 +0530,
0.1,400,unexp,336,0,28,space,0.06718287395779043,None,350,1,[3.739619124913588],[3.7396229999139905],28,0,336,0,4647.194364374969,,4647.185864749947,4647.194364374969,4648.185209165909,4648.185209165909,4648.185209165909,4648.2538980829995,space,0.06718287395779043,None,4648.255236040917,4648.361735791612,4648.663254749961,4648.650171124958,4648.652084165951,4648.663254749961,4648.663254749961,4648.663254749961,4652.403172791004,350,1,[3.739619124913588],[3.7396229999139905],P1.1,001,2025-11-10_13h18.04.604,Intentional Binding exp,,2025.1.1,119.44737677240607,2025-11-10 13h18.16.770298 +0530,
0.4,400,unexp,337,1,28,space,0.3585396659327671,None,260,1,[23.164818040910177],[23.16482162498869],28,1,337,1,4652.4110632909,,4652.403351707966,4652.4110632909,4653.394755124929,4653.394755124929,4653.401536249905,4653.76266441599,space,0.3585396659327671,None,4653.763857999933,4654.168845249635,4654.471164624905,4654.456974915927,4654.458772540907,4654.471164624905,4654.471164624905,4654.471164624905,4677.636267415946,260,1,[23.164818040910177],[23.16482162498869],P1.1,001,2025-11-10_13h18.04.604,Intentional Binding exp,,2025.1.1,119.44737677240607,2025-11-10 13h18.16.770298 +0530,
0.4,1000,exp,338,2,28,space,0.1895469999872148,None,1000,1,[2.270898999995552],[2.2709028749959543],28,2,338,4,4677.644615166006,,4677.63647191599,4677.644615166006,4678.628232790972,4678.628232790972,4678.635184457991,4678.820858708001,space,0.1895469999872148,None,4678.822178957984,4679.228406916667,4679.532365666004,4679.517336207908,4679.519142124918,4679.532365666004,4679.532365666004,4679.532365666004,4681.803556832951,1000,1,[2.270898999995552],[2.2709028749959543],P1.1,001,2025-11-10_13h18.04.604,Intentional Binding exp,,2025.1.1,119.44737677240607,2025-11-10 13h18.16.770298 +0530,
0.7,400,unexp,339,3,28,space,0.4445360830286518,None,400,1,[3.103391250013374],[3.1033957499312237],28,3,339,2,4681.811402624939,,4681.80377070792,4681.811402624939,4682.802104290924,4682.802104290924,4682.802104290924,4683.251899707946,space,0.4445360830286518,None,4683.252348249895,4683.962580749594,4684.266434040968,4684.251021374948,4684.253452374949,4684.266434040968,4684.266434040968,4684.266434040968,4687.370111415978,400,1,[3.103391250013374],[3.1033957499312237],P1.1,001,2025-11-10_13h18.04.604,Intentional Binding exp,,2025.1.1,119.44737677240607,2025-11-10 13h18.16.770298 +0530,
0.7,1000,exp,340,4,28,space,0.058791665942408144,None,1000,1,[2.9310577500145882],[2.9310614159330726],28,4,340,8,4687.378045707941,,4687.370334832929,4687.378045707941,4688.361822540988,4688.361822540988,4688.370019041002,4688.42973562493,space,0.058791665942408144,None,4688.430872707977,4689.135134332642,4689.438243957935,4689.424699915922,4689.426465749973,4689.438243957935,4689.438243957935,4689.438243957935,4692.369588832953,1000,1,[2.9310577500145882],[2.9310614159330726],P1.1,001,2025-11-10_13h18.04.604,Intentional Binding exp,,2025.1.1,119.44737677240607,2025-11-10 13h18.16.770298 +0530,
0.4,1000,exp,341,5,28,space,0.13140941609162837,None,1000,1,[3.188965707900934],[3.188970665913075],28,5,341,7,4692.37759649998,,4692.369822499924,4692.37759649998,4693.3692024159245,4693.3692024159245,4693.3692024159245,4693.503477374907,space,0.13140941609162837,None,4693.504844165989,4693.911853166592,4694.213570790947,4694.20061058295,4694.202393165906,4694.213570790947,4694.213570790947,4694.213570790947,4697.4028437499655,1000,1,[3.188965707900934],[3.188970665913075],P1.1,001,2025-11-10_13h18.04.604,Intentional Binding exp,,2025.1.1,119.44737677240607,2025-11-10 13h18.16.770298 +0530,
0.7,1000,exp,342,6,28,space,0.3387590820202604,None,930,1,[4.93995041702874],[4.939954625093378],28,6,342,5,4697.411431540968,,4697.403080582968,4697.411431540968,4698.412808457972,4698.412808457972,4698.412808457972,4698.754227540921,space,0.3387590820202604,None,4698.755535040982,4699.461760124603,4699.7627135409275,4699.750463582925,4699.752051249961,4699.7627135409275,4699.7627135409275,4699.7627135409275,4704.703009665944,930,1,[4.93995041702874],[4.939954625093378],P1.1,001,2025-11-10_13h18.04.604,Intentional Binding exp,,2025.1.1,119.44737677240607,2025-11-10 13h18.16.770298 +0530,
0.4,1000,exp,343,7,28,space,0.6010692910058424,None,880,1,[7.538794457912445],[7.538800541893579],28,7,343,10,4704.711921249982,,4704.703223749995,4704.711921249982,4705.6953228749335,4705.6953228749335,4705.702768749907,4706.304161915905,space,0.6010692910058424,None,4706.305306082941,4706.711967374609,4707.014652790967,4707.000496833003,4707.002318332903,4707.014652790967,4707.014652790967,4707.014652790967,4714.553753832937,880,1,[7.538794457912445],[7.538800541893579],P1.1,001,2025-11-10_13h18.04.604,Intentional Binding exp,,2025.1.1,119.44737677240607,2025-11-10 13h18.16.770298 +0530,
0.7,1000,exp,344,8,28,space,0.29315291601233184,None,880  ,1,[4.637614333070815],[4.637618000037037],28,8,344,11,4714.56104266597,,4714.553963999962,4714.56104266597,4715.553196082939,4715.553196082939,4715.553196082939,4715.854049832909,space,0.29315291601233184,None,4715.855214165989,4716.561942874632,4716.865365790902,4716.850905332947,4716.852716040914,4716.865365790902,4716.865365790902,4716.865365790902,4721.503266540938,880  ,1,[4.637614333070815],[4.637618000037037],P1.1,001,2025-11-10_13h18.04.604,Intentional Binding exp,,2025.1.1,119.44737677240607,2025-11-10 13h18.16.770298 +0530,
0.1,1000,exp,345,9,28,space,0.5459932489320636,None,700,1,[9.912456957972609],[9.912461666041054],28,9,345,3,4721.511024415959,,4721.503480582964,4721.511024415959,4722.512490166002,4722.512490166002,4722.529606333002,4723.063607374905,space,0.5459932489320636,None,4723.0649511659285,4723.168544541641,4723.473808082985,4723.45858649991,4723.460332874907,4723.473808082985,4723.473808082985,4723.473808082985,4733.3865644579055,700,1,[9.912456957972609],[9.912461666041054],P1.1,001,2025-11-10_13h18.04.604,Intentional Binding exp,,2025.1.1,119.44737677240607,2025-11-10 13h18.16.770298 +0530,
0.1,1000,exp,346,10,28,space,0.17102712497580796,None,"600
",1,[21.930363000021316],[21.93036741600372],28,10,346,6,4733.395107624936,,4733.386777707958,4733.395107624936,4734.386088458006,4734.386088458006,4734.386088458006,4734.565142915933,space,0.17102712497580796,None,4734.565511166002,4734.66799362464,4734.972497499897,4734.958050790941,4734.959808874992,4734.972497499897,4734.972497499897,4734.972497499897,4756.903177999891,"600
",1,[21.930363000021316],[21.93036741600372],P1.1,001,2025-11-10_13h18.04.604,Intentional Binding exp,,2025.1.1,119.44737677240607,2025-11-10 13h18.16.770298 +0530,
0.1,1000,exp,347,11,28,space,0.3010865410324186,None,770,1,[10.832759957993403],[10.832763582933694],28,11,347,9,4756.9119939999655,,4756.903373540961,4756.9119939999655,4757.903181915986,4757.903181915986,4757.903181915986,4758.214870207943,space,0.3010865410324186,None,4758.2165587909985,4758.319059249658,4758.621004957939,4758.608288624906,4758.610062583,4758.621004957939,4758.621004957939,4758.621004957939,4769.45407083293,770,1,[10.832759957993403],[10.832763582933694],P1.1,001,2025-11-10_13h18.04.604,Intentional Binding exp,,2025.1.1,119.44737677240607,2025-11-10 13h18.16.770298 +0530,
0.7,1000,exp,348,0,29,space,0.4814172909827903,None,880  ,1,[14.498262792010792],[14.498267999966629],29,0,348,8,4769.46206320799,,4769.454274207936,4769.46206320799,4770.445863374975,4770.445863374975,4770.453781040967,4770.930308832903,space,0.4814172909827903,None,4770.9314072909765,4771.630331457654,4771.93860491598,4771.925196875003,4771.927746457979,4771.93860491598,4771.93860491598,4771.93860491598,4786.437196207931,880  ,1,[14.498262792010792],[14.498267999966629],P1.1,001,2025-11-10_13h18.04.604,Intentional Binding exp,,2025.1.1,119.44737677240607,2025-11-10 13h18.16.770298 +0530,
0.4,1000,exp,349,1,29,space,0.24352979089599103,None,900,1,[1.4446278749965131],[1.444631417049095],29,1,349,4,4786.445031499956,,4786.437403040938,4786.445031499956,4787.43621437496,4787.43621437496,4787.43621437496,4787.6869942079065,space,0.24352979089599103,None,4787.687372749904,4788.097301541657,4788.409502291004,4788.392985540908,4788.39497866598,4788.409502291004,4788.409502291004,4788.409502291004,4789.85442499991,900,1,[1.4446278749965131],[1.444631417049095],P1.1,001,2025-11-10_13h18.04.604,Intentional Binding exp,,2025.1.1,119.44737677240607,2025-11-10 13h18.16.770298 +0530,
0.1,1000,exp,350,2,29,space,0.04196174908429384,None,900 ,1,[1.5657460830407217],[1.5657501249806955],29,2,350,9,4789.861688124947,,4789.854629957932,4789.861688124947,4790.853797374992,4790.853797374992,4790.853797374992,4790.897426665993,space,0.04196174908429384,None,4790.898854624946,4791.00232324965,4791.303991833003,4791.291346165934,4791.292941249907,4791.303991833003,4791.303991833003,4791.303991833003,4792.87004612491,900 ,1,[1.5657460830407217],[1.5657501249806955],P1.1,001,2025-11-10_13h18.04.604,Intentional Binding exp,,2025.1.1,119.44737677240607,2025-11-10 13h18.16.770298 +0530,
0.7,1000,exp,351,3,29,space,0.07504516595508903,None,900,1,[1.3325011249398813],[1.3325058328919113],29,3,351,5,4792.879054707941,,4792.870253499947,4792.879054707941,4793.862540500006,4793.862540500006,4793.869595915894,4793.947765207966,space,0.07504516595508903,None,4793.949509540922,4794.652684749632,4794.954328499967,4794.94155524997,4794.943332750001,4794.954328499967,4794.954328499967,4794.954328499967,4796.287132625002,900,1,[1.3325011249398813],[1.3325058328919113],P1.1,001,2025-11-10_13h18.04.604,Intentional Binding exp,,2025.1.1,119.44737677240607,2025-11-10 13h18.16.770298 +0530,
0.1,1000,exp,352,4,29,space,0.6903685829602182,None,900,1,[1.3204282090300694],[1.3204317500349134],29,4,352,6,4796.294997165911,,4796.287341957912,4796.294997165911,4797.279323124909,4797.279323124909,4797.287985457922,4797.979731957894,space,0.6903685829602182,None,4797.981057500001,4798.079487874584,4798.382773790974,4798.368247499922,4798.370028707897,4798.382773790974,4798.382773790974,4798.382773790974,4799.703489165986,900,1,[1.3204282090300694],[1.3204317500349134],P1.1,001,2025-11-10_13h18.04.604,Intentional Binding exp,,2025.1.1,119.44737677240607,2025-11-10 13h18.16.770298 +0530,
0.1,400,unexp,353,5,29,space,0.26747591595631093,None,300,1,[4.203900208929554],[4.203904874972068],29,5,353,0,4799.712027582922,,4799.703713040915,4799.712027582922,4800.695968415937,4800.695968415937,4800.70192837494,4800.971064624959,space,0.26747591595631093,None,4800.972372624907,4801.079537832589,4801.383159374935,4801.368399915984,4801.3701227499405,4801.383159374935,4801.383159374935,4801.383159374935,4805.587385082967,300,1,[4.203900208929554],[4.203904874972068],P1.1,001,2025-11-10_13h18.04.604,Intentional Binding exp,,2025.1.1,119.44737677240607,2025-11-10 13h18.16.770298 +0530,
0.4,1000,exp,354,6,29,space,0.8866973739350215,None,300,1,[2.221993500017561],[2.2219974170438945],29,6,354,10,4805.595180707984,,4805.587602874963,4805.595180707984,4806.586699832929,4806.586699832929,4806.586699832929,4807.480291332933,space,0.8866973739350215,None,4807.48068195791,4807.879694041625,4808.182138375007,4808.167925624992,4808.169716499979,4808.182138375007,4808.182138375007,4808.182138375007,4810.404420499923,300,1,[2.221993500017561],[2.2219974170438945],P1.1,001,2025-11-10_13h18.04.604,Intentional Binding exp,,2025.1.1,119.44737677240607,2025-11-10 13h18.16.770298 +0530,
0.1,1000,exp,355,7,29,space,0.3346896660514176,None,300,1,[3.5378392909187824],[3.5378440829226747],29,7,355,3,4810.411861207918,,4810.404632749967,4810.411861207918,4811.401833415963,4811.401833415963,4811.401833415963,4811.737973582931,space,0.3346896660514176,None,4811.738990582991,4811.84682404163,4812.148729790933,4812.134984457982,4812.136897124932,4812.148729790933,4812.148729790933,4812.148729790933,4815.68686037499,300,1,[3.5378392909187824],[3.5378440829226747],P1.1,001,2025-11-10_13h18.04.604,Intentional Binding exp,,2025.1.1,119.44737677240607,2025-11-10 13h18.16.770298 +0530,
0.7,1000,exp,356,8,29,space,0.17980824899859726,None,300,1,[2.6169077090453357],[2.6169112500501797],29,8,356,11,4815.695370915928,,4815.687078082934,4815.695370915928,4816.679529874935,4816.679529874935,4816.686486624996,4816.864388374961,space,0.17980824899859726,None,4816.8653905409155,4817.569342041566,4817.870727250003,4817.858225457952,4817.86013108294,4817.870727250003,4817.870727250003,4817.870727250003,4820.4879341659835,300,1,[2.6169077090453357],[2.6169112500501797],P1.1,001,2025-11-10_13h18.04.604,Intentional Binding exp,,2025.1.1,119.44737677240607,2025-11-10 13h18.16.770298 +0530,
0.7,400,unexp,357,9,29,space,0.29663858306594193,None,400,1,[6.83509879198391],[6.83510349993594],29,9,357,2,4820.4953218329465,,4820.488144957926,4820.4953218329465,4821.485593999969,4821.485593999969,4821.485593999969,4821.786951874965,space,0.29663858306594193,None,4821.78731829091,4822.486215582645,4822.802352915984,4822.785878415918,4822.787892665947,4822.802352915984,4822.802352915984,4822.802352915984,4829.637743790983,400,1,[6.83509879198391],[6.83510349993594],P1.1,001,2025-11-10_13h18.04.604,Intentional Binding exp,,2025.1.1,119.44737677240607,2025-11-10 13h18.16.770298 +0530,
0.4,1000,exp,358,10,29,space,0.2762304989155382,None,700,1,[5.463321791030467],[5.463325874996372],29,10,358,7,4829.645395,,4829.637960374937,4829.645395,4830.62964804098,4830.62964804098,4830.63625808293,4830.932064749999,space,0.2762304989155382,None,4830.933686415898,4831.336638624609,4831.640472290921,4831.626250249916,4831.627987374901,4831.640472290921,4831.640472290921,4831.640472290921,4837.104076290969,700,1,[5.463321791030467],[5.463325874996372],P1.1,001,2025-11-10_13h18.04.604,Intentional Binding exp,,2025.1.1,119.44737677240607,2025-11-10 13h18.16.770298 +0530,
0.4,400,unexp,359,11,29,space,0.25168854102957994,None,400 ,1,[2.1696139170089737],[2.1696179589489475],29,11,359,1,4837.112130290945,,4837.104297249927,4837.112130290945,4838.096357707982,4838.096357707982,4838.103330374928,4838.355269790976,space,0.25168854102957994,None,4838.356978749973,4838.763346207623,4839.06734208297,4839.051979832933,4839.053789875004,4839.06734208297,4839.06734208297,4839.06734208297,4841.237243249896,400 ,1,[2.1696139170089737],[2.1696179589489475],P1.1,001,2025-11-10_13h18.04.604,Intentional Binding exp,,2025.1.1,119.44737677240607,2025-11-10 13h18.16.770298 +0530,
0.4,1000,exp,360,0,30,space,0.14028624899219722,None,1000,1,[1.3472900409251451],[1.3472943749511614],30,0,360,4,4841.246206624899,,4841.237463957979,4841.246206624899,4842.236734082922,4842.236734082922,4842.236734082922,4842.382038999931,space,0.14028624899219722,None,4842.383287957986,4842.786593916655,4843.089868415962,4843.075482499902,4843.07707775,4843.089868415962,4843.089868415962,4843.089868415962,4844.437459415989,1000,1,[1.3472900409251451],[1.3472943749511614],P1.1,001,2025-11-10_13h18.04.604,Intentional Binding exp,,2025.1.1,119.44737677240607,2025-11-10 13h18.16.770298 +0530,
0.1,1000,exp,361,1,30,space,0.28808779106475413,None,1000,1,[1.870791041990742],[1.8707945419009775],30,1,361,6,4844.445484624943,,4844.437706165947,4844.445484624943,4845.429844249971,4845.429844249971,4845.4374239159515,4845.7217077079695,space,0.28808779106475413,None,4845.722706999979,4845.831138582613,4846.133775583003,4846.119359332952,4846.121376457973,4846.133775583003,4846.133775583003,4846.133775583003,4848.004852040904,1000,1,[1.870791041990742],[1.8707945419009775],P1.1,001,2025-11-10_13h18.04.604,Intentional Binding exp,,2025.1.1,119.44737677240607,2025-11-10 13h18.16.770298 +0530,
0.1,1000,exp,362,2,30,space,0.20907104096841067,None,1000,1,[2.948972416925244],[2.948976374929771],30,2,362,3,4848.012272708002,,4848.005303999991,4848.012272708002,4849.003914874978,4849.003914874978,4849.003914874978,4849.214612290962,space,0.20907104096841067,None,4849.216012624907,4849.320148457602,4849.621738707996,4849.608558415901,4849.610368874972,4849.621738707996,4849.621738707996,4849.621738707996,4852.571011832915,1000,1,[2.948972416925244],[2.948976374929771],P1.1,001,2025-11-10_13h18.04.604,Intentional Binding exp,,2025.1.1,119.44737677240607,2025-11-10 13h18.16.770298 +0530,
0.1,1000,exp,363,3,30,space,0.013726208009757102,None,1000,1,[2.3475745000177994],[2.3475780410226434],30,3,363,9,4852.578860665904,,4852.5712250409415,4852.578860665904,4853.563192915986,4853.563192915986,4853.571182124899,4853.581499665976,space,0.013726208009757102,None,4853.582833415945,4853.686215916594,4853.9900197079405,4853.9771379159065,4853.978879207978,4853.9900197079405,4853.9900197079405,4853.9900197079405,4856.337880832958,1000,1,[2.3475745000177994],[2.3475780410226434],P1.1,001,2025-11-10_13h18.04.604,Intentional Binding exp,,2025.1.1,119.44737677240607,2025-11-10 13h18.16.770298 +0530,
0.4,1000,exp,364,4,30,space,0.46902049891650677,None,1000,1,[1.4174237919505686],[1.417427417007275],30,4,364,7,4856.345526332967,,4856.338088374934,4856.345526332967,4857.329797790968,4857.329797790968,4857.336771665956,4857.805063707987,space,0.46902049891650677,None,4857.806284540915,4858.21425687458,4858.520252290997,4858.503311332897,4858.5053536249325,4858.520252290997,4858.520252290997,4858.520252290997,4859.937971125008,1000,1,[1.4174237919505686],[1.417427417007275],P1.1,001,2025-11-10_13h18.04.604,Intentional Binding exp,,2025.1.1,119.44737677240607,2025-11-10 13h18.16.770298 +0530,
0.4,400,unexp,365,5,30,space,0.23562208306975663,None,100,1,[2.255718208034523],[2.2557224580086768],30,5,365,1,4859.945643874933,,4859.9382036658935,4859.945643874933,4860.938155374955,4860.938155374955,4860.938155374955,4861.180527999997,space,0.23562208306975663,None,4861.180878040963,4861.580026166575,4861.882108040969,4861.868640707922,4861.870447165915,4861.882108040969,4861.882108040969,4861.882108040969,4864.13812016591,100,1,[2.255718208034523],[2.2557224580086768],P1.1,001,2025-11-10_13h18.04.604,Intentional Binding exp,,2025.1.1,119.44737677240607,2025-11-10 13h18.16.770298 +0530,
0.4,1000,exp,366,6,30,space,0.025284123956225812,None,900 ,1,[2.155132708954625],[2.1551361250458285],30,6,366,10,4864.145704082912,,4864.138347665896,4864.145704082912,4865.137563749915,4865.137563749915,4865.137563749915,4865.164720832952,space,0.025284123956225812,None,4865.166080415947,4865.580801832668,4865.882822457934,4865.8683742909925,4865.870228249929,4865.882822457934,4865.882822457934,4865.882822457934,4868.038247874938,900 ,1,[2.155132708954625],[2.1551361250458285],P1.1,001,2025-11-10_13h18.04.604,Intentional Binding exp,,2025.1.1,119.44737677240607,2025-11-10 13h18.16.770298 +0530,
0.7,400,unexp,367,7,30,space,0.8288410409586504,None,100,1,[1.6887889580102637],[1.688793540932238],30,7,367,2,4868.046202040976,,4868.038457207964,4868.046202040976,4869.0299661249155,4869.0299661249155,4869.037171957898,4869.866174582974,space,0.8288410409586504,None,4869.867587415967,4870.57130191656,4870.882479707943,4870.868556832895,4870.870302957948,4870.882479707943,4870.882479707943,4870.882479707943,4872.571569041,100,1,[1.6887889580102637],[1.688793540932238],P1.1,001,2025-11-10_13h18.04.604,Intentional Binding exp,,2025.1.1,119.44737677240607,2025-11-10 13h18.16.770298 +0530,
0.7,1000,exp,368,8,30,space,0.3181899160845205,None,900 ,1,[1.9018897500354797],[1.9018935420317575],30,8,368,11,4872.579029124929,,4872.571789874928,4872.579029124929,4873.563552165986,4873.563552165986,4873.569666124997,4873.899589832989,space,0.3181899160845205,None,4873.901627915911,4874.614580291618,4874.919486957951,4874.903382540913,4874.905498582986,4874.919486957951,4874.919486957951,4874.919486957951,4876.8216687079985,900 ,1,[1.9018897500354797],[1.9018935420317575],P1.1,001,2025-11-10_13h18.04.604,Intentional Binding exp,,2025.1.1,119.44737677240607,2025-11-10 13h18.16.770298 +0530,
0.7,1000,exp,369,9,30,space,0.019878125051036477,None,900,1,[1.9146222909912467],[1.9146261250134557],30,9,369,8,4876.829683666001,,4876.82187370793,4876.829683666001,4877.821711082943,4877.821711082943,4877.821711082943,4877.847866999917,space,0.019878125051036477,None,4877.8490479579195,4878.553388957578,4878.855901499977,4878.842391915969,4878.844102415955,4878.855901499977,4878.855901499977,4878.855901499977,4880.770813415991,900,1,[1.9146222909912467],[1.9146261250134557],P1.1,001,2025-11-10_13h18.04.604,Intentional Binding exp,,2025.1.1,119.44737677240607,2025-11-10 13h18.16.770298 +0530,
0.1,400,unexp,370,10,30,space,0.13682416593655944,None,100,1,[2.397784582921304],[2.397788416943513],30,10,370,0,4880.7797991249245,,4880.771022083005,4880.7797991249245,4881.770715790917,4881.770715790917,4881.770715790917,4881.914863374899,space,0.13682416593655944,None,4881.915238290909,4882.020206874648,4882.32313258294,4882.309726165957,4882.311287082965,4882.32313258294,4882.32313258294,4882.32313258294,4884.721201624954,100,1,[2.397784582921304],[2.397788416943513],P1.1,001,2025-11-10_13h18.04.604,Intentional Binding exp,,2025.1.1,119.44737677240607,2025-11-10 13h18.16.770298 +0530,
0.7,1000,exp,371,11,30,space,0.01418420800473541,None,900,1,[2.18299429200124],[2.182997666997835],30,11,371,5,4884.729179207934,,4884.721381832962,4884.729179207934,4885.713494415977,4885.713494415977,4885.719537082943,4885.731759249931,space,0.01418420800473541,None,4885.733122915961,4886.4375503325755,4886.738796249963,4886.725880290964,4886.727603707928,4886.738796249963,4886.738796249963,4886.738796249963,4888.922034540912,900,1,[2.18299429200124],[2.182997666997835],P1.1,001,2025-11-10_13h18.04.604,Intentional Binding exp,,2025.1.1,119.44737677240607,2025-11-10 13h18.16.770298 +0530,
0.7,400,unexp,372,0,31,space,0.4416583740385249,None,100,1,[1.9208257499849424],[1.9208299580495805],31,0,372,2,4888.946710582939,,4888.9221815000055,4888.946710582939,4889.920839875005,4889.920839875005,4889.936589207966,4890.364733416005,space,0.4416583740385249,None,4890.366105207941,4891.064525166588,4891.366706165951,4891.352332957904,4891.354231040925,4891.366706165951,4891.366706165951,4891.366706165951,4893.287832290982,100,1,[1.9208257499849424],[1.9208299580495805],P1.1,001,2025-11-10_13h18.04.604,Intentional Binding exp,,2025.1.1,119.44737677240607,2025-11-10 13h18.16.770298 +0530,
0.7,1000,exp,373,1,31,space,0.1448694569990039,None,900,1,[1.4551565409637988],[1.4551600828999653],31,1,373,11,4893.296924290946,,4893.288037040969,4893.296924290946,4894.279452290968,4894.279452290968,4894.286575457896,4894.430977707962,space,0.1448694569990039,None,4894.4313346659765,4895.130779416595,4895.432887290954,4895.419011665974,4895.420558832935,4895.432887290954,4895.432887290954,4895.432887290954,4896.888333165902,900,1,[1.4551565409637988],[1.4551600828999653],P1.1,001,2025-11-10_13h18.04.604,Intentional Binding exp,,2025.1.1,119.44737677240607,2025-11-10 13h18.16.770298 +0530,
0.4,1000,exp,374,2,31,space,0.019955083029344678,None,800,1,[4.818069042055868],[4.818073166999966],31,2,374,7,4896.896029750002,,4896.88854591595,4896.896029750002,4897.88867729099,4897.88867729099,4897.88867729099,4897.916545249987,space,0.019955083029344678,None,4897.918300082907,4898.320351457634,4898.636845832923,4898.620366999996,4898.6225097499555,4898.636845832923,4898.636845832923,4898.636845832923,4903.455216582981,800,1,[4.818069042055868],[4.818073166999966],P1.1,001,2025-11-10_13h18.04.604,Intentional Binding exp,,2025.1.1,119.44737677240607,2025-11-10 13h18.16.770298 +0530,
0.7,1000,exp,375,3,31,space,0.2789582909317687,None,800,1,[1.3366365830879658],[1.3366417500656098],31,3,375,5,4903.462777415989,,4903.455445665983,4903.462777415989,4904.446186207933,4904.446186207933,4904.453737582895,4904.73177562491,space,0.2789582909317687,None,4904.733410332934,4905.431344749584,4905.734743624926,4905.719439624925,4905.721170665929,4905.734743624926,4905.734743624926,4905.734743624926,4907.071669249912,800,1,[1.3366365830879658],[1.3366417500656098],P1.1,001,2025-11-10_13h18.04.604,Intentional Binding exp,,2025.1.1,119.44737677240607,2025-11-10 13h18.16.770298 +0530,
0.4,1000,exp,376,4,31,space,0.32297545799519867,None,800 ,1,[2.711411083000712],[2.711414707941003],31,4,376,10,4907.0795368329855,,4907.071880999953,4907.0795368329855,4908.071208874928,4908.071208874928,4908.071208874928,4908.398701165919,space,0.32297545799519867,None,4908.400236749905,4908.804471999585,4909.109483832959,4909.09340449993,4909.095074582961,4909.109483832959,4909.109483832959,4909.109483832959,4911.821177082951,800 ,1,[2.711411083000712],[2.711414707941003],P1.1,001,2025-11-10_13h18.04.604,Intentional Binding exp,,2025.1.1,119.44737677240607,2025-11-10 13h18.16.770298 +0530,
0.4,1000,exp,377,5,31,space,0.5282259579980746,None,800,1,[1.882983334013261],[1.8829877499956638],31,5,377,4,4911.829474832979,,4911.821389457909,4911.829474832979,4912.831102499971,4912.831102499971,4912.848099333001,4913.366360707907,space,0.5282259579980746,None,4913.3677094999,4913.77037495765,4914.072297125007,4914.059188915999,4914.061014582985,4914.072297125007,4914.072297125007,4914.072297125007,4915.955568040954,800,1,[1.882983334013261],[1.8829877499956638],P1.1,001,2025-11-10_13h18.04.604,Intentional Binding exp,,2025.1.1,119.44737677240607,2025-11-10 13h18.16.770298 +0530,
0.1,1000,exp,378,6,31,space,0.061494749039411545,None,800,1,[1.1391197920311242],[1.1391233750618994],31,6,378,9,4915.963368665893,,4915.955764707993,4915.963368665893,4916.954561749939,4916.954561749939,4916.954561749939,4917.022638999973,space,0.061494749039411545,None,4917.0237590830075,4917.130499416558,4917.4317962499335,4917.418926165905,4917.420526165981,4917.4317962499335,4917.4317962499335,4917.4317962499335,4918.571216540993,800,1,[1.1391197920311242],[1.1391233750618994],P1.1,001,2025-11-10_13h18.04.604,Intentional Binding exp,,2025.1.1,119.44737677240607,2025-11-10 13h18.16.770298 +0530,
0.7,1000,exp,379,7,31,space,0.5531520410440862,None,800,1,[1.1682856669649482],[1.1682897079735994],31,7,379,8,4918.58039208292,,4918.571447290946,4918.58039208292,4919.563850915991,4919.563850915991,4919.571621915908,4920.122347290977,space,0.5531520410440862,None,4920.123490249971,4920.83160945756,4921.137427082984,4921.1205396249425,4921.122575749992,4921.137427082984,4921.137427082984,4921.137427082984,4922.306005332968,800,1,[1.1682856669649482],[1.1682897079735994],P1.1,001,2025-11-10_13h18.04.604,Intentional Binding exp,,2025.1.1,119.44737677240607,2025-11-10 13h18.16.770298 +0530,
0.1,400,unexp,380,8,31,space,0.5893368739634752,None,100,1,[3.2313012909144163],[3.2313056249404326],31,8,380,0,4922.313631500001,,4922.306232790928,4922.313631500001,4923.304681499954,4923.304681499954,4923.304681499954,4923.916368874954,space,0.5893368739634752,None,4923.918020457961,4924.020072749645,4924.323372457991,4924.309370624949,4924.310940457974,4924.323372457991,4924.323372457991,4924.323372457991,4927.554976415937,100,1,[3.2313012909144163],[3.2313056249404326],P1.1,001,2025-11-10_13h18.04.604,Intentional Binding exp,,2025.1.1,119.44737677240607,2025-11-10 13h18.16.770298 +0530,
0.1,1000,exp,381,9,31,space,0.0846947489771992,None,800,1,[1.7886467080097646],[1.7886502920882776],31,9,381,3,4927.562923332909,,4927.555185165955,4927.562923332909,4928.54720516596,4928.54720516596,4928.5549721249845,4928.63950474991,space,0.0846947489771992,None,4928.640808207914,4928.739588207627,4929.04989466595,4929.035779415979,4929.037640457973,4929.04989466595,4929.04989466595,4929.04989466595,4930.838841124903,800,1,[1.7886467080097646],[1.7886502920882776],P1.1,001,2025-11-10_13h18.04.604,Intentional Binding exp,,2025.1.1,119.44737677240607,2025-11-10 13h18.16.770298 +0530,
0.4,400,unexp,382,10,31,space,0.3104874159907922,None,100,1,[1.9653896670788527],[1.9653940830612555],31,10,382,1,4930.846305790939,,4930.839045332978,4930.846305790939,4931.838343665935,4931.838343665935,4931.838343665935,4932.1559063749155,space,0.3104874159907922,None,4932.157729374943,4932.555479582577,4932.8563160409685,4932.843404832995,4932.844983457937,4932.8563160409685,4932.8563160409685,4932.8563160409685,4934.821984540904,100,1,[1.9653896670788527],[1.9653940830612555],P1.1,001,2025-11-10_13h18.04.604,Intentional Binding exp,,2025.1.1,119.44737677240607,2025-11-10 13h18.16.770298 +0530,
0.1,1000,exp,383,11,31,space,0.7606687908992171,None,800,1,[2.0700731249526143],[2.0700767500093207],31,11,383,6,4934.829716999899,,4934.822211332968,4934.829716999899,4935.821063957992,4935.821063957992,4935.821063957992,4936.5890944160055,space,0.7606687908992171,None,4936.590235790936,4936.697266166626,4937.00123437494,4936.985833290964,4936.987971582916,4937.00123437494,4937.00123437494,4937.00123437494,4939.071588999941,800,1,[2.0700731249526143],[2.0700767500093207],P1.1,001,2025-11-10_13h18.04.604,Intentional Binding exp,,2025.1.1,119.44737677240607,2025-11-10 13h18.16.770298 +0530,
0.4,1000,exp,384,0,32,space,0.27980262401979417,None,700,1,[3.549338583019562],[3.549343374907039],32,0,384,10,4939.079691124964,,4939.071808415931,4939.079691124964,4940.064038582961,4940.064038582961,4940.071160165942,4940.348911374924,space,0.27980262401979417,None,4940.350277790916,4940.754101082628,4941.055380290956,4941.042854874977,4941.044689290924,4941.055380290956,4941.055380290956,4941.055380290956,4944.605023790966,700,1,[3.549338583019562],[3.549343374907039],P1.1,001,2025-11-10_13h18.04.604,Intentional Binding exp,,2025.1.1,119.44737677240607,2025-11-10 13h18.16.770298 +0530,
0.1,400,unexp,385,1,32,space,0.25230991607531905,None,200,1,[3.120373915997334],[3.120377790997736],32,1,385,0,4944.6136754580075,,4944.605235332972,4944.6136754580075,4945.597411374911,4945.597411374911,4945.603851291002,4945.855612749932,space,0.25230991607531905,None,4945.8569771659095,4945.964179332663,4946.268455790938,4946.252787957899,4946.255364374956,4946.268455790938,4946.268455790938,4946.268455790938,4949.389122791006,200,1,[3.120373915997334],[3.120377790997736],P1.1,001,2025-11-10_13h18.04.604,Intentional Binding exp,,2025.1.1,119.44737677240607,2025-11-10 13h18.16.770298 +0530,
0.1,1000,exp,386,2,32,space,0.6909237490035594,None,700,1,[5.2137287080986425],[5.21373250009492],32,2,386,6,4949.396491082967,,4949.389352457947,4949.396491082967,4950.387799457996,4950.387799457996,4950.387799457996,4951.082260833005,space,0.6909237490035594,None,4951.083605707972,4951.1871207915865,4951.490941249998,4951.475943874917,4951.477716790978,4951.490941249998,4951.490941249998,4951.490941249998,4956.70497099997,700,1,[5.2137287080986425],[5.21373250009492],P1.1,001,2025-11-10_13h18.04.604,Intentional Binding exp,,2025.1.1,119.44737677240607,2025-11-10 13h18.16.770298 +0530,
0.1,1000,exp,387,3,32,space,0.3041346239624545,None,700,1,[1.6536606249865144],[1.6536650420166552],32,3,387,9,4956.713270832901,,4956.705136915902,4956.713270832901,4957.697498166002,4957.697498166002,4957.704858290963,4958.006101290928,space,0.3041346239624545,None,4958.0077800829895,4958.114278707599,4958.418517874903,4958.402975040954,4958.404805999948,4958.418517874903,4958.418517874903,4958.418517874903,4960.072493457934,700,1,[1.6536606249865144],[1.6536650420166552],P1.1,001,2025-11-10_13h18.04.604,Intentional Binding exp,,2025.1.1,119.44737677240607,2025-11-10 13h18.16.770298 +0530,
0.7,1000,exp,388,4,32,space,0.30068654101341963,None,700,1,[1.9543309580767527],[1.9543344170087948],32,4,388,11,4960.079916207935,,4960.072709540953,4960.079916207935,4961.070921332925,4961.070921332925,4961.070921332925,4961.382336624898,space,0.30068654101341963,None,4961.383677457925,4962.088277749663,4962.401350915898,4962.386995082954,4962.389053415973,4962.401350915898,4962.401350915898,4962.401350915898,4964.3559694580035,700,1,[1.9543309580767527],[1.9543344170087948],P1.1,001,2025-11-10_13h18.04.604,Intentional Binding exp,,2025.1.1,119.44737677240607,2025-11-10 13h18.16.770298 +0530,
0.4,400,unexp,389,5,32,space,0.07077004096936435,None,200,1,[2.4038998329779133],[2.403904916951433],32,5,389,1,4964.36335349991,,4964.356187833007,4964.36335349991,4965.347677249927,4965.347677249927,4965.354965040926,4965.423315874999,space,0.07077004096936435,None,4965.424185332959,4965.830852999647,4966.1345267079305,4966.120178790996,4966.121998457937,4966.1345267079305,4966.1345267079305,4966.1345267079305,4968.538714499911,200,1,[2.4038998329779133],[2.403904916951433],P1.1,001,2025-11-10_13h18.04.604,Intentional Binding exp,,2025.1.1,119.44737677240607,2025-11-10 13h18.16.770298 +0530,
0.1,1000,exp,390,6,32,space,0.20091020700056106,None,200,1,[9.162919291993603],[9.1629243750358],32,6,390,3,4968.546668207971,,4968.5389422079315,4968.546668207971,4969.538498707931,4969.538498707931,4969.538498707931,4969.748987165978,space,0.20091020700056106,None,4969.750321457977,4969.854130291558,4970.159123332938,4970.143062874908,4970.144790749997,4970.159123332938,4970.159123332938,4970.159123332938,4979.32233758294,200,1,[9.162919291993603],[9.1629243750358],P1.1,001,2025-11-10_13h18.04.604,Intentional Binding exp,,2025.1.1,119.44737677240607,2025-11-10 13h18.16.770298 +0530,
0.4,1000,exp,391,7,32,space,0.11544429103378206,None,700,1,[1.916650875005871],[1.9166548749199137],32,7,391,7,4979.3306366659235,,4979.322567915893,4979.3306366659235,4980.321554041002,4980.321554041002,4980.321554041002,4980.439350874978,space,0.11544429103378206,None,4980.440635707928,4980.8387766245905,4981.139081582893,4981.12660541595,4981.128136582905,4981.139081582893,4981.139081582893,4981.139081582893,4983.056031207903,700,1,[1.916650875005871],[1.9166548749199137],P1.1,001,2025-11-10_13h18.04.604,Intentional Binding exp,,2025.1.1,119.44737677240607,2025-11-10 13h18.16.770298 +0530,
0.7,1000,exp,392,8,32,space,0.47973841603379697,None,700,1,[2.4367232089862227],[2.436726834042929],32,8,392,5,4983.063995457953,,4983.056233082898,4983.063995457953,4984.056227540947,4984.056227540947,4984.056227540947,4984.539726665942,space,0.47973841603379697,None,4984.541055624955,4985.2477408745945,4985.5519165829755,4985.536880540894,4985.53870841593,4985.5519165829755,4985.5519165829755,4985.5519165829755,4987.988928332925,700,1,[2.4367232089862227],[2.436726834042929],P1.1,001,2025-11-10_13h18.04.604,Intentional Binding exp,,2025.1.1,119.44737677240607,2025-11-10 13h18.16.770298 +0530,
0.4,1000,exp,393,9,32,space,0.32475212402641773,None,700,1,[1.7704894170165062],[1.770494083990343],32,9,393,4,4987.996773666004,,4987.989159457968,4987.996773666004,4988.992066874984,4988.992066874984,4988.997072499944,4989.32291524997,space,0.32475212402641773,None,4989.324006124982,4989.731260916629,4990.034454540932,4990.019701749901,4990.021356290905,4990.034454540932,4990.034454540932,4990.034454540932,4991.805254415958,700,1,[1.7704894170165062],[1.770494083990343],P1.1,001,2025-11-10_13h18.04.604,Intentional Binding exp,,2025.1.1,119.44737677240607,2025-11-10 13h18.16.770298 +0530,
0.7,400,unexp,394,10,32,space,0.3009678740054369,None,200,1,[1.936506083002314],[1.9365110829239711],32,10,394,2,4991.814062582911,,4991.805475207977,4991.814062582911,4992.79775274999,4992.79775274999,4992.8041262499755,4993.106650290894,space,0.3009678740054369,None,4993.107739540981,4993.815108124578,4994.119270290947,4994.104087874992,4994.106527499971,4994.119270290947,4994.119270290947,4994.119270290947,4996.056066707941,200,1,[1.936506083002314],[1.9365110829239711],P1.1,001,2025-11-10_13h18.04.604,Intentional Binding exp,,2025.1.1,119.44737677240607,2025-11-10 13h18.16.770298 +0530,
0.7,1000,exp,395,11,32,space,0.46060774906072766,None,600,1,[4.635367374983616],[4.6353712499840185],32,11,395,8,4996.064138332964,,4996.056280499906,4996.064138332964,4997.0550099998945,4997.0550099998945,4997.0550099998945,4997.523116790922,space,0.46060774906072766,None,4997.524457332911,4998.231306707665,4998.537666249904,4998.520746957976,4998.522923874902,4998.537666249904,4998.537666249904,4998.537666249904,5003.173322624993,600,1,[4.635367374983616],[4.6353712499840185],P1.1,001,2025-11-10_13h18.04.604,Intentional Binding exp,,2025.1.1,119.44737677240607,2025-11-10 13h18.16.770298 +0530,
0.7,1000,exp,396,0,33,space,0.2691574989585206,None,600 ,1,[2.2558142500929534],[2.255818250006996],33,0,396,11,5003.18041362497,,5003.173541874974,5003.18041362497,5004.170440332964,5004.170440332964,5004.170440332964,5004.449335290934,space,0.2691574989585206,None,5004.450618957984,5005.165625499623,5005.466262957896,5005.453275124892,5005.455049415934,5005.466262957896,5005.466262957896,5005.466262957896,5007.722363582929,600 ,1,[2.2558142500929534],[2.255818250006996],P1.1,001,2025-11-10_13h18.04.604,Intentional Binding exp,,2025.1.1,119.44737677240607,2025-11-10 13h18.16.770298 +0530,
0.7,1000,exp,397,1,33,space,0.7063892489532009,None,600,1,[2.20298983308021],[2.2029942499939352],33,1,397,5,5007.730882707983,,5007.722558374982,5007.730882707983,5008.714497957961,5008.714497957961,5008.721924332902,5009.422900582897,space,0.7063892489532009,None,5009.424066624953,5010.132270999664,5010.436081624939,5010.4204634159105,5010.422320165904,5010.436081624939,5010.436081624939,5010.436081624939,5012.63935491594,600,1,[2.20298983308021],[2.2029942499939352],P1.1,001,2025-11-10_13h18.04.604,Intentional Binding exp,,2025.1.1,119.44737677240607,2025-11-10 13h18.16.770298 +0530,
0.4,1000,exp,398,2,33,space,0.013359707896597683,None,600,1,[2.5001791670219973],[2.5001825829967856],33,2,398,7,5012.647070915904,,5012.639578957926,5012.647070915904,5013.637150915922,5013.637150915922,5013.637150915922,5013.655546666007,space,0.013359707896597683,None,5013.655918415985,5014.0557628325805,5014.372286790982,5014.35447612498,5014.356539624976,5014.372286790982,5014.372286790982,5014.372286790982,5016.872749582981,600,1,[2.5001791670219973],[2.5001825829967856],P1.1,001,2025-11-10_13h18.04.604,Intentional Binding exp,,2025.1.1,119.44737677240607,2025-11-10 13h18.16.770298 +0530,
0.7,400,unexp,399,3,33,space,0.3120186240412295,None,200,1,[2.397522332961671],[2.397525832988322],33,3,399,2,5016.880482332897,,5016.873005540925,5016.880482332897,5017.882390665938,5017.882390665938,5017.882390665938,5018.199526290991,space,0.3120186240412295,None,5018.200755166006,5018.905414999641,5019.207737165969,5019.193520208006,5019.195074165938,5019.207737165969,5019.207737165969,5019.207737165969,5021.605542499921,200,1,[2.397522332961671],[2.397525832988322],P1.1,001,2025-11-10_13h18.04.604,Intentional Binding exp,,2025.1.1,119.44737677240607,2025-11-10 13h18.16.770298 +0530,
0.4,1000,exp,400,4,33,space,0.8104763319715858,None,600,1,[1.8629699579905719],[1.8629750410327688],33,4,400,10,5021.614127540961,,5021.60577508295,5021.614127540961,5022.615851415903,5022.615851415903,5022.615851415903,5023.432913124911,space,0.8104763319715858,None,5023.434287790908,5023.837824874619,5024.142991749919,5024.127903040964,5024.129739624914,5024.142991749919,5024.142991749919,5024.142991749919,5026.0062721249415,600,1,[1.8629699579905719],[1.8629750410327688],P1.1,001,2025-11-10_13h18.04.604,Intentional Binding exp,,2025.1.1,119.44737677240607,2025-11-10 13h18.16.770298 +0530,
0.1,1000,exp,401,5,33,space,1.1651209159754217,None,600,1,[1.2983926669694483],[1.2983971249777824],33,5,401,3,5026.014422457898,,5026.006502665929,5026.014422457898,5027.015256749932,5027.015256749932,5027.032152,5028.18314387498,space,1.1651209159754217,None,5028.184698582976,5028.287541291622,5028.59079387493,5028.576583415968,5028.578291499987,5028.59079387493,5028.59079387493,5028.59079387493,5029.889487749897,600,1,[1.2983926669694483],[1.2983971249777824],P1.1,001,2025-11-10_13h18.04.604,Intentional Binding exp,,2025.1.1,119.44737677240607,2025-11-10 13h18.16.770298 +0530,
0.7,1000,exp,402,6,33,space,0.007744290982373059,None,600,1,[0.9973248749738559],[0.9973283750005066],33,6,402,8,5029.897275707917,,5029.889702999964,5029.897275707917,5030.88857499999,5030.88857499999,5030.88857499999,5030.899763457943,space,0.007744290982373059,None,5030.900813415996,5031.605891332558,5031.908789082896,5031.893943500007,5031.895828082925,5031.908789082896,5031.908789082896,5031.908789082896,5032.906390541,600,1,[0.9973248749738559],[0.9973283750005066],P1.1,001,2025-11-10_13h18.04.604,Intentional Binding exp,,2025.1.1,119.44737677240607,2025-11-10 13h18.16.770298 +0530,
0.1,400,unexp,403,7,33,space,0.5490033739479259,None,200,1,[2.1064495840109885],[2.1064540420193225],33,7,403,0,5032.913929999922,,5032.90663712495,5032.913929999922,5033.905217207968,5033.905217207968,5033.905217207968,5034.457100707921,space,0.5490033739479259,None,5034.458462957991,5034.564874707667,5034.865832999931,5034.853339290945,5034.855112457997,5034.865832999931,5034.865832999931,5034.865832999931,5036.972577207955,200,1,[2.1064495840109885],[2.1064540420193225],P1.1,001,2025-11-10_13h18.04.604,Intentional Binding exp,,2025.1.1,119.44737677240607,2025-11-10 13h18.16.770298 +0530,
0.1,1000,exp,404,8,33,space,0.23617649893276393,None,500,1,[2.2646868750452995],[2.2646907080197707],33,8,404,9,5036.980603790958,,5036.972808207967,5036.980603790958,5037.965006999904,5037.965006999904,5037.972618165892,5038.217469875002,space,0.23617649893276393,None,5038.219078165945,5038.321498041569,5038.623981499928,5038.610810082988,5038.612459540949,5038.623981499928,5038.623981499928,5038.623981499928,5040.888979915995,500,1,[2.2646868750452995],[2.2646907080197707],P1.1,001,2025-11-10_13h18.04.604,Intentional Binding exp,,2025.1.1,119.44737677240607,2025-11-10 13h18.16.770298 +0530,
0.4,400,unexp,405,9,33,space,0.28447279101237655,None,300,1,[2.2372306250035763],[2.2372353330720216],33,9,405,1,5040.897470374941,,5040.88920024992,5040.897470374941,5041.881596332998,5041.881596332998,5041.888947375002,5042.1733254159335,space,0.28447279101237655,None,5042.174641666003,5042.5730378745975,5042.88574566599,5042.870210207999,5042.872038665926,5042.88574566599,5042.88574566599,5042.88574566599,5045.123281249893,300,1,[2.2372306250035763],[2.2372353330720216],P1.1,001,2025-11-10_13h18.04.604,Intentional Binding exp,,2025.1.1,119.44737677240607,2025-11-10 13h18.16.770298 +0530,
0.4,1000,exp,406,10,33,space,0.29369474900886416,None,500,1,[1.9037164590554312],[1.9037203750340268],33,10,406,4,5045.130716249929,,5045.1235152079025,5045.130716249929,5046.12136970798,5046.12136970798,5046.12136970798,5046.42346474994,space,0.29369474900886416,None,5046.424786332995,5046.832940666649,5047.135645624949,5047.121422707918,5047.123366832966,5047.135645624949,5047.135645624949,5047.135645624949,5049.039644999895,500,1,[1.9037164590554312],[1.9037203750340268],P1.1,001,2025-11-10_13h18.04.604,Intentional Binding exp,,2025.1.1,119.44737677240607,2025-11-10 13h18.16.770298 +0530,
0.1,1000,exp,407,11,33,space,0.32450599898584187,None,500,1,[1.2140277919825166],[1.2140313750132918],33,11,407,6,5049.047992790933,,5049.039873749949,5049.047992790933,5050.038532665931,5050.038532665931,5050.038532665931,5050.366504582926,space,0.32450599898584187,None,5050.367882790975,5050.4718010826655,5050.774904666003,5050.760104749934,5050.761851290939,5050.774904666003,5050.774904666003,5050.774904666003,5051.989212207962,500,1,[1.2140277919825166],[1.2140313750132918],P1.1,001,2025-11-10_13h18.04.604,Intentional Binding exp,,2025.1.1,119.44737677240607,2025-11-10 13h18.16.770298 +0530,
