pos,corr_resp,thisN,thisTrialN,thisRepN,key_resp.keys,key_resp.corr,key_resp.rt,key_resp.duration,trials.thisRepN,trials.thisTrialN,trials.thisN,trials.thisIndex,trials_2.thisRepN,trials_2.thisTrialN,trials_2.thisN,trials_2.thisIndex,thisRow.t,notes,trial.started,fixation.started,line1.started,line2.started,line3.started,line4.started,fixation.stopped,probe.started,key_resp.started,trial.stopped,trials.key_resp.keys,trials.key_resp.corr,trials.key_resp.rt,trials.key_resp.duration,trials_2.key_resp.keys,trials_2.key_resp.corr,trials_2.key_resp.rt,trials_2.key_resp.duration,participant,session,date,expName,expVersion,psychopyVersion,frameRate,expStart,
-50,x,0,0,0,x,1,3.7287196660181507,None,0,0,0,0,,,,,0.06317091602250002,,0.05040249999728985,0.06317091602250002,1.0088352910242975,1.0088352910242975,1.0088352910242975,1.0088352910242975,1.058286041021347,1.9937830000126269,1.9937830000126269,6.060480750020361,x,1,3.7287196660181507,None,,,,,p1,001,2025-09-30_13h36.55.308,untitled,,2025.1.1,120.18917727464621,2025-09-30 13h40.53.710155 +0530,
150,v,1,1,0,v,1,0.9761530410032719,None,0,1,1,1,,,,,6.08337916599703,,6.060686375014484,6.08337916599703,7.059097874996951,7.059097874996951,7.059097874996951,7.059097874996951,7.075641250004992,8.059171166009037,8.059171166009037,9.043192000011913,v,1,0.9761530410032719,None,,,,,p1,001,2025-09-30_13h36.55.308,untitled,,2025.1.1,120.18917727464621,2025-09-30 13h40.53.710155 +0530,
50,c,2,2,0,c,1,2.0201519160182215,None,0,2,2,2,,,,,9.068781416019192,,9.04366445800406,9.068781416019192,10.035464500018861,10.035464500018861,10.035464500018861,10.035464500018861,10.05833108301158,11.035301916010212,11.035301916010212,13.06073108300916,c,1,2.0201519160182215,None,,,,,p1,001,2025-09-30_13h36.55.308,untitled,,2025.1.1,120.18917727464621,2025-09-30 13h40.53.710155 +0530,
-150,z,3,3,0,z,1,0.9808621660049539,None,0,3,3,3,,,,,13.07064945800812,,13.061295291001443,13.07064945800812,14.058293000009144,14.058293000009144,14.058293000009144,14.058293000009144,14.068117458024062,15.059524750016863,15.059524750016863,16.042807207995793,z,1,0.9808621660049539,None,,,,,p1,001,2025-09-30_13h36.55.308,untitled,,2025.1.1,120.18917727464621,2025-09-30 13h40.53.710155 +0530,
-50,x,4,0,1,x,1,0.9056743330147583,None,1,0,4,0,,,,,16.06838958300068,,16.043341541022528,16.06838958300068,17.04362233300344,17.04362233300344,17.04362233300344,17.04362233300344,17.059641041007126,18.03472774999682,18.03472774999682,18.944637041015085,x,1,0.9056743330147583,None,,,,,p1,001,2025-09-30_13h36.55.308,untitled,,2025.1.1,120.18917727464621,2025-09-30 13h40.53.710155 +0530,
150,v,5,1,1,v,1,0.6699667499924544,None,1,1,5,1,,,,,18.95474237500457,,18.945217208005488,18.95474237500457,19.94287029100815,19.94287029100815,19.94287029100815,19.94287029100815,19.951560250017792,20.943770250014495,20.943770250014495,21.620738291007,v,1,0.6699667499924544,None,,,,,p1,001,2025-09-30_13h36.55.308,untitled,,2025.1.1,120.18917727464621,2025-09-30 13h40.53.710155 +0530,
50,c,6,2,1,c,1,0.5757220830128063,None,1,2,6,2,,,,,21.634895583003527,,21.621433041000273,21.634895583003527,22.61860433302354,22.61860433302354,22.61860433302354,22.61860433302354,22.625721333024558,23.61869437500718,23.61869437500718,24.202721250010654,c,1,0.5757220830128063,None,,,,,p1,001,2025-09-30_13h36.55.308,untitled,,2025.1.1,120.18917727464621,2025-09-30 13h40.53.710155 +0530,
-150,z,7,3,1,z,1,0.6115429989877157,None,1,3,7,3,,,,,24.21192583302036,,24.20317383299698,24.21192583302036,25.19419204100268,25.19419204100268,25.19419204100268,25.19419204100268,25.2095200830081,26.194035874999827,26.194035874999827,26.81004333301098,z,1,0.6115429989877157,None,,,,,p1,001,2025-09-30_13h36.55.308,untitled,,2025.1.1,120.18917727464621,2025-09-30 13h40.53.710155 +0530,
-50,x,8,0,2,x,1,0.6141439990024082,None,2,0,8,0,,,,,26.8214242499962,,26.810571208014153,26.8214242499962,27.809421000012662,27.809421000012662,27.809421000012662,27.809421000012662,27.818362625024747,28.802162791020237,28.802162791020237,29.419856666005217,x,1,0.6141439990024082,None,,,,,p1,001,2025-09-30_13h36.55.308,untitled,,2025.1.1,120.18917727464621,2025-09-30 13h40.53.710155 +0530,
150,v,9,1,2,v,1,0.6570160409901291,None,2,1,9,1,,,,,29.43076691601891,,29.420421916001942,29.43076691601891,30.418500375002623,30.418500375002623,30.418500375002623,30.418500375002623,30.4251440410153,31.41845325002214,31.41845325002214,32.08616208299645,v,1,0.6570160409901291,None,,,,,p1,001,2025-09-30_13h36.55.308,untitled,,2025.1.1,120.18917727464621,2025-09-30 13h40.53.710155 +0530,
50,c,10,2,2,c,1,0.5393226660089567,None,2,2,10,2,,,,,32.09590670801117,,32.08670583300409,32.09590670801117,33.08619025000371,33.08619025000371,33.08619025000371,33.08619025000371,33.10273775001406,34.08620545800659,34.08620545800659,34.62737341600587,c,1,0.5393226660089567,None,,,,,p1,001,2025-09-30_13h36.55.308,untitled,,2025.1.1,120.18917727464621,2025-09-30 13h40.53.710155 +0530,
-150,z,11,3,2,z,1,0.43219695799052715,None,2,3,11,3,,,,,34.6377042500244,,34.62800412499928,34.6377042500244,35.625526000018,35.625526000018,35.625526000018,35.625526000018,35.635267625009874,36.62619058301789,36.62619058301789,37.05990979101625,z,1,0.43219695799052715,None,,,,,p1,001,2025-09-30_13h36.55.308,untitled,,2025.1.1,120.18917727464621,2025-09-30 13h40.53.710155 +0530,
-50,x,12,0,3,x,1,0.39121862399042584,None,3,0,12,0,,,,,37.06855262501631,,37.06042745799641,37.06855262501631,38.05927175001125,38.05927175001125,38.05927175001125,38.05927175001125,38.05927175001125,39.06118945800699,39.06118945800699,39.46095854102168,x,1,0.39121862399042584,None,,,,,p1,001,2025-09-30_13h36.55.308,untitled,,2025.1.1,120.18917727464621,2025-09-30 13h40.53.710155 +0530,
150,v,13,1,3,v,1,0.5220490829960909,None,3,1,13,1,,,,,39.47050516601303,,39.461554375011474,39.47050516601303,40.45950979102054,40.45950979102054,40.45950979102054,40.45950979102054,40.46909749999759,41.45237229100894,41.45237229100894,41.98058270799811,v,1,0.5220490829960909,None,,,,,p1,001,2025-09-30_13h36.55.308,untitled,,2025.1.1,120.18917727464621,2025-09-30 13h40.53.710155 +0530,
50,c,14,2,3,c,1,0.45125862502027303,None,3,2,14,2,,,,,42.00990520801861,,41.98295100001269,42.00990520801861,42.97709579102229,42.97709579102229,42.97709579102229,42.97709579102229,43.00248008299968,43.97718962500221,43.97718962500221,44.45485483302036,c,1,0.45125862502027303,None,,,,,p1,001,2025-09-30_13h36.55.308,untitled,,2025.1.1,120.18917727464621,2025-09-30 13h40.53.710155 +0530,
-150,z,15,3,3,z,1,0.36943487398093566,None,3,3,15,3,,,,,44.46899070800282,,44.45569025000441,44.46899070800282,45.45255362501484,45.45255362501484,45.45255362501484,45.45255362501484,45.46001237499877,46.45214112501708,46.45214112501708,46.827185208006995,z,1,0.36943487398093566,None,,,,,p1,001,2025-09-30_13h36.55.308,untitled,,2025.1.1,120.18917727464621,2025-09-30 13h40.53.710155 +0530,
-50,x,16,0,4,x,1,0.30947520697372966,None,4,0,16,0,,,,,46.852968999999575,,46.82774158302345,46.852968999999575,47.8265832500183,47.8265832500183,47.8265832500183,47.8265832500183,47.84259258300881,48.82614975000615,48.82614975000615,49.137051875004545,x,1,0.30947520697372966,None,,,,,p1,001,2025-09-30_13h36.55.308,untitled,,2025.1.1,120.18917727464621,2025-09-30 13h40.53.710155 +0530,
150,v,17,1,4,v,1,0.28763941599754617,None,4,1,17,1,,,,,49.1429875830072,,49.13760554100736,49.1429875830072,50.13592637502006,50.13592637502006,50.13592637502006,50.13592637502006,50.13592637502006,51.13585691602202,51.13585691602202,51.427260166005,v,1,0.28763941599754617,None,,,,,p1,001,2025-09-30_13h36.55.308,untitled,,2025.1.1,120.18917727464621,2025-09-30 13h40.53.710155 +0530,
50,c,18,2,4,c,1,0.29681366600561887,None,4,2,18,2,,,,,51.438389625021955,,51.427955291001126,51.438389625021955,52.42808304101345,52.42808304101345,52.42808304101345,52.42808304101345,52.45286308301729,53.42864704100066,53.42864704100066,53.737228416022845,c,1,0.29681366600561887,None,,,,,p1,001,2025-09-30_13h36.55.308,untitled,,2025.1.1,120.18917727464621,2025-09-30 13h40.53.710155 +0530,
-150,z,19,3,4,z,1,0.6608121239987668,None,4,3,19,3,,,,,53.748257750004996,,53.73776737501612,53.748257750004996,54.73669016599888,54.73669016599888,54.73669016599888,54.73669016599888,54.743920125009026,55.73667591600679,55.73667591600679,56.40361649999977,z,1,0.6608121239987668,None,,,,,p1,001,2025-09-30_13h36.55.308,untitled,,2025.1.1,120.18917727464621,2025-09-30 13h40.53.710155 +0530,
-50,x,20,0,5,x,1,0.3611364579992369,None,5,0,20,0,,,,,56.41256300001987,,56.40404508300708,56.41256300001987,57.394436750008026,57.394436750008026,57.394436750008026,57.394436750008026,57.43701354099903,58.40252995802439,58.40252995802439,58.77119070800836,x,1,0.3611364579992369,None,,,,,p1,001,2025-09-30_13h36.55.308,untitled,,2025.1.1,120.18917727464621,2025-09-30 13h40.53.710155 +0530,
150,v,21,1,5,v,1,0.29890199899091385,None,5,1,21,1,,,,,58.78046162502142,,58.77174900000682,58.78046162502142,59.76973587501561,59.76973587501561,59.76973587501561,59.76973587501561,59.776733416016214,60.786651000002166,60.786651000002166,61.08713716600323,v,1,0.29890199899091385,None,,,,,p1,001,2025-09-30_13h36.55.308,untitled,,2025.1.1,120.18917727464621,2025-09-30 13h40.53.710155 +0530,
50,c,22,2,5,c,1,0.6368011659942567,None,5,2,22,2,,,,,61.093632666015765,,61.08768629102269,61.093632666015765,62.08622058300534,62.08622058300534,62.08622058300534,62.08622058300534,62.08622058300534,63.085955290996935,63.085955290996935,63.72756120801205,c,1,0.6368011659942567,None,,,,,p1,001,2025-09-30_13h36.55.308,untitled,,2025.1.1,120.18917727464621,2025-09-30 13h40.53.710155 +0530,
-150,z,23,3,5,z,1,0.644710541004315,None,5,3,23,3,,,,,63.752912458003266,,63.728072750003776,63.752912458003266,64.71969416600768,64.71969416600768,64.71969416600768,64.71969416600768,64.7433285000152,65.72903033302282,65.72903033302282,66.37754895800026,z,1,0.644710541004315,None,,,,,p1,001,2025-09-30_13h36.55.308,untitled,,2025.1.1,120.18917727464621,2025-09-30 13h40.53.710155 +0530,
-50,x,24,0,6,x,1,0.5871848330134526,None,6,0,24,0,,,,,66.40282504100469,,66.3781016660214,66.40282504100469,67.37733050002134,67.37733050002134,67.37733050002134,67.37733050002134,67.39367837499594,68.37645570799941,68.37645570799941,68.97085616600816,x,1,0.5871848330134526,None,,,,,p1,001,2025-09-30_13h36.55.308,untitled,,2025.1.1,120.18917727464621,2025-09-30 13h40.53.710155 +0530,
150,v,25,1,6,v,1,0.44208749901736155,None,6,1,25,1,,,,,68.98039008301566,,68.97142337501282,68.98039008301566,69.97856812502141,69.97856812502141,69.97856812502141,69.97856812502141,69.97856812502141,70.96948483301094,70.96948483301094,71.42058366601123,v,1,0.44208749901736155,None,,,,,p1,001,2025-09-30_13h36.55.308,untitled,,2025.1.1,120.18917727464621,2025-09-30 13h40.53.710155 +0530,
50,c,26,2,6,c,1,0.35878804099047557,None,6,2,26,2,,,,,71.43001050001476,,71.42100033300812,71.43001050001476,72.41140254100901,72.41140254100901,72.41140254100901,72.41140254100901,72.45374462500331,73.41187762501067,73.41187762501067,73.77962295801262,c,1,0.35878804099047557,None,,,,,p1,001,2025-09-30_13h36.55.308,untitled,,2025.1.1,120.18917727464621,2025-09-30 13h40.53.710155 +0530,
-150,z,27,3,6,z,1,0.3710280410014093,None,6,3,27,3,,,,,73.78957304102369,,73.78030991600826,73.78957304102369,74.77728458301863,74.77728458301863,74.77728458301863,74.77728458301863,74.78631270801998,75.77709691601922,75.77709691601922,76.15618650001124,z,1,0.3710280410014093,None,,,,,p1,001,2025-09-30_13h36.55.308,untitled,,2025.1.1,120.18917727464621,2025-09-30 13h40.53.710155 +0530,
-50,x,28,0,7,x,1,0.3287244160019327,None,7,0,28,0,,,,,76.16982320800889,,76.1569429160154,76.16982320800889,77.15345075001824,77.15345075001824,77.15345075001824,77.15345075001824,77.1607289579988,78.15397537499666,78.15397537499666,78.49186316601117,x,1,0.3287244160019327,None,,,,,p1,001,2025-09-30_13h36.55.308,untitled,,2025.1.1,120.18917727464621,2025-09-30 13h40.53.710155 +0530,
150,v,29,1,7,v,1,0.2847092490119394,None,7,1,29,1,,,,,78.50647062499775,,78.49372308299644,78.50647062499775,79.4863535000186,79.4863535000186,79.4863535000186,79.4863535000186,79.50308745799703,80.50393895801972,80.50393895801972,80.79478662501788,v,1,0.2847092490119394,None,,,,,p1,001,2025-09-30_13h36.55.308,untitled,,2025.1.1,120.18917727464621,2025-09-30 13h40.53.710155 +0530,
50,c,30,2,7,c,1,0.2738932909851428,None,7,2,30,2,,,,,80.80386820802232,,80.79530541601707,80.80386820802232,81.79552545800107,81.79552545800107,81.79552545800107,81.79552545800107,81.79552545800107,82.78682691600989,82.78682691600989,83.0625950829999,c,1,0.2738932909851428,None,,,,,p1,001,2025-09-30_13h36.55.308,untitled,,2025.1.1,120.18917727464621,2025-09-30 13h40.53.710155 +0530,
-150,z,31,3,7,z,1,0.47176145800040103,None,7,3,31,3,,,,,83.07040079100989,,83.06314820802072,83.07040079100989,84.07092200001352,84.07092200001352,84.07092200001352,84.07092200001352,84.07092200001352,85.0708965829981,85.0708965829981,85.54604420802207,z,1,0.47176145800040103,None,,,,,p1,001,2025-09-30_13h36.55.308,untitled,,2025.1.1,120.18917727464621,2025-09-30 13h40.53.710155 +0530,
-50,x,32,0,8,x,1,0.3161145000194665,None,8,0,32,0,,,,,85.55669512500754,,85.54660241599777,85.55669512500754,86.5442142910033,86.5442142910033,86.5442142910033,86.5442142910033,86.55342420801753,87.54464487501536,87.54464487501536,87.86266704101581,x,1,0.3161145000194665,None,,,,,p1,001,2025-09-30_13h36.55.308,untitled,,2025.1.1,120.18917727464621,2025-09-30 13h40.53.710155 +0530,
150,v,33,1,8,v,1,0.2692652069963515,None,8,1,33,1,,,,,87.87285991600947,,87.8633458330005,87.87285991600947,88.86108658299781,88.86108658299781,88.86108658299781,88.86108658299781,88.87029162500403,89.86144204100128,89.86144204100128,90.15591670799768,v,1,0.2692652069963515,None,,,,,p1,001,2025-09-30_13h36.55.308,untitled,,2025.1.1,120.18917727464621,2025-09-30 13h40.53.710155 +0530,
50,c,34,2,8,c,1,0.8474103750195354,None,8,2,34,2,,,,,90.17003537502023,,90.15665008302312,90.17003537502023,91.15455683300388,91.15455683300388,91.15455683300388,91.15455683300388,91.16221229100483,92.15337487502256,92.15337487502256,93.00519804100622,c,1,0.8474103750195354,None,,,,,p1,001,2025-09-30_13h36.55.308,untitled,,2025.1.1,120.18917727464621,2025-09-30 13h40.53.710155 +0530,
-150,z,35,3,8,z,1,0.32232079101959243,None,8,3,35,3,,,,,93.01315945800161,,93.00578883301932,93.01315945800161,94.0121799580229,94.0121799580229,94.0121799580229,94.0121799580229,94.0121799580229,95.0044364159985,95.0044364159985,95.32950295801857,z,1,0.32232079101959243,None,,,,,p1,001,2025-09-30_13h36.55.308,untitled,,2025.1.1,120.18917727464621,2025-09-30 13h40.53.710155 +0530,
-50,x,36,0,9,x,1,0.2887612500053365,None,9,0,36,0,,,,,95.33940900000744,,95.33007675001863,95.33940900000744,96.32742837502155,96.32742837502155,96.32742837502155,96.32742837502155,96.33680562500376,97.33803574999911,97.33803574999911,97.63874029100407,x,1,0.2887612500053365,None,,,,,p1,001,2025-09-30_13h36.55.308,untitled,,2025.1.1,120.18917727464621,2025-09-30 13h40.53.710155 +0530,
150,v,37,1,9,v,1,0.3096653330139816,None,9,1,37,1,,,,,97.6472935830243,,97.63922395801637,97.6472935830243,98.63698050001403,98.63698050001403,98.63698050001403,98.63698050001403,98.64354204101255,99.63707150000846,99.63707150000846,99.95512774999952,v,1,0.3096653330139816,None,,,,,p1,001,2025-09-30_13h36.55.308,untitled,,2025.1.1,120.18917727464621,2025-09-30 13h40.53.710155 +0530,
50,c,38,2,9,c,1,0.42032429098617285,None,9,2,38,2,,,,,99.96448929101462,,99.9557151250192,99.96448929101462,100.95361154101556,100.95361154101556,100.95361154101556,100.95361154101556,100.96151729099802,101.95393266601604,101.95393266601604,102.37816350001958,c,1,0.42032429098617285,None,,,,,p1,001,2025-09-30_13h36.55.308,untitled,,2025.1.1,120.18917727464621,2025-09-30 13h40.53.710155 +0530,
-150,z,39,3,9,z,1,1.1296920409949962,None,9,3,39,3,,,,,102.3874788749963,,102.37872600002447,102.3874788749963,103.37047695802175,103.37047695802175,103.37047695802175,103.37047695802175,103.37802837500931,104.38816641599988,104.38816641599988,105.52178437501425,z,1,1.1296920409949962,None,,,,,p1,001,2025-09-30_13h36.55.308,untitled,,2025.1.1,120.18917727464621,2025-09-30 13h40.53.710155 +0530,
-50,x,40,0,10,x,1,0.3010112080082763,None,10,0,40,0,,,,,105.53166679100832,,105.5223332500027,105.53166679100832,106.52053383301245,106.52053383301245,106.52053383301245,106.52053383301245,106.5283665410243,107.51989404100459,107.51989404100459,107.82851662501344,x,1,0.3010112080082763,None,,,,,p1,001,2025-09-30_13h36.55.308,untitled,,2025.1.1,120.18917727464621,2025-09-30 13h40.53.710155 +0530,
150,v,41,1,10,v,1,0.4210100829950534,None,10,1,41,1,,,,,107.83789808300207,,107.82897320800112,107.83789808300207,108.82841970800655,108.82841970800655,108.82841970800655,108.82841970800655,108.82841970800655,109.82096641600947,109.82096641600947,110.25611391602433,v,1,0.4210100829950534,None,,,,,p1,001,2025-09-30_13h36.55.308,untitled,,2025.1.1,120.18917727464621,2025-09-30 13h40.53.710155 +0530,
50,c,42,2,10,c,1,0.368693374999566,None,10,2,42,2,,,,,110.27051654100069,,110.25681816600263,110.27051654100069,111.25392095799907,111.25392095799907,111.25392095799907,111.25392095799907,111.26120683300542,112.27108520801994,112.27108520801994,112.64529404102359,c,1,0.368693374999566,None,,,,,p1,001,2025-09-30_13h36.55.308,untitled,,2025.1.1,120.18917727464621,2025-09-30 13h40.53.710155 +0530,
-150,z,43,3,10,z,1,0.32380262500373647,None,10,3,43,3,,,,,112.78160658301204,,112.64573750001728,112.78160658301204,113.64580800000113,113.64580800000113,113.64580800000113,113.64580800000113,113.8044377080223,114.63804750001873,114.63804750001873,114.97172412500367,z,1,0.32380262500373647,None,,,,,p1,001,2025-09-30_13h36.55.308,untitled,,2025.1.1,120.18917727464621,2025-09-30 13h40.53.710155 +0530,
-50,x,44,0,11,x,1,0.38776424902607687,None,11,0,44,0,,,,,114.98067195800832,,114.97235079100938,114.98067195800832,115.96229829100776,115.96229829100776,115.96229829100776,115.96229829100776,116.00529070800985,116.96210883301683,116.96210883301683,117.35637449999922,x,1,0.38776424902607687,None,,,,,p1,001,2025-09-30_13h36.55.308,untitled,,2025.1.1,120.18917727464621,2025-09-30 13h40.53.710155 +0530,
150,v,45,1,11,v,1,0.8325974989857059,None,11,1,45,1,,,,,117.36893808300374,,117.35722100001294,117.36893808300374,118.36176933301613,118.36176933301613,118.36176933301613,118.36176933301613,118.36176933301613,119.36121137501323,119.36121137501323,120.19547837501159,v,1,0.8325974989857059,None,,,,,p1,001,2025-09-30_13h36.55.308,untitled,,2025.1.1,120.18917727464621,2025-09-30 13h40.53.710155 +0530,
50,c,46,2,11,c,1,0.2702387499739416,None,11,2,46,2,,,,,120.22107058300753,,120.19604229100514,120.22107058300753,121.18758266599616,121.18758266599616,121.18758266599616,121.18758266599616,121.21238987499964,122.18781637502252,122.18781637502252,122.47293662501033,c,1,0.2702387499739416,None,,,,,p1,001,2025-09-30_13h36.55.308,untitled,,2025.1.1,120.18917727464621,2025-09-30 13h40.53.710155 +0530,
-150,z,47,3,11,z,1,0.2892295829951763,None,11,3,47,3,,,,,122.48755233301199,,122.47363370799576,122.48755233301199,123.47165108300396,123.47165108300396,123.47165108300396,123.47165108300396,123.47806104100891,124.47167612501653,124.47167612501653,124.76305370801128,z,1,0.2892295829951763,None,,,,,p1,001,2025-09-30_13h36.55.308,untitled,,2025.1.1,120.18917727464621,2025-09-30 13h40.53.710155 +0530,
-50,x,48,0,12,x,1,0.3394297490012832,None,12,0,48,0,,,,,124.78798037499655,,124.76358166601858,124.78798037499655,125.76343529100996,125.76343529100996,125.76343529100996,125.76343529100996,125.80525904102251,126.77135329099838,126.77135329099838,127.11411962501006,x,1,0.3394297490012832,None,,,,,p1,001,2025-09-30_13h36.55.308,untitled,,2025.1.1,120.18917727464621,2025-09-30 13h40.53.710155 +0530,
150,v,49,1,12,v,1,0.3218347910151351,None,12,1,49,1,,,,,127.12388354100403,,127.11464954100666,127.12388354100403,128.12210787500953,128.12210787500953,128.12210787500953,128.12210787500953,128.13851087499643,129.11193887502304,129.11193887502304,129.4390236659965,v,1,0.3218347910151351,None,,,,,p1,001,2025-09-30_13h36.55.308,untitled,,2025.1.1,120.18917727464621,2025-09-30 13h40.53.710155 +0530,
50,c,50,2,12,c,1,0.33595008301199414,None,12,2,50,2,,,,,129.44867599999998,,129.43961412500357,129.44867599999998,130.43769870800315,130.43769870800315,130.43769870800315,130.43769870800315,130.4450150000048,131.4379288330092,131.4379288330092,131.78179254100542,c,1,0.33595008301199414,None,,,,,p1,001,2025-09-30_13h36.55.308,untitled,,2025.1.1,120.18917727464621,2025-09-30 13h40.53.710155 +0530,
-150,z,51,3,12,z,1,0.29721508201328106,None,12,3,51,3,,,,,131.79087066600914,,131.7822570830176,131.79087066600914,132.77867370800232,132.77867370800232,132.77867370800232,132.77867370800232,132.78766450000694,133.78865583302104,133.78865583302104,134.0903545409965,z,1,0.29721508201328106,None,,,,,p1,001,2025-09-30_13h36.55.308,untitled,,2025.1.1,120.18917727464621,2025-09-30 13h40.53.710155 +0530,
-50,x,52,0,13,x,1,0.2579317500058096,None,13,0,52,0,,,,,134.09953912501805,,134.09096895801486,134.09953912501805,135.08797566601424,135.08797566601424,135.08797566601424,135.08797566601424,135.0943872909993,136.0879690000147,136.0879690000147,136.35610025000642,x,1,0.2579317500058096,None,,,,,p1,001,2025-09-30_13h36.55.308,untitled,,2025.1.1,120.18917727464621,2025-09-30 13h40.53.710155 +0530,
150,v,53,1,13,v,1,0.2405683330143802,None,13,1,53,1,,,,,136.3650240410061,,136.35664850001922,136.3650240410061,137.34702708301484,137.34702708301484,137.34702708301484,137.34702708301484,137.37181829102337,138.36428233300103,138.36428233300103,138.62349220801843,v,1,0.2405683330143802,None,,,,,p1,001,2025-09-30_13h36.55.308,untitled,,2025.1.1,120.18917727464621,2025-09-30 13h40.53.710155 +0530,
50,c,54,2,13,c,1,0.25774249897222035,None,13,2,54,2,,,,,138.63801725002122,,138.62425108300522,138.63801725002122,139.6220564999967,139.6220564999967,139.6220564999967,139.6220564999967,139.6293321250123,140.63910516601754,140.63910516601754,140.90612558301655,c,1,0.25774249897222035,None,,,,,p1,001,2025-09-30_13h36.55.308,untitled,,2025.1.1,120.18917727464621,2025-09-30 13h40.53.710155 +0530,
-150,z,55,3,13,z,1,0.33279641598346643,None,13,3,55,3,,,,,140.91615787500632,,140.90673233300913,140.91615787500632,141.90530295801,141.90530295801,141.90530295801,141.90530295801,141.92282025000895,142.9040412910108,142.9040412910108,143.25678145801066,z,1,0.33279641598346643,None,,,,,p1,001,2025-09-30_13h36.55.308,untitled,,2025.1.1,120.18917727464621,2025-09-30 13h40.53.710155 +0530,
-50,x,56,0,14,x,1,0.2610664570238441,None,14,0,56,0,,,,,143.2714921250008,,143.2574930000119,143.2714921250008,144.255486708018,144.255486708018,144.255486708018,144.255486708018,144.2623623330146,145.25484304100974,145.25484304100974,145.52215145801893,x,1,0.2610664570238441,None,,,,,p1,001,2025-09-30_13h36.55.308,untitled,,2025.1.1,120.18917727464621,2025-09-30 13h40.53.710155 +0530,
150,v,57,1,14,v,1,0.32266608299687505,None,14,1,57,1,,,,,145.53117545801797,,145.52259258300182,145.53117545801797,146.51299679101794,146.51299679101794,146.51299679101794,146.51299679101794,146.5557061250147,147.51244783299626,147.51244783299626,147.8405385829974,v,1,0.32266608299687505,None,,,,,p1,001,2025-09-30_13h36.55.308,untitled,,2025.1.1,120.18917727464621,2025-09-30 13h40.53.710155 +0530,
50,c,58,2,14,c,1,0.45804195798700675,None,14,2,58,2,,,,,147.85489312501159,,147.8412181250169,147.85489312501159,148.83868937499938,148.83868937499938,148.83868937499938,148.83868937499938,148.84644445800222,149.85597170802066,149.85597170802066,150.3241307499993,c,1,0.45804195798700675,None,,,,,p1,001,2025-09-30_13h36.55.308,untitled,,2025.1.1,120.18917727464621,2025-09-30 13h40.53.710155 +0530,
-150,z,59,3,14,z,1,0.3817628739925567,None,14,3,59,3,,,,,150.33549733299878,,150.32483204102027,150.33549733299878,151.3226093330013,151.3226093330013,151.3226093330013,151.3226093330013,151.32924237500993,152.33948258301825,152.33948258301825,152.72291100001894,z,1,0.3817628739925567,None,,,,,p1,001,2025-09-30_13h36.55.308,untitled,,2025.1.1,120.18917727464621,2025-09-30 13h40.53.710155 +0530,
-50,x,60,0,15,x,1,0.34029749999172054,None,15,0,60,0,,,,,152.72924675000831,,152.72349445801228,152.72924675000831,153.7224018330162,153.7224018330162,153.7224018330162,153.7224018330162,153.7224018330162,154.72189875002368,154.72189875002368,155.0730392910191,x,1,0.34029749999172054,None,,,,,p1,001,2025-09-30_13h36.55.308,untitled,,2025.1.1,120.18917727464621,2025-09-30 13h40.53.710155 +0530,
150,v,61,1,15,v,1,0.3220245410047937,None,15,1,61,1,,,,,155.08294966601534,,155.07359833302326,155.08294966601534,156.07263291600975,156.07263291600975,156.07263291600975,156.07263291600975,156.0804701250163,157.0721628330066,157.0721628330066,157.40694420802174,v,1,0.3220245410047937,None,,,,,p1,001,2025-09-30_13h36.55.308,untitled,,2025.1.1,120.18917727464621,2025-09-30 13h40.53.710155 +0530,
50,c,62,2,15,c,1,0.5171703739906661,None,15,2,62,2,,,,,157.4223209580232,,157.40754524999647,157.4223209580232,158.40555412499816,158.40555412499816,158.40555412499816,158.40555412499816,158.4125362500199,159.40572891599732,159.40572891599732,159.92984704099945,c,1,0.5171703739906661,None,,,,,p1,001,2025-09-30_13h36.55.308,untitled,,2025.1.1,120.18917727464621,2025-09-30 13h40.53.710155 +0530,
-150,z,63,3,15,z,1,0.5374141659995075,None,15,3,63,3,,,,,159.9385680410196,,159.93013025002438,159.9385680410196,160.93921462501748,160.93921462501748,160.93921462501748,160.93921462501748,160.93921462501748,161.92191645799903,161.92191645799903,162.47394091601018,z,1,0.5374141659995075,None,,,,,p1,001,2025-09-30_13h36.55.308,untitled,,2025.1.1,120.18917727464621,2025-09-30 13h40.53.710155 +0530,
-50,x,64,0,16,x,1,0.30886374998954125,None,16,0,64,0,,,,,162.48851895800908,,162.47461245799786,162.48851895800908,163.47143025000696,163.47143025000696,163.47143025000696,163.47143025000696,163.47925704100635,164.4722857910092,164.4722857910092,164.78994345801766,x,1,0.30886374998954125,None,,,,,p1,001,2025-09-30_13h36.55.308,untitled,,2025.1.1,120.18917727464621,2025-09-30 13h40.53.710155 +0530,
150,v,65,1,16,v,1,0.32493633299600333,None,16,1,65,1,,,,,164.79984887500177,,164.7904993330012,164.79984887500177,165.78940700000385,165.78940700000385,165.78940700000385,165.78940700000385,165.79641341601382,166.80612416600343,166.80612416600343,167.14017087500542,v,1,0.32493633299600333,None,,,,,p1,001,2025-09-30_13h36.55.308,untitled,,2025.1.1,120.18917727464621,2025-09-30 13h40.53.710155 +0530,
50,c,66,2,16,c,1,0.3093490409955848,None,16,2,66,2,,,,,167.15068954101298,,167.140765750024,167.15068954101298,168.138585083012,168.138585083012,168.138585083012,168.138585083012,168.14590933301952,169.1386167910241,169.1386167910241,169.45638570800656,c,1,0.3093490409955848,None,,,,,p1,001,2025-09-30_13h36.55.308,untitled,,2025.1.1,120.18917727464621,2025-09-30 13h40.53.710155 +0530,
-150,z,67,3,16,z,1,0.6448466659931,None,16,3,67,3,,,,,169.4656353330065,,169.45681445801165,169.4656353330065,170.44713158300146,170.44713158300146,170.44713158300146,170.44713158300146,170.48947616599617,171.45620212500216,171.45620212500216,172.1242189159966,z,1,0.6448466659931,None,,,,,p1,001,2025-09-30_13h36.55.308,untitled,,2025.1.1,120.18917727464621,2025-09-30 13h40.53.710155 +0530,
-50,x,68,0,17,x,1,0.3539389990037307,None,17,0,68,0,,,,,172.13870337500703,,172.12487395800417,172.13870337500703,173.12203404100728,173.12203404100728,173.12203404100728,173.12203404100728,173.1285452080192,174.13927562499885,174.13927562499885,174.49762575002387,x,1,0.3539389990037307,None,,,,,p1,001,2025-09-30_13h36.55.308,untitled,,2025.1.1,120.18917727464621,2025-09-30 13h40.53.710155 +0530,
150,v,69,1,17,v,1,0.3029436240030918,None,17,1,69,1,,,,,174.50850416600588,,174.49805812499835,174.50850416600588,175.4971491660108,175.4971491660108,175.4971491660108,175.4971491660108,175.50592866601073,176.48926908301655,176.48926908301655,176.79697787499754,v,1,0.3029436240030918,None,,,,,p1,001,2025-09-30_13h36.55.308,untitled,,2025.1.1,120.18917727464621,2025-09-30 13h40.53.710155 +0530,
50,c,70,2,17,c,1,0.3205387080088258,None,17,2,70,2,,,,,176.80815279099625,,176.79790687499917,176.80815279099625,177.79023612500168,177.79023612500168,177.79023612500168,177.79023612500168,177.81347858300433,178.8064592910232,178.8064592910232,179.13047629100038,c,1,0.3205387080088258,None,,,,,p1,001,2025-09-30_13h36.55.308,untitled,,2025.1.1,120.18917727464621,2025-09-30 13h40.53.710155 +0530,
-150,z,71,3,17,z,1,0.46082637400832027,None,17,3,71,3,,,,,179.13889141601976,,179.1310129580088,179.13889141601976,180.1222132910043,180.1222132910043,180.1222132910043,180.1222132910043,180.12869304101332,181.12937720800983,181.12937720800983,181.59743862500181,z,1,0.46082637400832027,None,,,,,p1,001,2025-09-30_13h36.55.308,untitled,,2025.1.1,120.18917727464621,2025-09-30 13h40.53.710155 +0530,
-50,x,72,0,18,x,1,0.46322720701573417,None,18,0,72,0,,,,,181.60885099999723,,181.59802104101982,181.60885099999723,182.5895942080242,182.5895942080242,182.5895942080242,182.5895942080242,182.6228694160236,183.59595845799777,183.59595845799777,184.06342016599956,x,1,0.46322720701573417,None,,,,,p1,001,2025-09-30_13h36.55.308,untitled,,2025.1.1,120.18917727464621,2025-09-30 13h40.53.710155 +0530,
150,v,73,1,18,v,1,0.3761728740064427,None,18,1,73,1,,,,,184.0717565829982,,184.06381520800642,184.0717565829982,185.05620183300925,185.05620183300925,185.05620183300925,185.05620183300925,185.06324062502244,186.07293462500093,186.07293462500093,186.45716241601622,v,1,0.3761728740064427,None,,,,,p1,001,2025-09-30_13h36.55.308,untitled,,2025.1.1,120.18917727464621,2025-09-30 13h40.53.710155 +0530,
50,c,74,2,18,c,1,0.38332208298379555,None,18,2,74,2,,,,,186.46669883301365,,186.4577280410158,186.46669883301365,187.455899958004,187.455899958004,187.455899958004,187.455899958004,187.46303275000537,188.45624195801793,188.45624195801793,188.84832170800655,c,1,0.38332208298379555,None,,,,,p1,001,2025-09-30_13h36.55.308,untitled,,2025.1.1,120.18917727464621,2025-09-30 13h40.53.710155 +0530,
-150,z,75,3,18,z,1,0.3468099159945268,None,18,3,75,3,,,,,188.8584898750123,,188.8488715410058,188.8584898750123,189.84779745800188,189.84779745800188,189.84779745800188,189.84779745800188,189.87310829100898,190.849457541015,190.849457541015,191.20734529101173,z,1,0.3468099159945268,None,,,,,p1,001,2025-09-30_13h36.55.308,untitled,,2025.1.1,120.18917727464621,2025-09-30 13h40.53.710155 +0530,
-50,x,76,0,19,x,1,0.31130649900296703,None,19,0,76,0,,,,,191.2166858749988,,191.20788475000882,191.2166858749988,192.2069838330208,192.2069838330208,192.2069838330208,192.2069838330208,192.21403666600236,193.2058842080005,193.2058842080005,193.52383041600115,x,1,0.31130649900296703,None,,,,,p1,001,2025-09-30_13h36.55.308,untitled,,2025.1.1,120.18917727464621,2025-09-30 13h40.53.710155 +0530,
150,v,77,1,19,v,1,0.33258633301011287,None,19,1,77,1,,,,,193.53323225001805,,193.52437304100022,193.53323225001805,194.5150796250091,194.5150796250091,194.5150796250091,194.5150796250091,194.53991033299826,195.52263108300394,195.52263108300394,195.8571952909988,v,1,0.33258633301011287,None,,,,,p1,001,2025-09-30_13h36.55.308,untitled,,2025.1.1,120.18917727464621,2025-09-30 13h40.53.710155 +0530,
50,c,78,2,19,c,1,0.290458581992425,None,19,2,78,2,,,,,195.8669942500128,,195.85769962501945,195.8669942500128,196.85631437500706,196.85631437500706,196.85631437500706,196.85631437500706,196.86428841602174,197.84872991600423,197.84872991600423,198.1405089580221,c,1,0.290458581992425,None,,,,,p1,001,2025-09-30_13h36.55.308,untitled,,2025.1.1,120.18917727464621,2025-09-30 13h40.53.710155 +0530,
-150,z,79,3,19,z,1,0.4249420409905724,None,19,3,79,3,,,,,198.1498152500135,,198.14101383302477,198.1498152500135,199.14054541601217,199.14054541601217,199.14054541601217,199.14054541601217,199.14837429102045,200.13929575000657,200.13929575000657,200.57358062500134,z,1,0.4249420409905724,None,,,,,p1,001,2025-09-30_13h36.55.308,untitled,,2025.1.1,120.18917727464621,2025-09-30 13h40.53.710155 +0530,
-50,x,80,0,20,x,1,0.36284241601242684,None,20,0,80,0,,,,,200.58390208301716,,200.5740736660082,200.58390208301716,201.56442445801804,201.56442445801804,201.56442445801804,201.56442445801804,201.60702254102216,202.57365329100867,202.57365329100867,202.9419632909994,x,1,0.36284241601242684,None,,,,,p1,001,2025-09-30_13h36.55.308,untitled,,2025.1.1,120.18917727464621,2025-09-30 13h40.53.710155 +0530,
150,v,81,1,20,v,1,0.27474062400870025,None,20,1,81,1,,,,,202.95416866600863,,202.9426084580191,202.95416866600863,203.93964650001726,203.93964650001726,203.93964650001726,203.93964650001726,203.94710150000174,204.9394495000015,204.9394495000015,205.22426904100575,v,1,0.27474062400870025,None,,,,,p1,001,2025-09-30_13h36.55.308,untitled,,2025.1.1,120.18917727464621,2025-09-30 13h40.53.710155 +0530,
50,c,82,2,20,c,1,0.2792924159730319,None,20,2,82,2,,,,,205.23412154099788,,205.2248215000145,205.23412154099788,206.22315654100385,206.22315654100385,206.22315654100385,206.22315654100385,206.23032329100533,207.22294404101558,207.22294404101558,207.5075196250109,c,1,0.2792924159730319,None,,,,,p1,001,2025-09-30_13h36.55.308,untitled,,2025.1.1,120.18917727464621,2025-09-30 13h40.53.710155 +0530,
-150,z,83,3,20,z,1,0.31505004098289646,None,20,3,83,3,,,,,207.5186335000035,,207.50807558299857,207.5186335000035,208.5062959160132,208.5062959160132,208.5062959160132,208.5062959160132,208.5139274999965,209.5061488750216,209.5061488750216,209.8244270000141,z,1,0.31505004098289646,None,,,,,p1,001,2025-09-30_13h36.55.308,untitled,,2025.1.1,120.18917727464621,2025-09-30 13h40.53.710155 +0530,
-50,x,84,0,21,x,1,0.3153160820074845,None,21,0,84,0,,,,,209.83426745800534,,209.82494275001227,209.83426745800534,210.82242395801586,210.82242395801586,210.82242395801586,210.82242395801586,210.83024291601032,211.8228975830134,211.8228975830134,212.14096829100163,x,1,0.3153160820074845,None,,,,,p1,001,2025-09-30_13h36.55.308,untitled,,2025.1.1,120.18917727464621,2025-09-30 13h40.53.710155 +0530,
150,v,85,1,21,v,1,0.2553470830025617,None,21,1,85,1,,,,,212.1506948750175,,212.14147266600048,212.1506948750175,213.14074458301184,213.14074458301184,213.14074458301184,213.14074458301184,213.14871391601628,214.1397625830141,214.1397625830141,214.39831329102162,v,1,0.2553470830025617,None,,,,,p1,001,2025-09-30_13h36.55.308,untitled,,2025.1.1,120.18917727464621,2025-09-30 13h40.53.710155 +0530,
50,c,86,2,21,c,1,0.297407791018486,None,21,2,86,2,,,,,214.42392258302425,,214.3988450409961,214.42392258302425,215.39007220801432,215.39007220801432,215.39007220801432,215.39007220801432,215.41308941601892,216.39691654100898,216.39691654100898,216.6977977080096,c,1,0.297407791018486,None,,,,,p1,001,2025-09-30_13h36.55.308,untitled,,2025.1.1,120.18917727464621,2025-09-30 13h40.53.710155 +0530,
-150,z,87,3,21,z,1,0.3155224160000216,None,21,3,87,3,,,,,216.7070563750167,,216.69833445802215,216.7070563750167,217.68998533301055,217.68998533301055,217.68998533301055,217.68998533301055,217.69762533300673,218.6897840410238,218.6897840410238,219.00809075002326,z,1,0.3155224160000216,None,,,,,p1,001,2025-09-30_13h36.55.308,untitled,,2025.1.1,120.18917727464621,2025-09-30 13h40.53.710155 +0530,
-50,x,88,0,22,x,1,0.38113250001333654,None,22,0,88,0,,,,,219.0182478330098,,219.00864245800767,219.0182478330098,220.00677795801312,220.00677795801312,220.00677795801312,220.00677795801312,220.01438379101455,221.00718775001587,221.00718775001587,221.3908472910116,x,1,0.38113250001333654,None,,,,,p1,001,2025-09-30_13h36.55.308,untitled,,2025.1.1,120.18917727464621,2025-09-30 13h40.53.710155 +0530,
150,v,89,1,22,v,1,0.3960563740110956,None,22,1,89,1,,,,,221.39681950001977,,221.3913926660025,221.39681950001977,222.3810935000074,222.3810935000074,222.3810935000074,222.3810935000074,222.38995891599916,223.38213204100612,223.38213204100612,223.7806108329969,v,1,0.3960563740110956,None,,,,,p1,001,2025-09-30_13h36.55.308,untitled,,2025.1.1,120.18917727464621,2025-09-30 13h40.53.710155 +0530,
50,c,90,2,22,c,1,0.29121933301212266,None,22,2,90,2,,,,,223.7902453750139,,223.7811419159989,223.7902453750139,224.77280112501467,224.77280112501467,224.77280112501467,224.77280112501467,224.779733125004,225.77399654101464,225.77399654101464,226.07490341601078,c,1,0.29121933301212266,None,,,,,p1,001,2025-09-30_13h36.55.308,untitled,,2025.1.1,120.18917727464621,2025-09-30 13h40.53.710155 +0530,
-150,z,91,3,22,z,1,0.8778940820193384,None,22,3,91,3,,,,,226.0865568750014,,226.0757363330049,226.0865568750014,227.09092183300527,227.09092183300527,227.09092183300527,227.09092183300527,227.09092183300527,228.07334954102407,228.07334954102407,228.97574766600155,z,1,0.8778940820193384,None,,,,,p1,001,2025-09-30_13h36.55.308,untitled,,2025.1.1,120.18917727464621,2025-09-30 13h40.53.710155 +0530,
-50,x,92,0,23,x,1,0.3270754160184879,None,23,0,92,0,,,,,228.98758583300514,,228.97631216602167,228.98758583300514,229.97442045802018,229.97442045802018,229.97442045802018,229.97442045802018,229.9812136249966,230.9831672500004,230.9831672500004,231.31607512501068,x,1,0.3270754160184879,None,,,,,p1,001,2025-09-30_13h36.55.308,untitled,,2025.1.1,120.18917727464621,2025-09-30 13h40.53.710155 +0530,
150,v,93,1,23,v,1,0.28482191599323414,None,23,1,93,1,,,,,231.32654687500326,,231.31669895802042,231.32654687500326,232.31476562502212,232.31476562502212,232.31476562502212,232.31476562502212,232.32350929101813,233.3244325830019,233.3244325830019,233.61541395800305,v,1,0.28482191599323414,None,,,,,p1,001,2025-09-30_13h36.55.308,untitled,,2025.1.1,120.18917727464621,2025-09-30 13h40.53.710155 +0530,
50,c,94,2,23,c,1,0.2648930819996167,None,23,2,94,2,,,,,233.6410170000163,,233.61586166601046,233.6410170000163,234.60630666601355,234.60630666601355,234.60630666601355,234.60630666601355,234.63066287501715,235.6143963750219,235.6143963750219,235.8819058329973,c,1,0.2648930819996167,None,,,,,p1,001,2025-09-30_13h36.55.308,untitled,,2025.1.1,120.18917727464621,2025-09-30 13h40.53.710155 +0530,
-150,z,95,3,23,z,1,0.3114162079873495,None,23,3,95,3,,,,,235.90765525001916,,235.8824531660066,235.90765525001916,236.87443608301692,236.87443608301692,236.87443608301692,236.87443608301692,236.89770225001848,237.8908218750148,237.8908218750148,238.2087577909988,z,1,0.3114162079873495,None,,,,,p1,001,2025-09-30_13h36.55.308,untitled,,2025.1.1,120.18917727464621,2025-09-30 13h40.53.710155 +0530,
-50,x,96,0,24,x,1,0.2739123320207,None,24,0,96,0,,,,,238.21811458299635,,238.20930112499627,238.21811458299635,239.20701758301584,239.20701758301584,239.20701758301584,239.20701758301584,239.21416745800525,240.22438550001243,240.22438550001243,240.51172208299977,x,1,0.2739123320207,None,,,,,p1,001,2025-09-30_13h36.55.308,untitled,,2025.1.1,120.18917727464621,2025-09-30 13h40.53.710155 +0530,
150,v,97,1,24,v,1,0.29101608198834583,None,24,1,97,1,,,,,240.5198287910025,,240.51218741599587,240.5198287910025,241.50747704101377,241.50747704101377,241.50747704101377,241.50747704101377,241.51460358299664,242.52426112501416,242.52426112501416,242.82537108301767,v,1,0.29101608198834583,None,,,,,p1,001,2025-09-30_13h36.55.308,untitled,,2025.1.1,120.18917727464621,2025-09-30 13h40.53.710155 +0530,
50,c,98,2,24,c,1,0.35067099999287166,None,24,2,98,2,,,,,242.83695745799923,,242.82664087502053,242.83695745799923,243.82383095801924,243.82383095801924,243.82383095801924,243.82383095801924,243.8298213329981,244.823749083007,244.823749083007,245.18159595801262,c,1,0.35067099999287166,None,,,,,p1,001,2025-09-30_13h36.55.308,untitled,,2025.1.1,120.18917727464621,2025-09-30 13h40.53.710155 +0530,
-150,z,99,3,24,z,1,0.3077296660048887,None,24,3,99,3,,,,,245.19055225001648,,245.18206429100246,245.19055225001648,246.17459125001915,246.17459125001915,246.17459125001915,246.17459125001915,246.18111629100167,247.19160566601204,247.19160566601204,247.5088188330119,z,1,0.3077296660048887,None,,,,,p1,001,2025-09-30_13h36.55.308,untitled,,2025.1.1,120.18917727464621,2025-09-30 13h40.53.710155 +0530,
-50,x,100,0,25,x,1,0.4174351249821484,None,25,0,100,0,,,,,247.51868150001974,,247.50947437502327,247.51868150001974,248.507439833018,248.507439833018,248.507439833018,248.507439833018,248.51537920802366,249.5247340410133,249.5247340410133,249.95927737501916,x,1,0.4174351249821484,None,,,,,p1,001,2025-09-30_13h36.55.308,untitled,,2025.1.1,120.18917727464621,2025-09-30 13h40.53.710155 +0530,
150,v,101,1,25,v,1,0.39088583301054314,None,25,1,101,1,,,,,249.970458374999,,249.95979933300987,249.970458374999,250.957256624999,250.957256624999,250.957256624999,250.957256624999,250.96503495800425,251.97434620800777,251.97434620800777,252.37644741599797,v,1,0.39088583301054314,None,,,,,p1,001,2025-09-30_13h36.55.308,untitled,,2025.1.1,120.18917727464621,2025-09-30 13h40.53.710155 +0530,
50,c,102,2,25,c,1,3.571998456987785,None,25,2,102,2,,,,,252.38743791601155,,252.37711129101808,252.38743791601155,253.37412429100368,253.37412429100368,253.37412429100368,253.37412429100368,253.38016841601348,254.37720987500506,254.37720987500506,257.9608466660138,c,1,3.571998456987785,None,,,,,p1,001,2025-09-30_13h36.55.308,untitled,,2025.1.1,120.18917727464621,2025-09-30 13h40.53.710155 +0530,
-150,z,103,3,25,z,1,0.8103302490198985,None,25,3,103,3,,,,,257.9738487910072,,257.9638635000156,257.9738487910072,258.9575262500148,258.9575262500148,258.9575262500148,258.9575262500148,258.96538783301366,259.9574444160098,259.9574444160098,260.77516808299697,z,1,0.8103302490198985,None,,,,,p1,001,2025-09-30_13h36.55.308,untitled,,2025.1.1,120.18917727464621,2025-09-30 13h40.53.710155 +0530,
-50,x,104,0,26,x,1,0.44098541600396857,None,26,0,104,0,,,,,260.78261608301545,,260.7759749160032,260.78261608301545,261.7745175830205,261.7745175830205,261.7745175830205,261.7745175830205,261.78185908301384,262.765932875016,262.765932875016,263.2095684579981,x,1,0.44098541600396857,None,,,,,p1,001,2025-09-30_13h36.55.308,untitled,,2025.1.1,120.18917727464621,2025-09-30 13h40.53.710155 +0530,
150,v,105,1,26,v,1,0.32309645699569955,None,26,1,105,1,,,,,263.2202900410048,,263.2101044160081,263.2202900410048,264.2084808750078,264.2084808750078,264.2084808750078,264.2084808750078,264.2161898750055,265.2076174580143,265.2076174580143,265.532721666008,v,1,0.32309645699569955,None,,,,,p1,001,2025-09-30_13h36.55.308,untitled,,2025.1.1,120.18917727464621,2025-09-30 13h40.53.710155 +0530,
50,c,106,2,26,c,1,0.7046567910001613,None,26,2,106,2,,,,,265.55843570802244,,265.53330820801784,265.55843570802244,266.5323987910233,266.5323987910233,266.5323987910233,266.5323987910233,266.5489919160027,267.53411400000914,267.53411400000914,268.2424874160206,c,1,0.7046567910001613,None,,,,,p1,001,2025-09-30_13h36.55.308,untitled,,2025.1.1,120.18917727464621,2025-09-30 13h40.53.710155 +0530,
-150,z,107,3,26,z,1,0.7802763740182854,None,26,3,107,3,,,,,268.2534513330029,,268.2430825830088,268.2534513330029,269.2415746659972,269.2415746659972,269.2415746659972,269.2415746659972,269.2486701660091,270.25848812502227,270.25848812502227,271.0424306660134,z,1,0.7802763740182854,None,,,,,p1,001,2025-09-30_13h36.55.308,untitled,,2025.1.1,120.18917727464621,2025-09-30 13h40.53.710155 +0530,
-50,x,108,0,27,x,1,0.885186291008722,None,27,0,108,0,,,,,271.0487171660061,,271.0429832910013,271.0487171660061,272.0413288749987,272.0413288749987,272.0413288749987,272.0413288749987,272.0413288749987,273.03364658300416,273.03364658300416,273.94350845800363,x,1,0.885186291008722,None,,,,,p1,001,2025-09-30_13h36.55.308,untitled,,2025.1.1,120.18917727464621,2025-09-30 13h40.53.710155 +0530,
150,v,109,1,27,v,1,1.0483870409952942,None,27,1,109,1,,,,,273.95775504101766,,273.94438758300385,273.95775504101766,274.94222062500194,274.94222062500194,274.94222062500194,274.94222062500194,274.9497522910242,275.94144100000267,275.94144100000267,276.9925988330215,v,1,1.0483870409952942,None,,,,,p1,001,2025-09-30_13h36.55.308,untitled,,2025.1.1,120.18917727464621,2025-09-30 13h40.53.710155 +0530,
50,c,110,2,27,c,1,0.3157226240145974,None,27,2,110,2,,,,,277.002336791018,,276.99313149999944,277.002336791018,277.99172158300644,277.99172158300644,277.99172158300644,277.99172158300644,277.9987007500022,278.992243916,278.992243916,279.3157428750128,c,1,0.3157226240145974,None,,,,,p1,001,2025-09-30_13h36.55.308,untitled,,2025.1.1,120.18917727464621,2025-09-30 13h40.53.710155 +0530,
-150,z,111,3,27,z,1,0.40581816600752063,None,27,3,111,3,,,,,279.3285327500198,,279.316261666012,279.3285327500198,280.3254404159961,280.3254404159961,280.3254404159961,280.3254404159961,280.3319076250191,281.30818945801,281.30818945801,281.71629224999924,z,1,0.40581816600752063,None,,,,,p1,001,2025-09-30_13h36.55.308,untitled,,2025.1.1,120.18917727464621,2025-09-30 13h40.53.710155 +0530,
-50,x,112,0,28,x,1,0.39345679100370035,None,28,0,112,0,,,,,281.72742191600264,,281.7168766249961,281.72742191600264,282.7083880410064,282.7083880410064,282.7083880410064,282.7083880410064,282.72482520801714,283.707429416012,283.707429416012,284.1093459580152,x,1,0.39345679100370035,None,,,,,p1,001,2025-09-30_13h36.55.308,untitled,,2025.1.1,120.18917727464621,2025-09-30 13h40.53.710155 +0530,
150,v,113,1,28,v,1,0.33179449997260235,None,28,1,113,1,,,,,284.12065300001996,,284.10991791600827,284.12065300001996,285.09973579100915,285.09973579100915,285.09973579100915,285.09973579100915,285.1419610000157,286.10808250002447,286.10808250002447,286.4429277910094,v,1,0.33179449997260235,None,,,,,p1,001,2025-09-30_13h36.55.308,untitled,,2025.1.1,120.18917727464621,2025-09-30 13h40.53.710155 +0530,
50,c,114,2,28,c,1,0.28960041599930264,None,28,2,114,2,,,,,286.4538243749994,,286.44348912499845,286.4538243749994,287.4425808750093,287.4425808750093,287.4425808750093,287.4425808750093,287.44937829099945,288.4415075830184,288.4415075830184,288.7330146250024,c,1,0.28960041599930264,None,,,,,p1,001,2025-09-30_13h36.55.308,untitled,,2025.1.1,120.18917727464621,2025-09-30 13h40.53.710155 +0530,
-150,z,115,3,28,z,1,0.3666938740061596,None,28,3,115,3,,,,,288.744627750013,,288.73354225000367,288.744627750013,289.73241374999634,289.73241374999634,289.73241374999634,289.73241374999634,289.7416711249971,290.7343211660045,290.7343211660045,291.1271826250013,z,1,0.3666938740061596,None,,,,,p1,001,2025-09-30_13h36.55.308,untitled,,2025.1.1,120.18917727464621,2025-09-30 13h40.53.710155 +0530,
-50,x,116,0,29,x,1,0.23506470798747614,None,29,0,116,0,,,,,291.1415062910237,,291.12799675000133,291.1415062910237,292.12494816601975,292.12494816601975,292.12494816601975,292.12494816601975,292.1326432500209,293.12489016601467,293.12489016601467,293.36622799999896,x,1,0.23506470798747614,None,,,,,p1,001,2025-09-30_13h36.55.308,untitled,,2025.1.1,120.18917727464621,2025-09-30 13h40.53.710155 +0530,
150,v,117,1,29,v,1,0.32915387401590124,None,29,1,117,1,,,,,293.3918361660035,,293.3666653330147,293.3918361660035,294.36519075001706,294.36519075001706,294.36519075001706,294.36519075001706,294.38138137501664,295.3658752500196,295.3658752500196,295.7002497500216,v,1,0.32915387401590124,None,,,,,p1,001,2025-09-30_13h36.55.308,untitled,,2025.1.1,120.18917727464621,2025-09-30 13h40.53.710155 +0530,
50,c,118,2,29,c,1,0.26972154100076295,None,29,2,118,2,,,,,295.7257027910091,,295.70073991600657,295.7257027910091,296.69950041599805,296.69950041599805,296.69950041599805,296.69950041599805,296.7161519160145,297.7012166250206,297.7012166250206,297.97641750000184,c,1,0.26972154100076295,None,,,,,p1,001,2025-09-30_13h36.55.308,untitled,,2025.1.1,120.18917727464621,2025-09-30 13h40.53.710155 +0530,
-150,z,119,3,29,z,1,0.30947704100981355,None,29,3,119,3,,,,,297.9854110830056,,297.9769320000196,297.9854110830056,298.97572904100525,298.97572904100525,298.97572904100525,298.97572904100525,298.98263312500785,299.9674980000127,299.9674980000127,300.2855001660064,z,1,0.30947704100981355,None,,,,,p1,001,2025-09-30_13h36.55.308,untitled,,2025.1.1,120.18917727464621,2025-09-30 13h40.53.710155 +0530,
-50,x,120,0,30,x,1,0.3896297909959685,None,30,0,120,0,,,,,300.2951124579995,,300.28625625002314,300.2951124579995,301.28327270800946,301.28327270800946,301.28327270800946,301.28327270800946,301.2916599160235,302.28348837501835,302.28348837501835,302.67724670801545,x,1,0.3896297909959685,None,,,,,p1,001,2025-09-30_13h36.55.308,untitled,,2025.1.1,120.18917727464621,2025-09-30 13h40.53.710155 +0530,
150,v,121,1,30,v,1,0.29172133197425865,None,30,1,121,1,,,,,302.6866223750112,,302.6777670410229,302.6866223750112,303.67579950002255,303.67579950002255,303.67579950002255,303.67579950002255,303.6824691250222,304.67515983301564,304.67515983301564,304.97654891601996,v,1,0.29172133197425865,None,,,,,p1,001,2025-09-30_13h36.55.308,untitled,,2025.1.1,120.18917727464621,2025-09-30 13h40.53.710155 +0530,
50,c,122,2,30,c,1,0.3958371240005363,None,30,2,122,2,,,,,304.98573595800553,,304.9770918750146,304.98573595800553,305.9761387500039,305.9761387500039,305.9761387500039,305.9761387500039,305.9832066250092,306.97523050001473,306.97523050001473,307.37739683300606,c,1,0.3958371240005363,None,,,,,p1,001,2025-09-30_13h36.55.308,untitled,,2025.1.1,120.18917727464621,2025-09-30 13h40.53.710155 +0530,
-150,z,123,3,30,z,1,0.3276171240140684,None,30,3,123,3,,,,,307.3923960410175,,307.3780407500162,307.3923960410175,308.3755709580146,308.3755709580146,308.3755709580146,308.3755709580146,308.38267695801915,309.3754324580077,309.3754324580077,309.710080208024,z,1,0.3276171240140684,None,,,,,p1,001,2025-09-30_13h36.55.308,untitled,,2025.1.1,120.18917727464621,2025-09-30 13h40.53.710155 +0530,
-50,x,124,0,31,x,1,0.3381660830054898,None,31,0,124,0,,,,,309.7200642910029,,309.7106508750003,309.7200642910029,310.7091867910058,310.7091867910058,310.7091867910058,310.7091867910058,310.7162582500023,311.70886212500045,311.70886212500045,312.05076883299625,x,1,0.3381660830054898,None,,,,,p1,001,2025-09-30_13h36.55.308,untitled,,2025.1.1,120.18917727464621,2025-09-30 13h40.53.710155 +0530,
150,v,125,1,31,v,1,0.5206207500013988,None,31,1,125,1,,,,,312.0761442910007,,312.0513024580141,312.0761442910007,313.0499520000012,313.0499520000012,313.0499520000012,313.0499520000012,313.0664517499972,314.0593125410087,314.0593125410087,314.5843863750051,v,1,0.5206207500013988,None,,,,,p1,001,2025-09-30_13h36.55.308,untitled,,2025.1.1,120.18917727464621,2025-09-30 13h40.53.710155 +0530,
50,c,126,2,31,c,1,1.0359558750060387,None,31,2,126,2,,,,,314.59203866601456,,314.5849890000245,314.59203866601456,315.5837260830158,315.5837260830158,315.5837260830158,315.5837260830158,315.5837260830158,316.58305200000177,316.58305200000177,317.6266701660061,c,1,1.0359558750060387,None,,,,,p1,001,2025-09-30_13h36.55.308,untitled,,2025.1.1,120.18917727464621,2025-09-30 13h40.53.710155 +0530,
-150,z,127,3,31,z,1,0.37226820798241533,None,31,3,127,3,,,,,317.6379857500142,,317.6271485000034,317.6379857500142,318.62567079102155,318.62567079102155,318.62567079102155,318.62567079102155,318.6328857910121,319.62582970800577,319.62582970800577,320.00045729099656,z,1,0.37226820798241533,None,,,,,p1,001,2025-09-30_13h36.55.308,untitled,,2025.1.1,120.18917727464621,2025-09-30 13h40.53.710155 +0530,
-50,x,128,0,32,x,1,0.33205399999860674,None,32,0,128,0,,,,,320.02637779101497,,320.0009828330076,320.02637779101497,320.992447541008,320.992447541008,320.992447541008,320.992447541008,321.01582954102196,321.9999942500144,321.9999942500144,322.33421041601105,x,1,0.33205399999860674,None,,,,,p1,001,2025-09-30_13h36.55.308,untitled,,2025.1.1,120.18917727464621,2025-09-30 13h40.53.710155 +0530,
150,v,129,1,32,v,1,0.28890804102411494,None,32,1,129,1,,,,,322.359649207996,,322.3347358330211,322.359649207996,323.3261576660152,323.3261576660152,323.3261576660152,323.3261576660152,323.3502472079999,324.3431899160205,324.3431899160205,324.6448094160005,v,1,0.28890804102411494,None,,,,,p1,001,2025-09-30_13h36.55.308,untitled,,2025.1.1,120.18917727464621,2025-09-30 13h40.53.710155 +0530,
50,c,130,2,32,c,1,0.2719848319829907,None,32,2,130,2,,,,,324.656669916003,,324.6455069160147,324.656669916003,325.64234929101076,325.64234929101076,325.64234929101076,325.64234929101076,325.6490633750218,326.64225495801657,326.64225495801657,326.9183465000242,c,1,0.2719848319829907,None,,,,,p1,001,2025-09-30_13h36.55.308,untitled,,2025.1.1,120.18917727464621,2025-09-30 13h40.53.710155 +0530,
-150,z,131,3,32,z,1,0.3126408329990227,None,32,3,131,3,,,,,326.92830316600157,,326.9188453750103,326.92830316600157,327.9176945000072,327.9176945000072,327.9176945000072,327.9176945000072,327.9429030000174,328.9434150410234,328.9434150410234,329.26039162502275,z,1,0.3126408329990227,None,,,,,p1,001,2025-09-30_13h36.55.308,untitled,,2025.1.1,120.18917727464621,2025-09-30 13h40.53.710155 +0530,
-50,x,132,0,33,x,1,0.26774187400587834,None,33,0,132,0,,,,,329.2696234160103,,329.2608963329985,329.2696234160103,330.25930554099614,330.25930554099614,330.25930554099614,330.25930554099614,330.26642683299724,331.25926150000305,331.25926150000305,331.5344957910129,x,1,0.26774187400587834,None,,,,,p1,001,2025-09-30_13h36.55.308,untitled,,2025.1.1,120.18917727464621,2025-09-30 13h40.53.710155 +0530,
150,v,133,1,33,v,1,0.36313379101920873,None,33,1,133,1,,,,,331.54566133301705,,331.5350176250213,331.54566133301705,332.5335516250052,332.5335516250052,332.5335516250052,332.5335516250052,332.5424749160011,333.53491400001803,333.53491400001803,333.9118068749958,v,1,0.36313379101920873,None,,,,,p1,001,2025-09-30_13h36.55.308,untitled,,2025.1.1,120.18917727464621,2025-09-30 13h40.53.710155 +0530,
50,c,134,2,33,c,1,0.31312700000125915,None,33,2,134,2,,,,,333.92279895799584,,333.9125690830115,333.92279895799584,334.9269680410216,334.9269680410216,334.9269680410216,334.9269680410216,334.9269680410216,335.92680362501414,335.92680362501414,336.2440132909978,c,1,0.31312700000125915,None,,,,,p1,001,2025-09-30_13h36.55.308,untitled,,2025.1.1,120.18917727464621,2025-09-30 13h40.53.710155 +0530,
-150,z,135,3,33,z,1,0.31976866599870846,None,33,3,135,3,,,,,336.25362204099656,,336.2447033750068,336.25362204099656,337.2429155000136,337.2429155000136,337.2429155000136,337.2429155000136,337.25069429099676,338.2433977080218,338.2433977080218,338.57887875000597,z,1,0.31976866599870846,None,,,,,p1,001,2025-09-30_13h36.55.308,untitled,,2025.1.1,120.18917727464621,2025-09-30 13h40.53.710155 +0530,
-50,x,136,0,34,x,1,0.3691425829892978,None,34,0,136,0,,,,,338.59093854101957,,338.57968141601305,338.59093854101957,339.57608150001033,339.57608150001033,339.57608150001033,339.57608150001033,339.5833298750222,340.5760333329963,340.5760333329963,340.95105662502465,x,1,0.3691425829892978,None,,,,,p1,001,2025-09-30_13h36.55.308,untitled,,2025.1.1,120.18917727464621,2025-09-30 13h40.53.710155 +0530,
150,v,137,1,34,v,1,0.29258812402258627,None,34,1,137,1,,,,,340.9763361250225,,340.95158683302,340.9763361250225,341.9437888750108,341.9437888750108,341.9437888750108,341.9437888750108,341.96692254100344,342.9603977500228,342.9603977500228,343.2613825830049,v,1,0.29258812402258627,None,,,,,p1,001,2025-09-30_13h36.55.308,untitled,,2025.1.1,120.18917727464621,2025-09-30 13h40.53.710155 +0530,
50,c,138,2,34,c,1,0.34916950002661906,None,34,2,138,2,,,,,343.27107020802214,,343.26191358300275,343.27107020802214,344.2600608750072,344.2600608750072,344.2600608750072,344.2600608750072,344.26720875001047,345.25991108300514,345.25991108300514,345.61064966602135,c,1,0.34916950002661906,None,,,,,p1,001,2025-09-30_13h36.55.308,untitled,,2025.1.1,120.18917727464621,2025-09-30 13h40.53.710155 +0530,
-150,z,139,3,34,z,1,0.281338583008619,None,34,3,139,3,,,,,345.6201170410204,,345.6111710410041,345.6201170410204,346.61046900000656,346.61046900000656,346.61046900000656,346.61046900000656,346.62724229099695,347.60974133299896,347.60974133299896,347.89421954102,z,1,0.281338583008619,None,,,,,p1,001,2025-09-30_13h36.55.308,untitled,,2025.1.1,120.18917727464621,2025-09-30 13h40.53.710155 +0530,
-50,x,140,0,35,x,1,0.334216125018429,None,35,0,140,0,,,,,347.9036666660104,,347.8947404579958,347.9036666660104,348.8937199159991,348.8937199159991,348.8937199159991,348.8937199159991,348.9006760409975,349.88603424999746,349.88603424999746,350.2275939579995,x,1,0.334216125018429,None,,,,,p1,001,2025-09-30_13h36.55.308,untitled,,2025.1.1,120.18917727464621,2025-09-30 13h40.53.710155 +0530,
150,v,141,1,35,v,1,0.30272233198047616,None,35,1,141,1,,,,,350.2366960410145,,350.22801591601456,350.2366960410145,351.2265142080141,351.2265142080141,351.2265142080141,351.2265142080141,351.2334603750205,352.22629733302165,352.22629733302165,352.53472787499777,v,1,0.30272233198047616,None,,,,,p1,001,2025-09-30_13h36.55.308,untitled,,2025.1.1,120.18917727464621,2025-09-30 13h40.53.710155 +0530,
50,c,142,2,35,c,1,0.3935538330115378,None,35,2,142,2,,,,,352.5604368750064,,352.535277625022,352.5604368750064,353.53391662501963,353.53391662501963,353.53391662501963,353.53391662501963,353.5505625829974,354.5267080000194,354.5267080000194,354.9275963330001,c,1,0.3935538330115378,None,,,,,p1,001,2025-09-30_13h36.55.308,untitled,,2025.1.1,120.18917727464621,2025-09-30 13h40.53.710155 +0530,
-150,z,143,3,35,z,1,0.42684574899612926,None,35,3,143,3,,,,,354.9370236250106,,354.9280212500016,354.9370236250106,355.92643920800765,355.92643920800765,355.92643920800765,355.92643920800765,355.9331200000015,356.9262637080101,356.9262637080101,357.3614299580222,z,1,0.42684574899612926,None,,,,,p1,001,2025-09-30_13h36.55.308,untitled,,2025.1.1,120.18917727464621,2025-09-30 13h40.53.710155 +0530,
-50,x,144,0,36,x,1,0.34549358297954313,None,36,0,144,0,,,,,357.37698783300584,,357.361866791005,357.37698783300584,358.360131458001,358.360131458001,358.360131458001,358.360131458001,358.36670758301625,359.3597931660188,359.3597931660188,359.71103483301704,x,1,0.34549358297954313,None,,,,,p1,001,2025-09-30_13h36.55.308,untitled,,2025.1.1,120.18917727464621,2025-09-30 13h40.53.710155 +0530,
150,v,145,1,36,v,1,0.6524504999979399,None,36,1,145,1,,,,,359.7211082499998,,359.7115544580156,359.7211082499998,360.7106683330203,360.7106683330203,360.7106683330203,360.7106683330203,360.7274924160156,361.70056325002224,361.70056325002224,362.3613810829993,v,1,0.6524504999979399,None,,,,,p1,001,2025-09-30_13h36.55.308,untitled,,2025.1.1,120.18917727464621,2025-09-30 13h40.53.710155 +0530,
50,c,146,2,36,c,1,0.41263704097946174,None,36,2,146,2,,,,,362.37094270801754,,362.36196291600936,362.37094270801754,363.36016333301086,363.36016333301086,363.36016333301086,363.36016333301086,363.3668900830089,364.3604989160085,364.3604989160085,364.7779710830073,c,1,0.41263704097946174,None,,,,,p1,001,2025-09-30_13h36.55.308,untitled,,2025.1.1,120.18917727464621,2025-09-30 13h40.53.710155 +0530,
-150,z,147,3,36,z,1,0.9713664159935433,None,36,3,147,3,,,,,364.7877799580165,,364.7784862499975,364.7877799580165,365.77778720800416,365.77778720800416,365.77778720800416,365.77778720800416,365.7944288330036,366.77695908301394,366.77695908301394,367.7527957080165,z,1,0.9713664159935433,None,,,,,p1,001,2025-09-30_13h36.55.308,untitled,,2025.1.1,120.18917727464621,2025-09-30 13h40.53.710155 +0530,
-50,x,148,0,37,x,1,0.3506523320102133,None,37,0,148,0,,,,,367.7629637500213,,367.75334579101764,367.7629637500213,368.7611793749966,368.7611793749966,368.7611793749966,368.7611793749966,368.77795241601416,369.7525084160152,369.7525084160152,370.1114502499986,x,1,0.3506523320102133,None,,,,,p1,001,2025-09-30_13h36.55.308,untitled,,2025.1.1,120.18917727464621,2025-09-30 13h40.53.710155 +0530,
150,v,149,1,37,v,1,0.48644499899819493,None,37,1,149,1,,,,,370.1210391659988,,370.1118952910183,370.1210391659988,371.1111890000175,371.1111890000175,371.1111890000175,371.1111890000175,371.127784833021,372.10287075000815,372.10287075000815,372.59427875000983,v,1,0.48644499899819493,None,,,,,p1,001,2025-09-30_13h36.55.308,untitled,,2025.1.1,120.18917727464621,2025-09-30 13h40.53.710155 +0530,
50,c,150,2,37,c,1,0.5080260830000043,None,37,2,150,2,,,,,372.60323712500394,,372.5947781249997,372.60323712500394,373.5945885410183,373.5945885410183,373.5945885410183,373.5945885410183,373.60245383300935,374.59445025000605,374.59445025000605,375.1127740830125,c,1,0.5080260830000043,None,,,,,p1,001,2025-09-30_13h36.55.308,untitled,,2025.1.1,120.18917727464621,2025-09-30 13h40.53.710155 +0530,
-150,z,151,3,37,z,1,0.354908957000589,None,37,3,151,3,,,,,375.12685575001524,,375.1134273330099,375.12685575001524,376.1279717500147,376.1279717500147,376.1279717500147,376.1279717500147,376.1279717500147,377.1192008750222,377.1192008750222,377.4806324579986,z,1,0.354908957000589,None,,,,,p1,001,2025-09-30_13h36.55.308,untitled,,2025.1.1,120.18917727464621,2025-09-30 13h40.53.710155 +0530,
-50,x,152,0,38,x,1,0.3242806660127826,None,38,0,152,0,,,,,377.4939829579962,,377.48105895801564,377.4939829579962,378.47673720802413,378.47673720802413,378.47673720802413,378.47673720802413,378.48406654101564,379.4849656250153,379.4849656250153,379.8110167910054,x,1,0.3242806660127826,None,,,,,p1,001,2025-09-30_13h36.55.308,untitled,,2025.1.1,120.18917727464621,2025-09-30 13h40.53.710155 +0530,
150,v,153,1,38,v,1,0.37211387397837825,None,38,1,153,1,,,,,379.8179765000241,,379.8112446660234,379.8179765000241,380.8017147910141,380.8017147910141,380.8017147910141,380.8017147910141,380.81038620800246,381.82802258300944,381.82802258300944,382.2018897079979,v,1,0.37211387397837825,None,,,,,p1,001,2025-09-30_13h36.55.308,untitled,,2025.1.1,120.18917727464621,2025-09-30 13h40.53.710155 +0530,
50,c,154,2,38,c,1,0.36261124999145977,None,38,2,154,2,,,,,382.227670125023,,382.2024489160103,382.227670125023,383.21150425000815,383.21150425000815,383.21150425000815,383.21150425000815,383.2280486250238,384.2115902500227,384.2115902500227,384.578178708005,c,1,0.36261124999145977,None,,,,,p1,001,2025-09-30_13h36.55.308,untitled,,2025.1.1,120.18917727464621,2025-09-30 13h40.53.710155 +0530,
-150,z,155,3,38,z,1,0.644350165996002,None,38,3,155,3,,,,,384.58392604099936,,384.5786084580177,384.58392604099936,385.5783600000141,385.5783600000141,385.5783600000141,385.5783600000141,385.5952780000225,386.57798775000265,386.57798775000265,387.22825529100373,z,1,0.644350165996002,None,,,,,p1,001,2025-09-30_13h36.55.308,untitled,,2025.1.1,120.18917727464621,2025-09-30 13h40.53.710155 +0530,
-50,x,156,0,39,x,1,0.4473738329834305,None,39,0,156,0,,,,,387.2372812500107,,387.22867337500793,387.2372812500107,388.2185231250187,388.2185231250187,388.2185231250187,388.2185231250187,388.23403175000567,389.2199800000235,389.2199800000235,389.6785329580016,x,1,0.4473738329834305,None,,,,,p1,001,2025-09-30_13h36.55.308,untitled,,2025.1.1,120.18917727464621,2025-09-30 13h40.53.710155 +0530,
150,v,157,1,39,v,1,0.4450499160157051,None,39,1,157,1,,,,,389.68828299999586,,389.6790892910212,389.68828299999586,390.67848370800493,390.67848370800493,390.67848370800493,390.67848370800493,390.69505829102127,391.6780492080143,391.6780492080143,392.1290252910112,v,1,0.4450499160157051,None,,,,,p1,001,2025-09-30_13h36.55.308,untitled,,2025.1.1,120.18917727464621,2025-09-30 13h40.53.710155 +0530,
50,c,158,2,39,c,1,0.516308457008563,None,39,2,158,2,,,,,392.13883475001785,,392.12958404101664,392.13883475001785,393.1283463750151,393.1283463750151,393.1283463750151,393.1283463750151,393.1450396250002,394.1368416660116,394.1368416660116,394.67938045802293,c,1,0.516308457008563,None,,,,,p1,001,2025-09-30_13h36.55.308,untitled,,2025.1.1,120.18917727464621,2025-09-30 13h40.53.710155 +0530,
-150,z,159,3,39,z,1,0.5168362070107833,None,39,3,159,3,,,,,394.69434187500156,,394.6800532080233,394.69434187500156,395.6775182080164,395.6775182080164,395.6775182080164,395.6775182080164,395.68493033302366,396.6773435409996,396.6773435409996,397.2028749160236,z,1,0.5168362070107833,None,,,,,p1,001,2025-09-30_13h36.55.308,untitled,,2025.1.1,120.18917727464621,2025-09-30 13h40.53.710155 +0530,
-50,x,160,0,40,x,1,0.42796941599226557,None,40,0,160,0,,,,,397.2135586250224,,397.2034676250187,397.2135586250224,398.20329075001064,398.20329075001064,398.20329075001064,398.20329075001064,398.21283445801237,399.211473916017,399.211473916017,399.6465823330218,x,1,0.42796941599226557,None,,,,,p1,001,2025-09-30_13h36.55.308,untitled,,2025.1.1,120.18917727464621,2025-09-30 13h40.53.710155 +0530,
150,v,161,1,40,v,1,0.5729491240053903,None,40,1,161,1,,,,,399.657425375015,,399.64717041602125,399.657425375015,400.64506487501785,400.64506487501785,400.64506487501785,400.64506487501785,400.6620185000065,401.66141787500237,401.66141787500237,402.2360184999998,v,1,0.5729491240053903,None,,,,,p1,001,2025-09-30_13h36.55.308,untitled,,2025.1.1,120.18917727464621,2025-09-30 13h40.53.710155 +0530,
50,c,162,2,40,c,1,0.41389745799824595,None,40,2,162,2,,,,,402.24803225000505,,402.2365562909981,402.24803225000505,403.2282007080212,403.2282007080212,403.2282007080212,403.2282007080212,403.244174499996,404.2271874160215,404.2271874160215,404.6455369160103,c,1,0.41389745799824595,None,,,,,p1,001,2025-09-30_13h36.55.308,untitled,,2025.1.1,120.18917727464621,2025-09-30 13h40.53.710155 +0530,
-150,z,163,3,40,z,1,0.3150472489942331,None,40,3,163,3,,,,,404.65500954102026,,404.6460575830133,404.65500954102026,405.6443403750018,405.6443403750018,405.6443403750018,405.6443403750018,405.65221258302336,406.6441960830125,406.6441960830125,406.9621825409995,z,1,0.3150472489942331,None,,,,,p1,001,2025-09-30_13h36.55.308,untitled,,2025.1.1,120.18917727464621,2025-09-30 13h40.53.710155 +0530,
-50,x,164,0,41,x,1,0.24231304100248963,None,41,0,164,0,,,,,406.9713991660101,,406.96269462502096,406.9713991660101,407.96117058300297,407.96117058300297,407.96117058300297,407.96117058300297,407.96825245799846,408.9609303330071,408.9609303330071,409.21238579100464,x,1,0.24231304100248963,None,,,,,p1,001,2025-09-30_13h36.55.308,untitled,,2025.1.1,120.18917727464621,2025-09-30 13h40.53.710155 +0530,
150,v,165,1,41,v,1,0.2870271660212893,None,41,1,165,1,,,,,409.22213933299645,,409.21292320801876,409.22213933299645,410.21105733301374,410.21105733301374,410.21105733301374,410.21105733301374,410.2176569160074,411.22845891601173,411.22845891601173,411.53016883300734,v,1,0.2870271660212893,None,,,,,p1,001,2025-09-30_13h36.55.308,untitled,,2025.1.1,120.18917727464621,2025-09-30 13h40.53.710155 +0530,
50,c,166,2,41,c,1,0.26730908299214207,None,41,2,166,2,,,,,411.5444193330186,,411.53173358301865,411.5444193330186,412.5281764160027,412.5281764160027,412.5281764160027,412.5281764160027,412.5450995830179,413.54493187501794,413.54493187501794,413.81385487501393,c,1,0.26730908299214207,None,,,,,p1,001,2025-09-30_13h36.55.308,untitled,,2025.1.1,120.18917727464621,2025-09-30 13h40.53.710155 +0530,
-150,z,167,3,41,z,1,0.3695529569813516,None,41,3,167,3,,,,,413.8284132500121,,413.81442758301273,413.8284132500121,414.81117541602,414.81117541602,414.81117541602,414.81117541602,414.8186931250093,415.81188362502144,415.81188362502144,416.1860552500002,z,1,0.3695529569813516,None,,,,,p1,001,2025-09-30_13h36.55.308,untitled,,2025.1.1,120.18917727464621,2025-09-30 13h40.53.710155 +0530,
-50,x,168,0,42,x,1,0.2897059580136556,None,42,0,168,0,,,,,416.2119621250022,,416.186584916024,416.2119621250022,417.17884291600785,417.17884291600785,417.17884291600785,417.17884291600785,417.22872537499643,418.18662245801534,418.18662245801534,418.4802436660102,x,1,0.2897059580136556,None,,,,,p1,001,2025-09-30_13h36.55.308,untitled,,2025.1.1,120.18917727464621,2025-09-30 13h40.53.710155 +0530,
150,v,169,1,42,v,1,0.39146650000475347,None,42,1,169,1,,,,,418.4945123750076,,418.481016833015,418.4945123750076,419.4784123330028,419.4784123330028,419.4784123330028,419.4784123330028,419.48526995800785,420.47866091600736,420.47866091600736,420.8794668750197,v,1,0.39146650000475347,None,,,,,p1,001,2025-09-30_13h36.55.308,untitled,,2025.1.1,120.18917727464621,2025-09-30 13h40.53.710155 +0530,
50,c,170,2,42,c,1,0.38886283300234936,None,42,2,170,2,,,,,420.889513541013,,420.880004000006,420.889513541013,421.8780574580014,421.8780574580014,421.8780574580014,421.8780574580014,421.88518029102124,422.8784385000181,422.8784385000181,423.26966229101527,c,1,0.38886283300234936,None,,,,,p1,001,2025-09-30_13h36.55.308,untitled,,2025.1.1,120.18917727464621,2025-09-30 13h40.53.710155 +0530,
-150,z,171,3,42,z,1,0.39615520799998194,None,42,3,171,3,,,,,423.2779102080094,,423.2700802909967,423.2779102080094,424.26118929102086,424.26118929102086,424.26118929102086,424.26118929102086,424.2677416250226,425.26903700002003,425.26903700002003,425.67040808300953,z,1,0.39615520799998194,None,,,,,p1,001,2025-09-30_13h36.55.308,untitled,,2025.1.1,120.18917727464621,2025-09-30 13h40.53.710155 +0530,
-50,x,172,0,43,x,1,0.34104112500790507,None,43,0,172,0,,,,,425.681297291012,,425.6709497499978,425.681297291012,426.6786640000064,426.6786640000064,426.6786640000064,426.6786640000064,426.69614770801854,427.6791465830174,427.6791465830174,428.02936308301287,x,1,0.34104112500790507,None,,,,,p1,001,2025-09-30_13h36.55.308,untitled,,2025.1.1,120.18917727464621,2025-09-30 13h40.53.710155 +0530,
150,v,173,1,43,v,1,0.42557649899390526,None,43,1,173,1,,,,,428.03707741599646,,428.02971954102395,428.03707741599646,429.0287696250016,429.0287696250016,429.0287696250016,429.0287696250016,429.04566354100825,430.0457225830178,430.0457225830178,430.4816869580245,v,1,0.42557649899390526,None,,,,,p1,001,2025-09-30_13h36.55.308,untitled,,2025.1.1,120.18917727464621,2025-09-30 13h40.53.710155 +0530,
50,c,174,2,43,c,1,0.28191170701757073,None,43,2,174,2,,,,,430.49752270799945,,430.4828040410066,430.49752270799945,431.4783676660154,431.4783676660154,431.4783676660154,431.4783676660154,431.49518187501235,432.4783741249994,432.4783741249994,432.7631841660186,c,1,0.28191170701757073,None,,,,,p1,001,2025-09-30_13h36.55.308,untitled,,2025.1.1,120.18917727464621,2025-09-30 13h40.53.710155 +0530,
-150,z,175,3,43,z,1,0.45000379101838917,None,43,3,175,3,,,,,432.7734320000163,,432.763869041024,432.7734320000163,433.762199290999,433.762199290999,433.762199290999,433.762199290999,433.7693803750153,434.77924433301087,434.77924433301087,435.2364843329997,z,1,0.45000379101838917,None,,,,,p1,001,2025-09-30_13h36.55.308,untitled,,2025.1.1,120.18917727464621,2025-09-30 13h40.53.710155 +0530,
-50,x,176,0,44,x,1,0.2867294989991933,None,44,0,176,0,,,,,435.26179400002,,435.23701533299754,435.26179400002,436.236013250018,436.236013250018,436.236013250018,436.236013250018,436.2526605410094,437.2376413330203,437.2376413330203,437.5306865410239,x,1,0.2867294989991933,None,,,,,p1,001,2025-09-30_13h36.55.308,untitled,,2025.1.1,120.18917727464621,2025-09-30 13h40.53.710155 +0530,
150,v,177,1,44,v,1,0.27865199898951687,None,44,1,177,1,,,,,437.54159445801633,,437.53151495801285,437.54159445801633,438.5283007080143,438.5283007080143,438.5283007080143,438.5283007080143,438.5359565410181,439.5285677080101,439.5285677080101,439.81372912501683,v,1,0.27865199898951687,None,,,,,p1,001,2025-09-30_13h36.55.308,untitled,,2025.1.1,120.18917727464621,2025-09-30 13h40.53.710155 +0530,
50,c,178,2,44,c,1,0.43503679099376313,None,44,2,178,2,,,,,439.8286178330018,,439.8144379580044,439.8286178330018,440.81279229102074,440.81279229102074,440.81279229102074,440.81279229102074,440.8299197500164,441.81112187501276,441.81112187501276,442.25321158301085,c,1,0.43503679099376313,None,,,,,p1,001,2025-09-30_13h36.55.308,untitled,,2025.1.1,120.18917727464621,2025-09-30 13h40.53.710155 +0530,
-150,z,179,3,44,z,1,0.23893324899836443,None,44,3,179,3,,,,,442.2787259580218,,442.2537628750142,442.2787259580218,443.24585133302025,443.24585133302025,443.24585133302025,443.24585133302025,443.2693975830043,444.26237212499836,444.26237212499836,444.50326162501005,z,1,0.23893324899836443,None,,,,,p1,001,2025-09-30_13h36.55.308,untitled,,2025.1.1,120.18917727464621,2025-09-30 13h40.53.710155 +0530,
-50,x,180,0,45,x,1,0.4485585000074934,None,45,0,180,0,,,,,444.52857683302136,,444.5037937500165,444.52857683302136,445.51300479102065,445.51300479102065,445.51300479102065,445.51300479102065,445.5297351659974,446.4947989580105,446.4947989580105,446.94660391600337,x,1,0.4485585000074934,None,,,,,p1,001,2025-09-30_13h36.55.308,untitled,,2025.1.1,120.18917727464621,2025-09-30 13h40.53.710155 +0530,
150,v,181,1,45,v,1,0.32161945800180547,None,45,1,181,1,,,,,446.95764108301955,,446.94715041600284,446.95764108301955,447.9453282500035,447.9453282500035,447.9453282500035,447.9453282500035,447.95212779100984,448.94470829100464,448.94470829100464,449.27154495799914,v,1,0.32161945800180547,None,,,,,p1,001,2025-09-30_13h36.55.308,untitled,,2025.1.1,120.18917727464621,2025-09-30 13h40.53.710155 +0530,
50,c,182,2,45,c,1,0.2474349580006674,None,45,2,182,2,,,,,449.2817073750193,,449.27215220802464,449.2817073750193,450.26962741601164,450.26962741601164,450.26962741601164,450.26962741601164,450.27854904101696,451.2708930000081,451.2708930000081,451.5313663330162,c,1,0.2474349580006674,None,,,,,p1,001,2025-09-30_13h36.55.308,untitled,,2025.1.1,120.18917727464621,2025-09-30 13h40.53.710155 +0530,
-150,z,183,3,45,z,1,0.43042983300983906,None,45,3,183,3,,,,,451.54258029101766,,451.53211495801224,451.54258029101766,452.52837820802233,452.52837820802233,452.52837820802233,452.52837820802233,452.53588508302346,453.5289725000039,453.5289725000039,453.96342933300184,z,1,0.43042983300983906,None,,,,,p1,001,2025-09-30_13h36.55.308,untitled,,2025.1.1,120.18917727464621,2025-09-30 13h40.53.710155 +0530,
-50,x,184,0,46,x,1,0.33033108297968283,None,46,0,184,0,,,,,453.97289241600083,,453.96395466601825,453.97289241600083,454.9624480000057,454.9624480000057,454.9624480000057,454.9624480000057,454.97006358302315,455.9619801250228,455.9619801250228,456.296710124996,x,1,0.33033108297968283,None,,,,,p1,001,2025-09-30_13h36.55.308,untitled,,2025.1.1,120.18917727464621,2025-09-30 13h40.53.710155 +0530,
150,v,185,1,46,v,1,0.5517738740018103,None,46,1,185,1,,,,,456.306546125008,,456.29726183300954,456.306546125008,457.2961441250227,457.2961441250227,457.2961441250227,457.2961441250227,457.30309370800387,458.29550437501166,458.29550437501166,458.85501587501494,v,1,0.5517738740018103,None,,,,,p1,001,2025-09-30_13h36.55.308,untitled,,2025.1.1,120.18917727464621,2025-09-30 13h40.53.710155 +0530,
50,c,186,2,46,c,1,0.37221645799581893,None,46,2,186,2,,,,,458.8653091250162,,458.8556838330114,458.8653091250162,459.8531101660046,459.8531101660046,459.8531101660046,459.8531101660046,459.8615365830192,460.85422850001487,460.85422850001487,461.23137079100707,c,1,0.37221645799581893,None,,,,,p1,001,2025-09-30_13h36.55.308,untitled,,2025.1.1,120.18917727464621,2025-09-30 13h40.53.710155 +0530,
-150,z,187,3,46,z,1,0.47281158302212134,None,46,3,187,3,,,,,461.23810120800044,,461.23199033300625,461.23810120800044,462.2294343750109,462.2294343750109,462.2294343750109,462.2294343750109,462.2370166660112,463.2294919580163,463.2294919580163,463.705643541005,z,1,0.47281158302212134,None,,,,,p1,001,2025-09-30_13h36.55.308,untitled,,2025.1.1,120.18917727464621,2025-09-30 13h40.53.710155 +0530,
-50,x,188,0,47,x,1,0.7159436660003848,None,47,0,188,0,,,,,463.7157345000014,,463.7062256660138,463.7157345000014,464.7027608330245,464.7027608330245,464.7027608330245,464.7027608330245,464.71245329102385,465.7043162500195,465.7043162500195,466.4330991250172,x,1,0.7159436660003848,None,,,,,p1,001,2025-09-30_13h36.55.308,untitled,,2025.1.1,120.18917727464621,2025-09-30 13h40.53.710155 +0530,
150,v,189,1,47,v,1,0.5921550409984775,None,47,1,189,1,,,,,466.44868179102195,,466.43460383301135,466.44868179102195,467.4296865000215,467.4296865000215,467.4296865000215,467.4296865000215,467.4458131249994,468.4290782910248,468.4290782910248,469.0306753750192,v,1,0.5921550409984775,None,,,,,p1,001,2025-09-30_13h36.55.308,untitled,,2025.1.1,120.18917727464621,2025-09-30 13h40.53.710155 +0530,
50,c,190,2,47,c,1,0.3245434990094509,None,47,2,190,2,,,,,469.0400775410235,,469.0312854160147,469.0400775410235,470.02943733299617,470.02943733299617,470.02943733299617,470.02943733299617,470.0369596250239,471.02970504100085,471.02970504100085,471.3638755410211,c,1,0.3245434990094509,None,,,,,p1,001,2025-09-30_13h36.55.308,untitled,,2025.1.1,120.18917727464621,2025-09-30 13h40.53.710155 +0530,
-150,z,191,3,47,z,1,0.41474416601704434,None,47,3,191,3,,,,,471.37325862501166,,471.3644212500076,471.37325862501166,472.3630567500077,472.3630567500077,472.3630567500077,472.3630567500077,472.36997945801704,473.35465020799893,473.35465020799893,473.78133525000885,z,1,0.41474416601704434,None,,,,,p1,001,2025-09-30_13h36.55.308,untitled,,2025.1.1,120.18917727464621,2025-09-30 13h40.53.710155 +0530,
-50,x,192,0,48,x,1,0.3732638740038965,None,48,0,192,0,,,,,473.7910633330175,,473.7818954999966,473.7910633330175,474.77935458300635,474.77935458300635,474.77935458300635,474.77935458300635,474.7874034580018,475.7791582909995,475.7791582909995,476.1549220830202,x,1,0.3732638740038965,None,,,,,p1,001,2025-09-30_13h36.55.308,untitled,,2025.1.1,120.18917727464621,2025-09-30 13h40.53.710155 +0530,
150,v,193,1,48,v,1,0.3637331659847405,None,48,1,193,1,,,,,476.18020108301425,,476.1553479160066,476.18020108301425,477.15448295802344,477.15448295802344,477.15448295802344,477.15448295802344,477.19676683301805,478.163544458017,478.163544458017,478.5307385000051,v,1,0.3637331659847405,None,,,,,p1,001,2025-09-30_13h36.55.308,untitled,,2025.1.1,120.18917727464621,2025-09-30 13h40.53.710155 +0530,
50,c,194,2,48,c,1,0.3049466240045149,None,48,2,194,2,,,,,478.5414642080141,,478.5313653330086,478.5414642080141,479.5299501249974,479.5299501249974,479.5299501249974,479.5299501249974,479.53678741600015,480.5303931660019,480.5303931660019,480.83779425002285,c,1,0.3049466240045149,None,,,,,p1,001,2025-09-30_13h36.55.308,untitled,,2025.1.1,120.18917727464621,2025-09-30 13h40.53.710155 +0530,
-150,z,195,3,48,z,1,0.6922750830126461,None,48,3,195,3,,,,,480.8634484579961,,480.8383252080239,480.8634484579961,481.8299018329999,481.8299018329999,481.8299018329999,481.8299018329999,481.8534334160213,482.8469220830011,482.8469220830011,483.54755283301347,z,1,0.6922750830126461,None,,,,,p1,001,2025-09-30_13h36.55.308,untitled,,2025.1.1,120.18917727464621,2025-09-30 13h40.53.710155 +0530,
-50,x,196,0,49,x,1,0.35781749899615534,None,49,0,196,0,,,,,483.55727345802006,,483.54822145801154,483.55727345802006,484.54658179101534,484.54658179101534,484.54658179101534,484.54658179101534,484.55367483300506,485.5465987500211,485.5465987500211,485.91415191601845,x,1,0.35781749899615534,None,,,,,p1,001,2025-09-30_13h36.55.308,untitled,,2025.1.1,120.18917727464621,2025-09-30 13h40.53.710155 +0530,
150,v,197,1,49,v,1,0.3480384990107268,None,49,1,197,1,,,,,485.92512962501496,,485.91477800000575,485.92512962501496,486.91308412500075,486.91308412500075,486.91308412500075,486.91308412500075,486.92109783302294,487.91220870800316,487.91220870800316,488.26345995801967,v,1,0.3480384990107268,None,,,,,p1,001,2025-09-30_13h36.55.308,untitled,,2025.1.1,120.18917727464621,2025-09-30 13h40.53.710155 +0530,
50,c,198,2,49,c,1,0.33173883298877627,None,49,2,198,2,,,,,488.26929629102233,,488.2639030830178,488.26929629102233,489.253584207996,489.253584207996,489.253584207996,489.253584207996,489.2629427500069,490.253870458022,490.253870458022,490.5986159580061,c,1,0.33173883298877627,None,,,,,p1,001,2025-09-30_13h36.55.308,untitled,,2025.1.1,120.18917727464621,2025-09-30 13h40.53.710155 +0530,
-150,z,199,3,49,z,1,1.0478473329858389,None,49,3,199,3,,,,,490.61284462502226,,490.5993332910002,490.61284462502226,491.5962383330043,491.5962383330043,491.5962383330043,491.5962383330043,491.6038439160038,492.59683804100496,492.59683804100496,493.64870033299667,z,1,1.0478473329858389,None,,,,,p1,001,2025-09-30_13h36.55.308,untitled,,2025.1.1,120.18917727464621,2025-09-30 13h40.53.710155 +0530,
-50,x,0,0,0,x,1,0.2828852490056306,None,,,,,0,0,0,0,493.72403395801666,,493.7169148749963,493.72403395801666,494.6463907500147,494.6463907500147,494.6463907500147,494.6463907500147,494.71936666601687,495.6466672910028,495.6466672910028,495.93240358302137,,,,,x,1,0.2828852490056306,None,p1,001,2025-09-30_13h36.55.308,untitled,,2025.1.1,120.18917727464621,2025-09-30 13h40.53.710155 +0530,
-150,z,1,1,0,z,1,0.979863040993223,None,,,,,0,1,1,3,495.94639929101686,,495.93307700002333,495.94639929101686,496.92972079099854,496.92972079099854,496.92972079099854,496.92972079099854,496.9371944160084,497.9297128750186,497.9297128750186,498.9143831249967,,,,,z,1,0.979863040993223,None,p1,001,2025-09-30_13h36.55.308,untitled,,2025.1.1,120.18917727464621,2025-09-30 13h40.53.710155 +0530,
-150,z,2,2,1,z,1,0.6666348739818204,None,,,,,1,2,2,3,498.92413883301197,,498.91494708301616,498.92413883301197,499.91398579100496,499.91398579100496,499.91398579100496,499.91398579100496,499.92113870801404,500.9307040410058,500.9307040410058,501.60518008301733,,,,,z,1,0.6666348739818204,None,p1,001,2025-09-30_13h36.55.308,untitled,,2025.1.1,120.18917727464621,2025-09-30 13h40.53.710155 +0530,
-50,x,3,3,1,x,1,0.5773947909765411,None,,,,,1,3,3,0,501.6160375830077,,501.6057539580215,501.6160375830077,502.60418737502187,502.60418737502187,502.60418737502187,502.60418737502187,502.61312541601365,503.61400354100624,503.61400354100624,504.19800241600024,,,,,x,1,0.5773947909765411,None,p1,001,2025-09-30_13h36.55.308,untitled,,2025.1.1,120.18917727464621,2025-09-30 13h40.53.710155 +0530,
150,v,4,4,0,v,1,1.169318915985059,None,,,,,0,4,4,1,504.21359429100994,,504.19830525,504.21359429100994,505.18801450001774,505.18801450001774,505.18801450001774,505.18801450001774,505.23087737499736,506.1892260830209,506.1892260830209,507.36569554099697,,,,,v,1,1.169318915985059,None,p1,001,2025-09-30_13h36.55.308,untitled,,2025.1.1,120.18917727464621,2025-09-30 13h40.53.710155 +0530,
150,v,5,5,1,v,1,0.5241324579983484,None,,,,,1,5,5,1,507.3798782910162,,507.3667260000075,507.3798782910162,508.3810978330148,508.3810978330148,508.3810978330148,508.3810978330148,508.3810978330148,509.3633240830095,509.3633240830095,509.89761854099925,,,,,v,1,0.5241324579983484,None,p1,001,2025-09-30_13h36.55.308,untitled,,2025.1.1,120.18917727464621,2025-09-30 13h40.53.710155 +0530,
-50,x,6,6,2,x,1,0.4935582489997614,None,,,,,2,6,6,0,509.90722241601907,,509.8981871250144,509.90722241601907,510.88863012500224,510.88863012500224,510.88863012500224,510.88863012500224,510.9309530000028,511.8877085830027,511.8877085830027,512.3888559580082,,,,,x,1,0.4935582489997614,None,p1,001,2025-09-30_13h36.55.308,untitled,,2025.1.1,120.18917727464621,2025-09-30 13h40.53.710155 +0530,
50,c,7,7,0,c,1,0.41780995702720247,None,,,,,0,7,7,2,512.3998742499971,,512.389341208007,512.3998742499971,513.3883717080171,513.3883717080171,513.3883717080171,513.3883717080171,513.4142432080116,514.397727833013,514.397727833013,514.8215117500222,,,,,c,1,0.41780995702720247,None,p1,001,2025-09-30_13h36.55.308,untitled,,2025.1.1,120.18917727464621,2025-09-30 13h40.53.710155 +0530,
150,v,8,8,2,v,1,0.5013099579955451,None,,,,,2,8,8,1,514.8305898749968,,514.8219757910119,514.8305898749968,515.8216929580085,515.8216929580085,515.8216929580085,515.8216929580085,515.8216929580085,516.8141573330213,516.8141573330213,517.3217850410147,,,,,v,1,0.5013099579955451,None,p1,001,2025-09-30_13h36.55.308,untitled,,2025.1.1,120.18917727464621,2025-09-30 13h40.53.710155 +0530,
150,v,9,9,3,v,1,0.48527233200729825,None,,,,,3,9,9,1,517.3470888750162,,517.3222292910214,517.3470888750162,518.3142532909987,518.3142532909987,518.3142532909987,518.3142532909987,518.3378437080246,519.3220970410039,519.3220970410039,519.8151035410119,,,,,v,1,0.48527233200729825,None,p1,001,2025-09-30_13h36.55.308,untitled,,2025.1.1,120.18917727464621,2025-09-30 13h40.53.710155 +0530,
-50,x,10,10,3,x,1,0.71684704098152,None,,,,,3,10,10,0,519.82641912502,,519.8156311250059,519.82641912502,520.8312500410248,520.8312500410248,520.8312500410248,520.8312500410248,520.8312500410248,521.8135974580073,521.8135974580073,522.5400849580183,,,,,x,1,0.71684704098152,None,p1,001,2025-09-30_13h36.55.308,untitled,,2025.1.1,120.18917727464621,2025-09-30 13h40.53.710155 +0530,
-50,x,11,11,4,x,1,0.5533891659870278,None,,,,,4,11,11,0,522.5496001249994,,522.5406789999979,522.5496001249994,523.5380335829977,523.5380335829977,523.5380335829977,523.5380335829977,523.5644585000118,524.5389874160173,524.5389874160173,525.097932625009,,,,,x,1,0.5533891659870278,None,p1,001,2025-09-30_13h36.55.308,untitled,,2025.1.1,120.18917727464621,2025-09-30 13h40.53.710155 +0530,
150,v,12,12,4,v,1,0.5046112909913063,None,,,,,4,12,12,1,525.1049675410031,,525.0985017080093,525.1049675410031,526.0881942500127,526.0881942500127,526.0881942500127,526.0881942500127,526.0966670830094,527.1148169579974,527.1148169579974,527.6217071250139,,,,,v,1,0.5046112909913063,None,p1,001,2025-09-30_13h36.55.308,untitled,,2025.1.1,120.18917727464621,2025-09-30 13h40.53.710155 +0530,
50,c,13,13,1,c,1,0.5542484580073506,None,,,,,1,13,13,2,527.6312932080182,,527.6222326660063,527.6312932080182,528.6139274160087,528.6139274160087,528.6139274160087,528.6139274160087,528.6211854160065,529.6140619160142,529.6140619160142,530.1747209580208,,,,,c,1,0.5542484580073506,None,p1,001,2025-09-30_13h36.55.308,untitled,,2025.1.1,120.18917727464621,2025-09-30 13h40.53.710155 +0530,
150,v,14,14,5,v,1,0.528282457991736,None,,,,,5,14,14,1,530.1843320000044,,530.1755387910234,530.1843320000044,531.1814280830149,531.1814280830149,531.1814280830149,531.1814280830149,531.1983480830095,532.1710426660138,532.1710426660138,532.7178270410222,,,,,v,1,0.528282457991736,None,p1,001,2025-09-30_13h36.55.308,untitled,,2025.1.1,120.18917727464621,2025-09-30 13h40.53.710155 +0530,
-50,x,15,15,5,x,1,0.6615937080059666,None,,,,,5,15,15,0,532.7344347500184,,532.7201830830018,532.7344347500184,533.7321185409965,533.7321185409965,533.7321185409965,533.7321185409965,533.7488665000128,534.7139361250156,534.7139361250156,535.3817600830225,,,,,x,1,0.6615937080059666,None,p1,001,2025-09-30_13h36.55.308,untitled,,2025.1.1,120.18917727464621,2025-09-30 13h40.53.710155 +0530,
-50,x,16,16,6,x,1,0.6045542070060037,None,,,,,6,16,16,0,535.3888075830182,,535.3820047080226,535.3888075830182,536.3815951660217,536.3815951660217,536.3815951660217,536.3815951660217,536.3983445409976,537.3720437910233,537.3720437910233,537.9826779580035,,,,,x,1,0.6045542070060037,None,p1,001,2025-09-30_13h36.55.308,untitled,,2025.1.1,120.18917727464621,2025-09-30 13h40.53.710155 +0530,
150,v,17,17,6,v,1,0.5463824569887947,None,,,,,6,17,17,1,537.9979697500239,,537.9831242910004,537.9979697500239,538.9983519579982,538.9983519579982,538.9983519579982,538.9983519579982,538.9983519579982,539.9980148750183,539.9980148750183,540.5492363329977,,,,,v,1,0.5463824569887947,None,p1,001,2025-09-30_13h36.55.308,untitled,,2025.1.1,120.18917727464621,2025-09-30 13h40.53.710155 +0530,
50,c,18,18,2,c,1,0.600537541002268,None,,,,,2,18,18,2,540.5599745830114,,540.5500437500014,540.5599745830114,541.5655424160068,541.5655424160068,541.5655424160068,541.5655424160068,541.5655424160068,542.5649707080156,542.5649707080156,543.1832633330196,,,,,c,1,0.600537541002268,None,p1,001,2025-09-30_13h36.55.308,untitled,,2025.1.1,120.18917727464621,2025-09-30 13h40.53.710155 +0530,
-50,x,19,19,7,x,1,0.5481042909959797,None,,,,,7,19,19,0,543.1976903750037,,543.1838352500054,543.1976903750037,544.1817470829992,544.1817470829992,544.1817470829992,544.1817470829992,544.1895510409959,545.1983665830048,545.1983665830048,545.7487201660115,,,,,x,1,0.5481042909959797,None,p1,001,2025-09-30_13h36.55.308,untitled,,2025.1.1,120.18917727464621,2025-09-30 13h40.53.710155 +0530,
-50,x,20,20,8,x,1,0.6929993749945424,None,,,,,8,20,20,0,545.7562368329964,,545.7489597910026,545.7562368329964,546.7483423330123,546.7483423330123,546.7483423330123,546.7483423330123,546.7650721250102,547.7483313330158,547.7483313330158,548.4503744160174,,,,,x,1,0.6929993749945424,None,p1,001,2025-09-30_13h36.55.308,untitled,,2025.1.1,120.18917727464621,2025-09-30 13h40.53.710155 +0530,
-50,x,21,21,9,x,1,0.48840549899614416,None,,,,,9,21,21,0,548.4645818330173,,548.4509595000127,548.4645818330173,549.4649718330184,549.4649718330184,549.4649718330184,549.4649718330184,549.4649718330184,550.44803650002,550.44803650002,550.9398688750225,,,,,x,1,0.48840549899614416,None,p1,001,2025-09-30_13h36.55.308,untitled,,2025.1.1,120.18917727464621,2025-09-30 13h40.53.710155 +0530,
50,c,22,22,3,c,1,0.502293166005984,None,,,,,3,22,22,2,550.9502917080245,,550.9404937910149,550.9502917080245,551.9481295830046,551.9481295830046,551.9481295830046,551.9481295830046,551.9553784160234,552.9482051660016,552.9482051660016,553.4662847080035,,,,,c,1,0.502293166005984,None,p1,001,2025-09-30_13h36.55.308,untitled,,2025.1.1,120.18917727464621,2025-09-30 13h40.53.710155 +0530,
-50,x,23,23,10,x,1,0.48449174902634695,None,,,,,10,23,23,0,553.4811554159969,,553.4671450830065,553.4811554159969,554.4657009580114,554.4657009580114,554.4657009580114,554.4657009580114,554.4817817910225,555.4818064580031,555.4818064580031,555.9833532909979,,,,,x,1,0.48449174902634695,None,p1,001,2025-09-30_13h36.55.308,untitled,,2025.1.1,120.18917727464621,2025-09-30 13h40.53.710155 +0530,
-50,x,24,24,11,x,1,0.6168122499948367,None,,,,,11,24,24,0,555.9908293750195,,555.9838332500076,555.9908293750195,556.998406166007,556.998406166007,556.998406166007,556.998406166007,556.998406166007,557.9984880410193,557.9984880410193,558.6243523330195,,,,,x,1,0.6168122499948367,None,p1,001,2025-09-30_13h36.55.308,untitled,,2025.1.1,120.18917727464621,2025-09-30 13h40.53.710155 +0530,
150,v,25,25,7,v,1,0.5581576660042629,None,,,,,7,25,25,1,558.6348295409989,,558.625051916024,558.6348295409989,559.6325152080099,559.6325152080099,559.6325152080099,559.6325152080099,559.6489744160208,560.6321652909974,560.6321652909974,561.2005042080127,,,,,v,1,0.5581576660042629,None,p1,001,2025-09-30_13h36.55.308,untitled,,2025.1.1,120.18917727464621,2025-09-30 13h40.53.710155 +0530,
-150,z,26,26,2,z,1,0.4465024569944944,None,,,,,2,26,26,3,561.2149575829972,,561.2011931250163,561.2149575829972,562.2058340000222,562.2058340000222,562.2058340000222,562.2058340000222,562.2058340000222,563.1980194160133,563.1980194160133,563.6494341250218,,,,,z,1,0.4465024569944944,None,p1,001,2025-09-30_13h36.55.308,untitled,,2025.1.1,120.18917727464621,2025-09-30 13h40.53.710155 +0530,
150,v,27,27,8,v,1,0.5194292079831939,None,,,,,8,27,27,1,563.6604503330018,,563.6500312910066,563.6604503330018,564.6397953749984,564.6397953749984,564.6397953749984,564.6397953749984,564.6563325830211,565.6479741660005,565.6479741660005,566.1838179159968,,,,,v,1,0.5194292079831939,None,p1,001,2025-09-30_13h36.55.308,untitled,,2025.1.1,120.18917727464621,2025-09-30 13h40.53.710155 +0530,
50,c,28,28,4,c,1,0.8513028750021476,None,,,,,4,28,28,2,566.195933208015,,566.1844074999972,566.195933208015,567.181260250014,567.181260250014,567.181260250014,567.181260250014,567.1894990830042,568.1991262910014,568.1991262910014,569.0677809580229,,,,,c,1,0.8513028750021476,None,p1,001,2025-09-30_13h36.55.308,untitled,,2025.1.1,120.18917727464621,2025-09-30 13h40.53.710155 +0530,
-50,x,29,29,12,x,1,0.4299284160078969,None,,,,,12,29,29,0,569.0988663750177,,569.0684875830193,569.0988663750177,570.0825580410019,570.0825580410019,570.0825580410019,570.0825580410019,570.0991510410095,571.0824768330203,571.0824768330203,571.5161875000049,,,,,x,1,0.4299284160078969,None,p1,001,2025-09-30_13h36.55.308,untitled,,2025.1.1,120.18917727464621,2025-09-30 13h40.53.710155 +0530,
50,c,30,30,5,c,1,0.4464543740032241,None,,,,,5,30,30,2,571.5258221660042,,571.5167501250107,571.5258221660042,572.5155985830061,572.5155985830061,572.5155985830061,572.5155985830061,572.5229372080066,573.5159710830194,573.5159710830194,573.9668349999993,,,,,c,1,0.4464543740032241,None,p1,001,2025-09-30_13h36.55.308,untitled,,2025.1.1,120.18917727464621,2025-09-30 13h40.53.710155 +0530,
-150,z,31,31,3,z,1,0.5757557080069091,None,,,,,3,31,31,3,573.9746709580068,,573.9673109580181,573.9746709580068,574.9837385830178,574.9837385830178,574.9837385830178,574.9837385830178,574.9837385830178,575.9826532910229,575.9826532910229,576.5676966659958,,,,,z,1,0.5757557080069091,None,p1,001,2025-09-30_13h36.55.308,untitled,,2025.1.1,120.18917727464621,2025-09-30 13h40.53.710155 +0530,
-150,z,32,32,4,z,1,0.6056217500008643,None,,,,,4,32,32,3,576.5816059580247,,576.568342500017,576.5816059580247,577.5830114580167,577.5830114580167,577.5830114580167,577.5830114580167,577.5830114580167,578.5828592500184,578.5828592500184,579.199553583021,,,,,z,1,0.6056217500008643,None,p1,001,2025-09-30_13h36.55.308,untitled,,2025.1.1,120.18917727464621,2025-09-30 13h40.53.710155 +0530,
-50,x,33,33,13,x,1,0.5485465000092518,None,,,,,13,33,33,0,579.2094144160219,,579.2001506660017,579.2094144160219,580.1993129159964,580.1993129159964,580.1993129159964,580.1993129159964,580.2162492080242,581.1989104160166,581.1989104160166,581.7498682080186,,,,,x,1,0.5485465000092518,None,p1,001,2025-09-30_13h36.55.308,untitled,,2025.1.1,120.18917727464621,2025-09-30 13h40.53.710155 +0530,
-50,x,34,34,14,x,1,0.6013909989851527,None,,,,,14,34,34,0,581.7595375410165,,581.7504817500012,581.7595375410165,582.7495946249983,582.7495946249983,582.7495946249983,582.7495946249983,582.7661734580179,583.748927083012,583.748927083012,584.3579732080107,,,,,x,1,0.6013909989851527,None,p1,001,2025-09-30_13h36.55.308,untitled,,2025.1.1,120.18917727464621,2025-09-30 13h40.53.710155 +0530,
50,c,35,35,6,c,1,0.5707047499890905,None,,,,,6,35,35,2,584.3683156250045,,584.3584641659982,584.3683156250045,585.366383540997,585.366383540997,585.366383540997,585.366383540997,585.3826773750188,586.3657157499983,586.3657157499983,586.9408726250113,,,,,c,1,0.5707047499890905,None,p1,001,2025-09-30_13h36.55.308,untitled,,2025.1.1,120.18917727464621,2025-09-30 13h40.53.710155 +0530,
150,v,36,36,9,v,1,0.45281041602720506,None,,,,,9,36,36,1,586.9516356250097,,586.9414342500095,586.9516356250097,587.9494784160051,587.9494784160051,587.9494784160051,587.9494784160051,587.9657515410217,588.94956787501,588.94956787501,589.4068559160223,,,,,v,1,0.45281041602720506,None,p1,001,2025-09-30_13h36.55.308,untitled,,2025.1.1,120.18917727464621,2025-09-30 13h40.53.710155 +0530,
150,v,37,37,10,v,1,0.5659485409851186,None,,,,,10,37,37,1,589.4324790830142,,589.4074173750123,589.4324790830142,590.4162075000058,590.4162075000058,590.4162075000058,590.4162075000058,590.4328535000095,591.4163609160169,591.4163609160169,591.9905296250072,,,,,v,1,0.5659485409851186,None,p1,001,2025-09-30_13h36.55.308,untitled,,2025.1.1,120.18917727464621,2025-09-30 13h40.53.710155 +0530,
50,c,38,38,7,c,1,0.7321258329902776,None,,,,,7,38,38,2,592.015887208021,,591.9910999160202,592.015887208021,592.999862208002,592.999862208002,592.999862208002,592.999862208002,593.0162450410135,593.9892042500142,593.9892042500142,594.7372909999976,,,,,c,1,0.7321258329902776,None,p1,001,2025-09-30_13h36.55.308,untitled,,2025.1.1,120.18917727464621,2025-09-30 13h40.53.710155 +0530,
50,c,39,39,8,v,0,0.6079916659800801,None,,,,,8,39,39,2,594.7489724580082,,594.7378176250204,594.7489724580082,595.7496619580197,595.7496619580197,595.7496619580197,595.7496619580197,595.7496619580197,596.7314322910097,596.7314322910097,597.3529487909982,,,,,v,0,0.6079916659800801,None,p1,001,2025-09-30_13h36.55.308,untitled,,2025.1.1,120.18917727464621,2025-09-30 13h40.53.710155 +0530,
-50,x,40,40,15,x,1,0.8702205829904415,None,,,,,15,40,40,0,597.371401958022,,597.3546704160108,597.371401958022,598.3663121660065,598.3663121660065,598.3663121660065,598.3663121660065,598.3830745000159,599.366165000014,599.366165000014,600.251151916018,,,,,x,1,0.8702205829904415,None,p1,001,2025-09-30_13h36.55.308,untitled,,2025.1.1,120.18917727464621,2025-09-30 13h40.53.710155 +0530,
-150,z,41,41,5,z,1,0.7468499160022475,None,,,,,5,41,41,3,600.2651635000075,,600.2517777080066,600.2651635000075,601.2665580830071,601.2665580830071,601.2665580830071,601.2665580830071,601.2665580830071,602.2666297499964,602.2666297499964,603.0180152080138,,,,,z,1,0.7468499160022475,None,p1,001,2025-09-30_13h36.55.308,untitled,,2025.1.1,120.18917727464621,2025-09-30 13h40.53.710155 +0530,
-50,x,42,42,16,x,1,0.5922474990074988,None,,,,,16,42,42,0,603.0323213750089,,603.0186327910051,603.0323213750089,604.033191333001,604.033191333001,604.033191333001,604.033191333001,604.033191333001,605.0330193749978,605.0330193749978,605.632427583012,,,,,x,1,0.5922474990074988,None,p1,001,2025-09-30_13h36.55.308,untitled,,2025.1.1,120.18917727464621,2025-09-30 13h40.53.710155 +0530,
-50,x,43,43,17,x,1,0.5019004989881068,None,,,,,17,43,43,0,605.6404705000168,,605.632701333001,605.6404705000168,606.6232780000137,606.6232780000137,606.6232780000137,606.6232780000137,606.6321544160019,607.6244587080146,607.6244587080146,608.1387684580113,,,,,x,1,0.5019004989881068,None,p1,001,2025-09-30_13h36.55.308,untitled,,2025.1.1,120.18917727464621,2025-09-30 13h40.53.710155 +0530,
-150,z,44,44,6,z,1,0.7314440830086824,None,,,,,6,44,44,3,608.148777416005,,608.1392355000135,608.148777416005,609.1323532079987,609.1323532079987,609.1323532079987,609.1323532079987,609.1391908750229,610.1500298330211,610.1500298330211,610.901045208011,,,,,z,1,0.7314440830086824,None,p1,001,2025-09-30_13h36.55.308,untitled,,2025.1.1,120.18917727464621,2025-09-30 13h40.53.710155 +0530,
150,v,45,45,11,v,1,0.3378964159928728,None,,,,,11,45,45,1,610.9157945000043,,610.9017846250208,610.9157945000043,611.8992391250213,611.8992391250213,611.8992391250213,611.8992391250213,611.9061124580039,612.8995344580035,612.8995344580035,613.2409068330016,,,,,v,1,0.3378964159928728,None,p1,001,2025-09-30_13h36.55.308,untitled,,2025.1.1,120.18917727464621,2025-09-30 13h40.53.710155 +0530,
-150,z,46,46,7,z,1,0.614472665998619,None,,,,,7,46,46,3,613.2522495000158,,613.2415076660109,613.2522495000158,614.2501311250089,614.2501311250089,614.2501311250089,614.2501311250089,614.266817583004,615.2499709580152,615.2499709580152,615.86789545801,,,,,z,1,0.614472665998619,None,p1,001,2025-09-30_13h36.55.308,untitled,,2025.1.1,120.18917727464621,2025-09-30 13h40.53.710155 +0530,
-150,z,47,47,8,z,1,0.610972999013029,None,,,,,8,47,47,3,615.8826460830169,,615.8685636660084,615.8826460830169,616.8835325000109,616.8835325000109,616.8835325000109,616.8835325000109,616.8835325000109,617.865572166018,617.865572166018,618.5010702080035,,,,,z,1,0.610972999013029,None,p1,001,2025-09-30_13h36.55.308,untitled,,2025.1.1,120.18917727464621,2025-09-30 13h40.53.710155 +0530,
150,v,48,48,12,v,1,0.4141140409919899,None,,,,,12,48,48,1,618.5161721660115,,618.5017800409987,618.5161721660115,619.5168461250141,619.5168461250141,619.5168461250141,619.5168461250141,619.5168461250141,620.5002986250038,620.5002986250038,620.9171769999957,,,,,v,1,0.4141140409919899,None,p1,001,2025-09-30_13h36.55.308,untitled,,2025.1.1,120.18917727464621,2025-09-30 13h40.53.710155 +0530,
50,c,49,49,9,c,1,0.9894626660097856,None,,,,,9,49,49,2,620.9265714159992,,620.9177844579972,620.9265714159992,621.9154621250054,621.9154621250054,621.9154621250054,621.9154621250054,621.9232485000102,622.908991083008,622.908991083008,623.9007565829961,,,,,c,1,0.9894626660097856,None,p1,001,2025-09-30_13h36.55.308,untitled,,2025.1.1,120.18917727464621,2025-09-30 13h40.53.710155 +0530,
50,c,50,50,10,c,1,0.5533398329862393,None,,,,,10,50,50,2,623.911949500005,,623.901386750018,623.911949500005,624.8992893749964,624.8992893749964,624.8992893749964,624.8992893749964,624.9057150830049,625.8991261660121,625.8991261660121,626.4572822080227,,,,,c,1,0.5533398329862393,None,p1,001,2025-09-30_13h36.55.308,untitled,,2025.1.1,120.18917727464621,2025-09-30 13h40.53.710155 +0530,
-150,z,51,51,9,z,1,0.5740984999865759,None,,,,,9,51,51,3,626.4827515830111,,626.4577542080078,626.4827515830111,627.4568428750208,627.4568428750208,627.4568428750208,627.4568428750208,627.4729778750043,628.4492903330247,628.4492903330247,629.0340322499978,,,,,z,1,0.5740984999865759,None,p1,001,2025-09-30_13h36.55.308,untitled,,2025.1.1,120.18917727464621,2025-09-30 13h40.53.710155 +0530,
150,v,52,52,13,v,1,0.5974221659998875,None,,,,,13,52,52,1,629.0432493330154,,629.0346309160232,629.0432493330154,630.0335139160161,630.0335139160161,630.0335139160161,630.0335139160161,630.040216791007,631.0321253330039,631.0321253330039,631.6336934580177,,,,,v,1,0.5974221659998875,None,p1,001,2025-09-30_13h36.55.308,untitled,,2025.1.1,120.18917727464621,2025-09-30 13h40.53.710155 +0530,
-150,z,53,53,10,z,1,0.5958924570004456,None,,,,,10,53,53,3,631.640876874997,,631.6342557500175,631.640876874997,632.6237094160169,632.6237094160169,632.6237094160169,632.6237094160169,632.6331120830146,633.6335838329978,633.6335838329978,634.2340475410165,,,,,z,1,0.5958924570004456,None,p1,001,2025-09-30_13h36.55.308,untitled,,2025.1.1,120.18917727464621,2025-09-30 13h40.53.710155 +0530,
-150,z,54,54,11,z,1,0.5350727070181165,None,,,,,11,54,54,3,634.245908041019,,634.2346186659997,634.245908041019,635.2327703750052,635.2327703750052,635.2327703750052,635.2327703750052,635.2401972080115,636.2502079160186,636.2502079160186,636.7930593750207,,,,,z,1,0.5350727070181165,None,p1,001,2025-09-30_13h36.55.308,untitled,,2025.1.1,120.18917727464621,2025-09-30 13h40.53.710155 +0530,
-50,x,55,55,18,x,1,0.6101080410007853,None,,,,,18,55,55,0,636.8028949580039,,636.7935499580053,636.8028949580039,637.8004854580213,637.8004854580213,637.8004854580213,637.8004854580213,637.8172070830187,638.7901545409986,638.7901545409986,639.4090629999992,,,,,x,1,0.6101080410007853,None,p1,001,2025-09-30_13h36.55.308,untitled,,2025.1.1,120.18917727464621,2025-09-30 13h40.53.710155 +0530,
-50,x,56,56,19,x,1,0.44294312500278465,None,,,,,19,56,56,0,639.4194792080089,,639.4096394160006,639.4194792080089,640.4172948330233,640.4172948330233,640.4172948330233,640.4172948330233,640.4339887080132,641.4074238750036,641.4074238750036,641.8520710830053,,,,,x,1,0.44294312500278465,None,p1,001,2025-09-30_13h36.55.308,untitled,,2025.1.1,120.18917727464621,2025-09-30 13h40.53.710155 +0530,
-50,x,57,57,20,x,1,0.5421318330045324,None,,,,,20,57,57,0,641.8644387910026,,641.8527442500053,641.8644387910026,642.8500733750116,642.8500733750116,642.8500733750116,642.8500733750116,642.8575941660092,643.8501198750164,643.8501198750164,644.400443874998,,,,,x,1,0.5421318330045324,None,p1,001,2025-09-30_13h36.55.308,untitled,,2025.1.1,120.18917727464621,2025-09-30 13h40.53.710155 +0530,
-50,x,58,58,21,x,1,0.50708566600224,None,,,,,21,58,58,0,644.409468916012,,644.4009636249975,644.409468916012,645.4006746250088,645.4006746250088,645.4006746250088,645.4006746250088,645.4172088750056,646.4173694580095,646.4173694580095,646.9344653750013,,,,,x,1,0.50708566600224,None,p1,001,2025-09-30_13h36.55.308,untitled,,2025.1.1,120.18917727464621,2025-09-30 13h40.53.710155 +0530,
-150,z,59,59,12,z,1,0.6199424579972401,None,,,,,12,59,59,3,646.9445567910152,,646.9351695830119,646.9445567910152,647.9332064159971,647.9332064159971,647.9332064159971,647.9332064159971,647.9404375000158,648.9334203330218,648.9334203330218,649.5582774160139,,,,,z,1,0.6199424579972401,None,p1,001,2025-09-30_13h36.55.308,untitled,,2025.1.1,120.18917727464621,2025-09-30 13h40.53.710155 +0530,
-150,z,60,60,13,z,1,0.6430204159987625,None,,,,,13,60,60,3,649.5832855830085,,649.5587144160236,649.5832855830085,650.5497300830029,650.5497300830029,650.5497300830029,650.5497300830029,650.5733300830179,651.5673045410076,651.5673045410076,652.2188902500202,,,,,z,1,0.6430204159987625,None,p1,001,2025-09-30_13h36.55.308,untitled,,2025.1.1,120.18917727464621,2025-09-30 13h40.53.710155 +0530,
-150,z,61,61,14,z,1,0.44859012501547113,None,,,,,14,61,61,3,652.2335002910113,,652.219470208016,652.2335002910113,653.2344132500002,653.2344132500002,653.2344132500002,653.2344132500002,653.2344132500002,654.2249623750104,654.2249623750104,654.6851583750104,,,,,z,1,0.44859012501547113,None,p1,001,2025-09-30_13h36.55.308,untitled,,2025.1.1,120.18917727464621,2025-09-30 13h40.53.710155 +0530,
-150,z,62,62,15,z,1,0.3321965830109548,None,,,,,15,62,62,3,654.6997277910123,,654.6857749580231,654.6997277910123,655.6833022909996,655.6833022909996,655.6833022909996,655.6833022909996,655.6910081250244,656.6931237080134,656.6931237080134,657.0343098750163,,,,,z,1,0.3321965830109548,None,p1,001,2025-09-30_13h36.55.308,untitled,,2025.1.1,120.18917727464621,2025-09-30 13h40.53.710155 +0530,
50,c,63,63,11,c,1,0.5190330409968738,None,,,,,11,63,63,2,657.0440351660072,,657.0348579580022,657.0440351660072,658.0244849580049,658.0244849580049,658.0244849580049,658.0244849580049,658.0401535410201,659.0333592500247,659.0333592500247,659.5589469580154,,,,,c,1,0.5190330409968738,None,p1,001,2025-09-30_13h36.55.308,untitled,,2025.1.1,120.18917727464621,2025-09-30 13h40.53.710155 +0530,
-50,x,64,64,22,x,1,0.4634397909976542,None,,,,,22,64,64,0,659.5702459160239,,659.5594842080027,659.5702459160239,660.5579465830233,660.5579465830233,660.5579465830233,660.5579465830233,660.5661386249994,661.5579142080096,661.5579142080096,662.0260690410214,,,,,x,1,0.4634397909976542,None,p1,001,2025-09-30_13h36.55.308,untitled,,2025.1.1,120.18917727464621,2025-09-30 13h40.53.710155 +0530,
50,c,65,65,12,c,1,0.5322418329888023,None,,,,,12,65,65,2,662.0501981250127,,662.0265590409981,662.0501981250127,663.0344858750177,663.0344858750177,663.0344858750177,663.0344858750177,663.0512313329964,664.0342346660036,664.0342346660036,664.5694327910023,,,,,c,1,0.5322418329888023,None,p1,001,2025-09-30_13h36.55.308,untitled,,2025.1.1,120.18917727464621,2025-09-30 13h40.53.710155 +0530,
-150,z,66,66,16,z,1,0.7228439580067061,None,,,,,16,66,66,3,664.5835476659995,,664.5701191250118,664.5835476659995,665.5846597080235,665.5846597080235,665.5846597080235,665.5846597080235,665.5846597080235,666.5845143750194,666.5845143750194,667.3193747080222,,,,,z,1,0.7228439580067061,None,p1,001,2025-09-30_13h36.55.308,untitled,,2025.1.1,120.18917727464621,2025-09-30 13h40.53.710155 +0530,
-150,z,67,67,17,z,1,0.6633664989785757,None,,,,,17,67,67,3,667.330040041008,,667.3200782909989,667.330040041008,668.3345559160225,668.3345559160225,668.3345559160225,668.3345559160225,668.3345559160225,669.3340871660039,669.3340871660039,670.0029820410127,,,,,z,1,0.6633664989785757,None,p1,001,2025-09-30_13h36.55.308,untitled,,2025.1.1,120.18917727464621,2025-09-30 13h40.53.710155 +0530,
150,v,68,68,14,v,1,0.6625320409948472,None,,,,,14,68,68,1,670.0170085830032,,670.0036157499999,670.0170085830032,671.0181292080088,671.0181292080088,671.0181292080088,671.0181292080088,671.0181292080088,672.0099146249995,672.0099146249995,672.6748315410223,,,,,v,1,0.6625320409948472,None,p1,001,2025-09-30_13h36.55.308,untitled,,2025.1.1,120.18917727464621,2025-09-30 13h40.53.710155 +0530,
150,v,69,69,15,v,1,0.5717704990238417,None,,,,,15,69,69,1,672.6840152910154,,672.6752749160223,672.6840152910154,673.6848608750151,673.6848608750151,673.6848608750151,673.6848608750151,673.6848608750151,674.6846185830072,674.6846185830072,675.2695625830092,,,,,v,1,0.5717704990238417,None,p1,001,2025-09-30_13h36.55.308,untitled,,2025.1.1,120.18917727464621,2025-09-30 13h40.53.710155 +0530,
50,c,70,70,13,c,1,0.775469123997027,None,,,,,13,70,70,2,675.2835945830157,,675.2702542500047,675.2835945830157,676.2671344580012,676.2671344580012,676.2671344580012,676.2671344580012,676.2753726250085,677.2847195829963,677.2847195829963,678.0683193330187,,,,,c,1,0.775469123997027,None,p1,001,2025-09-30_13h36.55.308,untitled,,2025.1.1,120.18917727464621,2025-09-30 13h40.53.710155 +0530,
50,c,71,71,14,c,1,0.8002975410199724,None,,,,,14,71,71,2,678.0772668750142,,678.0688178749988,678.0772668750142,679.0671893749968,679.0671893749968,679.0671893749968,679.0671893749968,679.074088666006,680.0680199580092,680.0680199580092,680.8862137910037,,,,,c,1,0.8002975410199724,None,p1,001,2025-09-30_13h36.55.308,untitled,,2025.1.1,120.18917727464621,2025-09-30 13h40.53.710155 +0530,
50,c,72,72,15,c,1,0.6109853319940157,None,,,,,15,72,72,2,680.8964429580083,,680.8868091250188,680.8964429580083,681.9015315830184,681.9015315830184,681.9015315830184,681.9015315830184,681.9015315830184,682.9015588330221,682.9015588330221,683.5184529580001,,,,,c,1,0.6109853319940157,None,p1,001,2025-09-30_13h36.55.308,untitled,,2025.1.1,120.18917727464621,2025-09-30 13h40.53.710155 +0530,
50,c,73,73,16,c,1,0.5672757079883013,None,,,,,16,73,73,2,683.5287090830097,,683.519081416016,683.5287090830097,684.5176185410237,684.5176185410237,684.5176185410237,684.5176185410237,684.5239890830126,685.5172069580003,685.5172069580003,686.091544750001,,,,,c,1,0.5672757079883013,None,p1,001,2025-09-30_13h36.55.308,untitled,,2025.1.1,120.18917727464621,2025-09-30 13h40.53.710155 +0530,
-50,x,74,74,23,x,1,0.5503600410011131,None,,,,,23,74,74,0,686.1010475000076,,686.0919866250188,686.1010475000076,687.0837658329983,687.0837658329983,687.0837658329983,687.0837658329983,687.090328500024,688.101114250021,688.101114250021,688.6588675000239,,,,,x,1,0.5503600410011131,None,p1,001,2025-09-30_13h36.55.308,untitled,,2025.1.1,120.18917727464621,2025-09-30 13h40.53.710155 +0530,
50,c,75,75,17,c,1,0.8100588330125902,None,,,,,17,75,75,2,688.6840399159992,,688.6593139580218,688.6840399159992,689.6584669580043,689.6584669580043,689.6584669580043,689.6584669580043,689.6743507080246,690.6683172910125,690.6683172910125,691.4864771249995,,,,,c,1,0.8100588330125902,None,p1,001,2025-09-30_13h36.55.308,untitled,,2025.1.1,120.18917727464621,2025-09-30 13h40.53.710155 +0530,
150,v,76,76,16,v,1,0.5429687909781933,None,,,,,16,76,76,1,691.5010508749983,,691.487060458021,691.5010508749983,692.5015289160074,692.5015289160074,692.5015289160074,692.5015289160074,692.5015289160074,693.4844330410124,693.4844330410124,694.0355012080108,,,,,v,1,0.5429687909781933,None,p1,001,2025-09-30_13h36.55.308,untitled,,2025.1.1,120.18917727464621,2025-09-30 13h40.53.710155 +0530,
150,v,77,77,17,v,1,0.548283915995853,None,,,,,17,77,77,1,694.045135250024,,694.0361002910067,694.045135250024,695.0340677080094,695.0340677080094,695.0340677080094,695.0340677080094,695.0410779160156,696.0341340000159,696.0341340000159,696.5853327500226,,,,,v,1,0.548283915995853,None,p1,001,2025-09-30_13h36.55.308,untitled,,2025.1.1,120.18917727464621,2025-09-30 13h40.53.710155 +0530,
50,c,78,78,18,c,1,0.8727106660080608,None,,,,,18,78,78,2,696.5952945830068,,696.5858612500015,696.5952945830068,697.5842398329987,697.5842398329987,697.5842398329987,697.5842398329987,697.5915860000241,698.5847558750247,698.5847558750247,699.4617069580127,,,,,c,1,0.8727106660080608,None,p1,001,2025-09-30_13h36.55.308,untitled,,2025.1.1,120.18917727464621,2025-09-30 13h40.53.710155 +0530,
50,c,79,79,19,c,1,0.6610607070033439,None,,,,,19,79,79,2,699.4713082910166,,699.4623120000178,699.4713082910166,700.4586219160119,700.4586219160119,700.4586219160119,700.4586219160119,700.4674409160216,701.4604964580212,701.4604964580212,702.1256560830225,,,,,c,1,0.6610607070033439,None,p1,001,2025-09-30_13h36.55.308,untitled,,2025.1.1,120.18917727464621,2025-09-30 13h40.53.710155 +0530,
50,c,80,80,20,c,1,0.5057165830221493,None,,,,,20,80,80,2,702.1516026660101,,702.1263227080053,702.1516026660101,703.1344789580035,703.1344789580035,703.1344789580035,703.1344789580035,703.1397380410053,704.1247565830126,704.1247565830126,704.6355542500096,,,,,c,1,0.5057165830221493,None,p1,001,2025-09-30_13h36.55.308,untitled,,2025.1.1,120.18917727464621,2025-09-30 13h40.53.710155 +0530,
-150,z,81,81,18,z,1,0.7161384990031365,None,,,,,18,81,81,3,704.6457306660013,,704.636137458001,704.6457306660013,705.6342561250203,705.6342561250203,705.6342561250203,705.6342561250203,705.6415067909984,706.6342731250043,706.6342731250043,707.3548305000004,,,,,z,1,0.7161384990031365,None,p1,001,2025-09-30_13h36.55.308,untitled,,2025.1.1,120.18917727464621,2025-09-30 13h40.53.710155 +0530,
-50,x,82,82,24,x,1,0.5961535829992499,None,,,,,24,82,82,0,707.3675786660169,,707.3553667500091,707.3675786660169,708.3514745410066,708.3514745410066,708.3514745410066,708.3514745410066,708.3586608750047,709.3511536250007,709.3511536250007,709.9695495000051,,,,,x,1,0.5961535829992499,None,p1,001,2025-09-30_13h36.55.308,untitled,,2025.1.1,120.18917727464621,2025-09-30 13h40.53.710155 +0530,
150,v,83,83,18,v,1,0.4991745000006631,None,,,,,18,83,83,1,709.9843376250064,,709.9701597079984,709.9843376250064,710.9683301250043,710.9683301250043,710.9683301250043,710.9683301250043,710.975108625018,711.9852405000129,711.9852405000129,712.4923757910146,,,,,v,1,0.4991745000006631,None,p1,001,2025-09-30_13h36.55.308,untitled,,2025.1.1,120.18917727464621,2025-09-30 13h40.53.710155 +0530,
-50,x,84,84,25,x,1,0.44405374900088646,None,,,,,25,84,84,0,712.5015685830149,,712.492929,712.5015685830149,713.4844834580144,713.4844834580144,713.4844834580144,713.4844834580144,713.4909466250101,714.4913308329997,714.4913308329997,714.9534872079967,,,,,x,1,0.44405374900088646,None,p1,001,2025-09-30_13h36.55.308,untitled,,2025.1.1,120.18917727464621,2025-09-30 13h40.53.710155 +0530,
150,v,85,85,19,v,1,0.5493818749964703,None,,,,,19,85,85,1,714.9678867500043,,714.954330291017,714.9678867500043,715.951182165998,715.951182165998,715.951182165998,715.951182165998,715.9581768330245,716.9590635409986,716.9590635409986,717.5186054579972,,,,,v,1,0.5493818749964703,None,p1,001,2025-09-30_13h36.55.308,untitled,,2025.1.1,120.18917727464621,2025-09-30 13h40.53.710155 +0530,
150,v,86,86,20,v,1,0.6267224160255864,None,,,,,20,86,86,1,717.5252577500069,,717.5188208750042,717.5252577500069,718.5100148750062,718.5100148750062,718.5100148750062,718.5100148750062,718.5199167499959,719.5087552909972,719.5087552909972,720.1541776660015,,,,,v,1,0.6267224160255864,None,p1,001,2025-09-30_13h36.55.308,untitled,,2025.1.1,120.18917727464621,2025-09-30 13h40.53.710155 +0530,
150,v,87,87,21,v,1,0.4932103750179522,None,,,,,21,87,87,1,720.1679970830155,,720.1549283750064,720.1679970830155,721.1685751250188,721.1685751250188,721.1685751250188,721.1685751250188,721.1854647910222,722.1685004160099,722.1685004160099,722.670162208,,,,,v,1,0.4932103750179522,None,p1,001,2025-09-30_13h36.55.308,untitled,,2025.1.1,120.18917727464621,2025-09-30 13h40.53.710155 +0530,
-50,x,88,88,26,x,1,0.6633903330075555,None,,,,,26,88,88,0,722.6847351659962,,722.670850458002,722.6847351659962,723.6856828750169,723.6856828750169,723.6856828750169,723.6856828750169,723.6856828750169,724.6680305410118,724.6680305410118,725.3359855000162,,,,,x,1,0.6633903330075555,None,p1,001,2025-09-30_13h36.55.308,untitled,,2025.1.1,120.18917727464621,2025-09-30 13h40.53.710155 +0530,
-50,x,89,89,27,x,1,0.5557430820190348,None,,,,,27,89,89,0,725.3452356659982,,725.3365351250104,725.3452356659982,726.335557708022,726.335557708022,726.335557708022,726.335557708022,726.3428450830106,727.3346913749992,727.3346913749992,727.8931519160105,,,,,x,1,0.5557430820190348,None,p1,001,2025-09-30_13h36.55.308,untitled,,2025.1.1,120.18917727464621,2025-09-30 13h40.53.710155 +0530,
150,v,90,90,22,v,1,0.5736143749963958,None,,,,,22,90,90,1,727.9186473330192,,727.8937250000017,727.9186473330192,728.8933327080158,728.8933327080158,728.8933327080158,728.8933327080158,728.918672166008,729.892741290998,729.892741290998,730.4872918750043,,,,,v,1,0.5736143749963958,None,p1,001,2025-09-30_13h36.55.308,untitled,,2025.1.1,120.18917727464621,2025-09-30 13h40.53.710155 +0530,
-150,z,91,91,19,z,1,0.6767090829962399,None,,,,,19,91,91,3,730.5019194580091,,730.4880004580191,730.5019194580091,731.502419166005,731.502419166005,731.502419166005,731.502419166005,731.502419166005,732.4937376660237,732.4937376660237,733.1763855000027,,,,,z,1,0.6767090829962399,None,p1,001,2025-09-30_13h36.55.308,untitled,,2025.1.1,120.18917727464621,2025-09-30 13h40.53.710155 +0530,
50,c,92,92,21,c,1,0.6589393329923041,None,,,,,21,92,92,2,733.1851993750024,,733.1768294580106,733.1851993750024,734.1762265410216,734.1762265410216,734.1762265410216,734.1762265410216,734.1762265410216,735.1684267500241,735.1684267500241,735.8360118330165,,,,,c,1,0.6589393329923041,None,p1,001,2025-09-30_13h36.55.308,untitled,,2025.1.1,120.18917727464621,2025-09-30 13h40.53.710155 +0530,
50,c,93,93,22,c,1,0.674482374015497,None,,,,,22,93,93,2,735.8453531250125,,735.8364917080035,735.8453531250125,736.8259627500083,736.8259627500083,736.8259627500083,736.8259627500083,736.8691149580118,737.8269748330058,737.8269748330058,738.5102609580208,,,,,c,1,0.674482374015497,None,p1,001,2025-09-30_13h36.55.308,untitled,,2025.1.1,120.18917727464621,2025-09-30 13h40.53.710155 +0530,
50,c,94,94,23,c,1,0.639028123987373,None,,,,,23,94,94,2,738.5216332499986,,738.5108409580134,738.5216332499986,739.5092928330123,739.5092928330123,739.5092928330123,739.5092928330123,739.5182616660022,740.5103668750089,740.5103668750089,741.1526042080077,,,,,c,1,0.639028123987373,None,p1,001,2025-09-30_13h36.55.308,untitled,,2025.1.1,120.18917727464621,2025-09-30 13h40.53.710155 +0530,
150,v,95,95,23,v,1,0.6702023749821819,None,,,,,23,95,95,1,741.1589990410139,,741.1531551250082,741.1589990410139,742.143528790999,742.143528790999,742.143528790999,742.143528790999,742.168807250011,743.1443654159957,743.1443654159957,743.8200950000028,,,,,v,1,0.6702023749821819,None,p1,001,2025-09-30_13h36.55.308,untitled,,2025.1.1,120.18917727464621,2025-09-30 13h40.53.710155 +0530,
50,c,96,96,24,c,1,0.6109515409916639,None,,,,,24,96,96,2,743.8304045830155,,743.8208798750129,743.8304045830155,744.8191723750206,744.8191723750206,744.8191723750206,744.8191723750206,744.8264127910079,745.8184344580222,745.8184344580222,746.4363838749996,,,,,c,1,0.6109515409916639,None,p1,001,2025-09-30_13h36.55.308,untitled,,2025.1.1,120.18917727464621,2025-09-30 13h40.53.710155 +0530,
150,v,97,97,24,v,1,0.586743124993518,None,,,,,24,97,97,1,746.4455178750213,,746.4368342500238,746.4455178750213,747.4357733750076,747.4357733750076,747.4357733750076,747.4357733750076,747.442669208016,748.4526603750128,748.4526603750128,749.0548795830109,,,,,v,1,0.586743124993518,None,p1,001,2025-09-30_13h36.55.308,untitled,,2025.1.1,120.18917727464621,2025-09-30 13h40.53.710155 +0530,
-150,z,98,98,20,z,1,0.6092709570075385,None,,,,,20,98,98,3,749.066506416013,,749.0556508750014,749.066506416013,750.0518476249999,750.0518476249999,750.0518476249999,750.0518476249999,750.0598220830143,751.0521064580244,751.0521064580244,751.6706626660016,,,,,z,1,0.6092709570075385,None,p1,001,2025-09-30_13h36.55.308,untitled,,2025.1.1,120.18917727464621,2025-09-30 13h40.53.710155 +0530,
50,c,99,99,25,c,1,0.5427314159751404,None,,,,,25,99,99,2,751.6805622079992,,751.671231291024,751.6805622079992,752.6689215000079,752.6689215000079,752.6689215000079,752.6689215000079,752.6765061659971,753.6686704160238,753.6686704160238,754.219995958003,,,,,c,1,0.5427314159751404,None,p1,001,2025-09-30_13h36.55.308,untitled,,2025.1.1,120.18917727464621,2025-09-30 13h40.53.710155 +0530,
-50,x,100,100,28,x,1,0.8064394159882795,None,,,,,28,100,100,0,754.2297234580037,,754.2205790410226,754.2297234580037,755.2191827910137,755.2191827910137,755.2191827910137,755.2191827910137,755.2261756660009,756.2110392080212,756.2110392080212,757.0201800000214,,,,,x,1,0.8064394159882795,None,p1,001,2025-09-30_13h36.55.308,untitled,,2025.1.1,120.18917727464621,2025-09-30 13h40.53.710155 +0530,
50,c,101,101,26,c,1,0.9146990000153892,None,,,,,26,101,101,2,757.0309510829975,,757.0207873750187,757.0309510829975,758.0186550000217,758.0186550000217,758.0186550000217,758.0186550000217,758.0250307910028,759.0186822079995,759.0186822079995,759.9367020410136,,,,,c,1,0.9146990000153892,None,p1,001,2025-09-30_13h36.55.308,untitled,,2025.1.1,120.18917727464621,2025-09-30 13h40.53.710155 +0530,
150,v,102,102,25,v,1,0.37816008197842166,None,,,,,25,102,102,1,759.9465388329991,,759.9372354579973,759.9465388329991,760.9359833330091,760.9359833330091,760.9359833330091,760.9359833330091,760.9428023330111,761.9354668330052,761.9354668330052,762.3200735830178,,,,,v,1,0.37816008197842166,None,p1,001,2025-09-30_13h36.55.308,untitled,,2025.1.1,120.18917727464621,2025-09-30 13h40.53.710155 +0530,
50,c,103,103,27,c,1,0.5076887909963261,None,,,,,27,103,103,2,762.3292837500048,,762.320611416013,762.3292837500048,763.3189626660023,763.3189626660023,763.3189626660023,763.3189626660023,763.3265608329966,764.3187851660186,764.3187851660186,764.8367486250063,,,,,c,1,0.5076887909963261,None,p1,001,2025-09-30_13h36.55.308,untitled,,2025.1.1,120.18917727464621,2025-09-30 13h40.53.710155 +0530,
-150,z,104,104,21,z,1,0.45035391600686125,None,,,,,21,104,104,3,764.8467717910244,,764.8372754160082,764.8467717910244,765.8356652910006,765.8356652910006,765.8356652910006,765.8356652910006,765.8426819160231,766.8361260000092,766.8361260000092,767.2940464160056,,,,,z,1,0.45035391600686125,None,p1,001,2025-09-30_13h36.55.308,untitled,,2025.1.1,120.18917727464621,2025-09-30 13h40.53.710155 +0530,
-150,z,105,105,22,z,1,0.5173558740061708,None,,,,,22,105,105,3,767.3190759160207,,767.2945013749995,767.3190759160207,768.2859514160082,768.2859514160082,768.2859514160082,768.2859514160082,768.3096524580033,769.2860760000185,769.2860760000185,769.8102136660018,,,,,z,1,0.5173558740061708,None,p1,001,2025-09-30_13h36.55.308,untitled,,2025.1.1,120.18917727464621,2025-09-30 13h40.53.710155 +0530,
50,c,106,106,28,c,1,0.556192333024228,None,,,,,28,106,106,2,769.835830875003,,769.8107457910082,769.835830875003,770.8028351660178,770.8028351660178,770.8028351660178,770.8028351660178,770.8267235830135,771.802330416016,771.802330416016,772.361563708022,,,,,c,1,0.556192333024228,None,p1,001,2025-09-30_13h36.55.308,untitled,,2025.1.1,120.18917727464621,2025-09-30 13h40.53.710155 +0530,
-150,z,107,107,23,z,1,0.5149064160068519,None,,,,,23,107,107,3,772.3716707499989,,772.3621114580019,772.3716707499989,773.360953166004,773.360953166004,773.360953166004,773.360953166004,773.3863045830221,774.3615895000112,774.3615895000112,774.8871202080045,,,,,z,1,0.5149064160068519,None,p1,001,2025-09-30_13h36.55.308,untitled,,2025.1.1,120.18917727464621,2025-09-30 13h40.53.710155 +0530,
-50,x,108,108,29,x,1,0.43009024899220094,None,,,,,29,108,108,0,774.8968369160139,,774.8876797910198,774.8968369160139,775.8858020000043,775.8858020000043,775.8858020000043,775.8858020000043,775.8923810830165,776.8862962080166,776.8862962080166,777.3211195410113,,,,,x,1,0.43009024899220094,None,p1,001,2025-09-30_13h36.55.308,untitled,,2025.1.1,120.18917727464621,2025-09-30 13h40.53.710155 +0530,
-50,x,109,109,30,x,1,0.5223165000206791,None,,,,,30,109,109,0,777.3291581250087,,777.321691375022,777.3291581250087,778.319198458019,778.319198458019,778.319198458019,778.319198458019,778.326533000014,779.3191149580234,779.3191149580234,779.8439148330071,,,,,x,1,0.5223165000206791,None,p1,001,2025-09-30_13h36.55.308,untitled,,2025.1.1,120.18917727464621,2025-09-30 13h40.53.710155 +0530,
-150,z,110,110,24,z,1,0.7428508320008405,None,,,,,24,110,110,3,779.8695346250024,,779.8444522909995,779.8695346250024,780.8361635000037,780.8361635000037,780.8361635000037,780.8361635000037,780.8594699999958,781.8355170410068,781.8355170410068,782.5871811250108,,,,,z,1,0.7428508320008405,None,p1,001,2025-09-30_13h36.55.308,untitled,,2025.1.1,120.18917727464621,2025-09-30 13h40.53.710155 +0530,
150,v,111,111,26,v,1,0.806585707992781,None,,,,,26,111,111,1,782.596471833007,,782.5876455410034,782.596471833007,783.5864897910214,783.5864897910214,783.5864897910214,783.5864897910214,783.5936159580015,784.5869572910015,784.5869572910015,785.4038687499997,,,,,v,1,0.806585707992781,None,p1,001,2025-09-30_13h36.55.308,untitled,,2025.1.1,120.18917727464621,2025-09-30 13h40.53.710155 +0530,
-150,z,112,112,25,z,1,0.8939724579977337,None,,,,,25,112,112,3,785.4133774579968,,785.4044256250199,785.4133774579968,786.4200225000095,786.4200225000095,786.4200225000095,786.4200225000095,786.4370697910199,787.4035115000152,787.4035115000152,788.3034655000083,,,,,z,1,0.8939724579977337,None,p1,001,2025-09-30_13h36.55.308,untitled,,2025.1.1,120.18917727464621,2025-09-30 13h40.53.710155 +0530,
150,v,113,113,27,v,1,0.5559118739911355,None,,,,,27,113,113,1,788.3124296660244,,788.3039295000199,788.3124296660244,789.3033742080152,789.3033742080152,789.3033742080152,789.3033742080152,789.3101766250038,790.2955705830245,790.2955705830245,790.85438325,,,,,v,1,0.5559118739911355,None,p1,001,2025-09-30_13h36.55.308,untitled,,2025.1.1,120.18917727464621,2025-09-30 13h40.53.710155 +0530,
150,v,114,114,28,v,1,0.58267524902476,None,,,,,28,114,114,1,790.8647578750097,,790.8549929580186,790.8647578750097,791.8532814579958,791.8532814579958,791.8532814579958,791.8532814579958,791.8603809160122,792.8528854160104,792.8528854160104,793.438135000004,,,,,v,1,0.58267524902476,None,p1,001,2025-09-30_13h36.55.308,untitled,,2025.1.1,120.18917727464621,2025-09-30 13h40.53.710155 +0530,
-50,x,115,115,31,x,1,0.6893170409894083,None,,,,,31,115,115,0,793.4482122080226,,793.4386950409971,793.4482122080226,794.4362872080237,794.4362872080237,794.4362872080237,794.4362872080237,794.4428591660107,795.4362213750137,795.4362213750137,796.1276364579971,,,,,x,1,0.6893170409894083,None,p1,001,2025-09-30_13h36.55.308,untitled,,2025.1.1,120.18917727464621,2025-09-30 13h40.53.710155 +0530,
150,v,116,116,29,v,1,0.6364335409889463,None,,,,,29,116,116,1,796.1362710829999,,796.128223458014,796.1362710829999,797.1269197910151,797.1269197910151,797.1269197910151,797.1269197910151,797.1269197910151,798.1291605410224,798.1291605410224,798.7708923750033,,,,,v,1,0.6364335409889463,None,p1,001,2025-09-30_13h36.55.308,untitled,,2025.1.1,120.18917727464621,2025-09-30 13h40.53.710155 +0530,
50,c,117,117,29,c,1,0.7119682079937775,None,,,,,29,117,117,2,798.7808072500047,,798.7714530410012,798.7808072500047,799.7697730830114,799.7697730830114,799.7697730830114,799.7697730830114,799.7776058750169,800.769594915997,800.769594915997,801.4873182910087,,,,,c,1,0.7119682079937775,None,p1,001,2025-09-30_13h36.55.308,untitled,,2025.1.1,120.18917727464621,2025-09-30 13h40.53.710155 +0530,
50,c,118,118,30,c,1,0.72124108299613,None,,,,,30,118,118,2,801.4963059160218,,801.4878730410128,801.4963059160218,802.4781810000131,802.4781810000131,802.4781810000131,802.4781810000131,802.5205965409987,803.4791535830009,803.4791535830009,804.2047020830214,,,,,c,1,0.72124108299613,None,p1,001,2025-09-30_13h36.55.308,untitled,,2025.1.1,120.18917727464621,2025-09-30 13h40.53.710155 +0530,
-150,z,119,119,26,z,1,0.607402957015438,None,,,,,26,119,119,3,804.2142005409987,,804.205257708003,804.2142005409987,805.2030472080223,805.2030472080223,805.2030472080223,805.2030472080223,805.2101778750075,806.2031341660186,806.2031341660186,806.8121907080058,,,,,z,1,0.607402957015438,None,p1,001,2025-09-30_13h36.55.308,untitled,,2025.1.1,120.18917727464621,2025-09-30 13h40.53.710155 +0530,
50,c,120,120,31,c,1,0.7062467499927152,None,,,,,31,120,120,2,806.8203922910034,,806.8127471659973,806.8203922910034,807.8374596660142,807.8374596660142,807.8374596660142,807.8374596660142,807.8374596660142,808.8122339160182,808.8122339160182,809.5218107910187,,,,,c,1,0.7062467499927152,None,p1,001,2025-09-30_13h36.55.308,untitled,,2025.1.1,120.18917727464621,2025-09-30 13h40.53.710155 +0530,
-50,x,121,121,32,x,1,0.4586284159740899,None,,,,,32,121,121,0,809.5368910830002,,809.5224130410061,809.5368910830002,810.519429958018,810.519429958018,810.519429958018,810.519429958018,810.5274783330096,811.5198532500071,811.5198532500071,811.9882910410233,,,,,x,1,0.4586284159740899,None,p1,001,2025-09-30_13h36.55.308,untitled,,2025.1.1,120.18917727464621,2025-09-30 13h40.53.710155 +0530,
-50,x,122,122,33,x,1,0.48169979100930505,None,,,,,33,122,122,0,811.9970144160034,,811.9889759159996,811.9970144160034,812.9871775410138,812.9871775410138,812.9871775410138,812.9871775410138,812.9938641659974,813.9866393330158,813.9866393330158,814.471273083007,,,,,x,1,0.48169979100930505,None,p1,001,2025-09-30_13h36.55.308,untitled,,2025.1.1,120.18917727464621,2025-09-30 13h40.53.710155 +0530,
-150,z,123,123,27,z,1,0.86757370797568,None,,,,,27,123,123,3,814.4811901659996,,814.4718612080032,814.4811901659996,815.4634214580001,815.4634214580001,815.4634214580001,815.4634214580001,815.4873534580111,816.4707896659966,816.4707896659966,817.3466034580197,,,,,z,1,0.86757370797568,None,p1,001,2025-09-30_13h36.55.308,untitled,,2025.1.1,120.18917727464621,2025-09-30 13h40.53.710155 +0530,
150,v,124,124,30,v,1,0.7202340820222162,None,,,,,30,124,124,1,817.35687662501,,817.3472178330121,817.35687662501,818.3444270000036,818.3444270000036,818.3444270000036,818.3444270000036,818.3533537909971,819.3454145410215,819.3454145410215,820.0707265410165,,,,,v,1,0.7202340820222162,None,p1,001,2025-09-30_13h36.55.308,untitled,,2025.1.1,120.18917727464621,2025-09-30 13h40.53.710155 +0530,
-150,z,125,125,28,z,1,0.8024493319971953,None,,,,,28,125,125,3,820.0798027499986,,820.0711764160078,820.0798027499986,821.0604504579969,821.0604504579969,821.0604504579969,821.0604504579969,821.0774429160228,822.071025333018,822.071025333018,822.8794991250033,,,,,z,1,0.8024493319971953,None,p1,001,2025-09-30_13h36.55.308,untitled,,2025.1.1,120.18917727464621,2025-09-30 13h40.53.710155 +0530,
-50,x,126,126,34,x,1,0.5655277909827419,None,,,,,34,126,126,0,822.890176875022,,822.8800721250009,822.890176875022,823.878686541022,823.878686541022,823.878686541022,823.878686541022,823.9041072910186,824.8780017910176,824.8780017910176,825.4455989580019,,,,,x,1,0.5655277909827419,None,p1,001,2025-09-30_13h36.55.308,untitled,,2025.1.1,120.18917727464621,2025-09-30 13h40.53.710155 +0530,
150,v,127,127,31,v,1,0.5561347909970209,None,,,,,31,127,127,1,825.457209041022,,825.4461560409982,825.457209041022,826.4373492500163,826.4373492500163,826.4373492500163,826.4373492500163,826.4534527500218,827.4454668750113,827.4454668750113,828.0064946250059,,,,,v,1,0.5561347909970209,None,p1,001,2025-09-30_13h36.55.308,untitled,,2025.1.1,120.18917727464621,2025-09-30 13h40.53.710155 +0530,
-50,x,128,128,35,x,1,0.6129231660161167,None,,,,,35,128,128,0,828.0202545000066,,828.007202000008,828.0202545000066,829.0036129160144,829.0036129160144,829.0036129160144,829.0036129160144,829.0100606660126,830.0036272080033,830.0036272080033,830.621603541018,,,,,x,1,0.6129231660161167,None,p1,001,2025-09-30_13h36.55.308,untitled,,2025.1.1,120.18917727464621,2025-09-30 13h40.53.710155 +0530,
-150,z,129,129,29,z,1,0.7657754989922978,None,,,,,29,129,129,3,830.6312219579995,,830.6222007080214,830.6312219579995,831.62125895801,831.62125895801,831.62125895801,831.62125895801,831.6289662500203,832.6207752909977,832.6207752909977,833.3883877500193,,,,,z,1,0.7657754989922978,None,p1,001,2025-09-30_13h36.55.308,untitled,,2025.1.1,120.18917727464621,2025-09-30 13h40.53.710155 +0530,
50,c,130,130,32,c,1,1.084415416000411,None,,,,,32,130,130,2,833.3943580000196,,833.388866207999,833.3943580000196,834.3871396250033,834.3871396250033,834.3871396250033,834.3871396250033,834.3871396250033,835.3870759580168,835.3870759580168,836.4786905000219,,,,,c,1,1.084415416000411,None,p1,001,2025-09-30_13h36.55.308,untitled,,2025.1.1,120.18917727464621,2025-09-30 13h40.53.710155 +0530,
-50,x,131,131,36,x,1,0.6368351660203189,None,,,,,36,131,131,0,836.5044867079996,,836.479236166022,836.5044867079996,837.4705884160066,837.4705884160066,837.4705884160066,837.4705884160066,837.4938144159969,838.4886887909961,838.4886887909961,839.1397342499986,,,,,x,1,0.6368351660203189,None,p1,001,2025-09-30_13h36.55.308,untitled,,2025.1.1,120.18917727464621,2025-09-30 13h40.53.710155 +0530,
-150,z,132,132,30,z,1,0.6359974989900365,None,,,,,30,132,132,3,839.1540257080051,,839.1404669159965,839.1540257080051,840.1550567910017,840.1550567910017,840.1550567910017,840.1550567910017,840.1550567910017,841.1545361250173,841.1545361250173,841.7938107080117,,,,,z,1,0.6359974989900365,None,p1,001,2025-09-30_13h36.55.308,untitled,,2025.1.1,120.18917727464621,2025-09-30 13h40.53.710155 +0530,
50,c,133,133,33,c,1,0.541829833004158,None,,,,,33,133,133,2,841.8034278750129,,841.7941251660232,841.8034278750129,842.8050585410092,842.8050585410092,842.8050585410092,842.8050585410092,842.8050585410092,843.8045308750006,843.8045308750006,844.3553809580044,,,,,c,1,0.541829833004158,None,p1,001,2025-09-30_13h36.55.308,untitled,,2025.1.1,120.18917727464621,2025-09-30 13h40.53.710155 +0530,
50,c,134,134,34,c,1,0.6151256659941282,None,,,,,34,134,134,2,844.3654856659996,,844.3559580410074,844.3654856659996,845.3551435830013,845.3551435830013,845.3551435830013,845.3551435830013,845.3714576250059,846.3468167500105,846.3468167500105,846.9729621250008,,,,,c,1,0.6151256659941282,None,p1,001,2025-09-30_13h36.55.308,untitled,,2025.1.1,120.18917727464621,2025-09-30 13h40.53.710155 +0530,
-50,x,135,135,37,x,1,0.6399152069934644,None,,,,,37,135,135,0,846.9873575830134,,846.9736472910154,846.9873575830134,847.9886872080097,847.9886872080097,847.9886872080097,847.9886872080097,847.9886872080097,848.9707268750062,848.9707268750062,849.6122843330086,,,,,x,1,0.6399152069934644,None,p1,001,2025-09-30_13h36.55.308,untitled,,2025.1.1,120.18917727464621,2025-09-30 13h40.53.710155 +0530,
-150,z,136,136,31,z,1,0.9810539580066688,None,,,,,31,136,136,3,849.6206927910098,,849.6128377910063,849.6206927910098,850.6044474160008,850.6044474160008,850.6044474160008,850.6044474160008,850.6115167500102,851.6044464160223,851.6044464160223,852.5887892910105,,,,,z,1,0.9810539580066688,None,p1,001,2025-09-30_13h36.55.308,untitled,,2025.1.1,120.18917727464621,2025-09-30 13h40.53.710155 +0530,
50,c,137,137,35,c,1,0.7776714159990661,None,,,,,35,137,137,2,852.5984516250028,,852.5893315410067,852.5984516250028,853.58820620802,853.58820620802,853.58820620802,853.58820620802,853.5956242500106,854.6052352910046,854.6052352910046,855.3890044160071,,,,,c,1,0.7776714159990661,None,p1,001,2025-09-30_13h36.55.308,untitled,,2025.1.1,120.18917727464621,2025-09-30 13h40.53.710155 +0530,
50,c,138,138,36,c,1,0.6510658740007784,None,,,,,36,138,138,2,855.3988933330111,,855.3896296250168,855.3988933330111,856.3876736660022,856.3876736660022,856.3876736660022,856.3876736660022,856.3948573330126,857.3874596250243,857.3874596250243,858.0453792500193,,,,,c,1,0.6510658740007784,None,p1,001,2025-09-30_13h36.55.308,untitled,,2025.1.1,120.18917727464621,2025-09-30 13h40.53.710155 +0530,
-150,z,139,139,32,z,1,0.6739297489984892,None,,,,,32,139,139,3,858.054494416021,,858.0458478330111,858.054494416021,859.0383404580061,859.0383404580061,859.0383404580061,859.0383404580061,859.0450919160212,860.0376093329978,860.0376093329978,860.7142920000188,,,,,z,1,0.6739297489984892,None,p1,001,2025-09-30_13h36.55.308,untitled,,2025.1.1,120.18917727464621,2025-09-30 13h40.53.710155 +0530,
150,v,140,140,32,v,1,0.8000410409877077,None,,,,,32,140,140,1,860.7243143329979,,860.7150170830137,860.7243143329979,861.7126471250085,861.7126471250085,861.7126471250085,861.7126471250085,861.7210802080226,862.7384737910179,862.7384737910179,863.5564244580164,,,,,v,1,0.8000410409877077,None,p1,001,2025-09-30_13h36.55.308,untitled,,2025.1.1,120.18917727464621,2025-09-30 13h40.53.710155 +0530,
-150,z,141,141,33,z,1,0.7429370409809053,None,,,,,33,141,141,3,863.5711955830047,,863.5570999580086,863.5711955830047,864.5633445410058,864.5633445410058,864.5633445410058,864.5633445410058,864.5633445410058,865.5545142500196,865.5545142500196,866.305805208016,,,,,z,1,0.7429370409809053,None,p1,001,2025-09-30_13h36.55.308,untitled,,2025.1.1,120.18917727464621,2025-09-30 13h40.53.710155 +0530,
50,c,142,142,37,c,1,0.6783275000052527,None,,,,,37,142,142,2,866.3152228750114,,866.3063907500182,866.3152228750114,867.3047516250226,867.3047516250226,867.3047516250226,867.3047516250226,867.311906625022,868.3044106660236,868.3044106660236,868.9894649580237,,,,,c,1,0.6783275000052527,None,p1,001,2025-09-30_13h36.55.308,untitled,,2025.1.1,120.18917727464621,2025-09-30 13h40.53.710155 +0530,
50,c,143,143,38,c,1,0.6426226660259999,None,,,,,38,143,143,2,868.9991348330223,,868.9902260000235,868.9991348330223,869.9881075000158,869.9881075000158,869.9881075000158,869.9881075000158,869.9960527080111,871.0050039160124,871.0050039160124,871.6554928330006,,,,,c,1,0.6426226660259999,None,p1,001,2025-09-30_13h36.55.308,untitled,,2025.1.1,120.18917727464621,2025-09-30 13h40.53.710155 +0530,
-150,z,144,144,34,z,1,0.659373457019683,None,,,,,34,144,144,3,871.665747416002,,871.6560655000212,871.665747416002,872.6459061659989,872.6459061659989,872.6459061659989,872.6459061659989,872.661656833021,873.6450881250203,873.6450881250203,874.323656958004,,,,,z,1,0.659373457019683,None,p1,001,2025-09-30_13h36.55.308,untitled,,2025.1.1,120.18917727464621,2025-09-30 13h40.53.710155 +0530,
150,v,145,145,33,v,1,0.483092915994348,None,,,,,33,145,145,1,874.3379002500151,,874.3244942080055,874.3379002500151,875.3214718330128,875.3214718330128,875.3214718330128,875.3214718330128,875.3290779580129,876.3214163750235,876.3214163750235,876.8060655000154,,,,,v,1,0.483092915994348,None,p1,001,2025-09-30_13h36.55.308,untitled,,2025.1.1,120.18917727464621,2025-09-30 13h40.53.710155 +0530,
150,v,146,146,34,v,1,0.5437042909907177,None,,,,,34,146,146,1,876.8122830000066,,876.8066159580194,876.8122830000066,877.8048038330162,877.8048038330162,877.8048038330162,877.8048038330162,877.8048038330162,878.7969313750218,878.7969313750218,879.3460698749986,,,,,v,1,0.5437042909907177,None,p1,001,2025-09-30_13h36.55.308,untitled,,2025.1.1,120.18917727464621,2025-09-30 13h40.53.710155 +0530,
50,c,147,147,39,c,1,0.6169671239913441,None,,,,,39,147,147,2,879.3550566660124,,879.3465070000093,879.3550566660124,880.3385573750129,880.3385573750129,880.3385573750129,880.3385573750129,880.3455967910122,881.3385543750192,881.3385543750192,881.9628922080155,,,,,c,1,0.6169671239913441,None,p1,001,2025-09-30_13h36.55.308,untitled,,2025.1.1,120.18917727464621,2025-09-30 13h40.53.710155 +0530,
50,c,148,148,40,c,1,0.9223016659962013,None,,,,,40,148,148,2,881.9883415829972,,881.9633336660045,881.9883415829972,882.955432540999,882.955432540999,882.955432540999,882.955432540999,883.0056846660154,883.9722445410152,883.9722445410152,884.8971642079996,,,,,c,1,0.9223016659962013,None,p1,001,2025-09-30_13h36.55.308,untitled,,2025.1.1,120.18917727464621,2025-09-30 13h40.53.710155 +0530,
-150,z,149,149,35,z,1,0.6961469580128323,None,,,,,35,149,149,3,884.9079167080054,,884.8977034580021,884.9079167080054,885.8974915830186,885.8974915830186,885.8974915830186,885.8974915830186,885.9070723750046,886.8875315000187,886.8875315000187,887.5896740830212,,,,,z,1,0.6961469580128323,None,p1,001,2025-09-30_13h36.55.308,untitled,,2025.1.1,120.18917727464621,2025-09-30 13h40.53.710155 +0530,
-50,x,150,150,38,x,1,0.514050915982807,None,,,,,38,150,150,0,887.5991852080042,,887.5902197500109,887.5991852080042,888.588867833023,888.588867833023,888.588867833023,888.588867833023,888.5955985000182,889.5884016250202,889.5884016250202,890.1063082080218,,,,,x,1,0.514050915982807,None,p1,001,2025-09-30_13h36.55.308,untitled,,2025.1.1,120.18917727464621,2025-09-30 13h40.53.710155 +0530,
50,c,151,151,41,c,1,0.6161252909805626,None,,,,,41,151,151,2,890.1160612500098,,890.1068616660195,890.1160612500098,891.105025708006,891.105025708006,891.105025708006,891.105025708006,891.1127155830036,892.1054705410206,892.1054705410206,892.7232205000182,,,,,c,1,0.6161252909805626,None,p1,001,2025-09-30_13h36.55.308,untitled,,2025.1.1,120.18917727464621,2025-09-30 13h40.53.710155 +0530,
-50,x,152,152,39,x,1,0.48325979098444805,None,,,,,39,152,152,0,892.7339817910106,,892.7238215410034,892.7339817910106,893.7217760830245,893.7217760830245,893.7217760830245,893.7217760830245,893.7287063330004,894.7222535409965,894.7222535409965,895.2130984160176,,,,,x,1,0.48325979098444805,None,p1,001,2025-09-30_13h36.55.308,untitled,,2025.1.1,120.18917727464621,2025-09-30 13h40.53.710155 +0530,
-50,x,153,153,40,x,1,0.5330537910049316,None,,,,,40,153,153,0,895.2222094160097,,895.2135700829967,895.2222094160097,896.2059433330141,896.2059433330141,896.2059433330141,896.2059433330141,896.2131405000109,897.2223652499961,897.2223652499961,897.7740040000062,,,,,x,1,0.5330537910049316,None,p1,001,2025-09-30_13h36.55.308,untitled,,2025.1.1,120.18917727464621,2025-09-30 13h40.53.710155 +0530,
150,v,154,154,35,v,1,0.40957224898738787,None,,,,,35,154,154,1,897.7885891660117,,897.7746648750035,897.7885891660117,898.7718759160198,898.7718759160198,898.7718759160198,898.7718759160198,898.779103791021,899.7719443330134,899.7719443330134,900.1891113330203,,,,,v,1,0.40957224898738787,None,p1,001,2025-09-30_13h36.55.308,untitled,,2025.1.1,120.18917727464621,2025-09-30 13h40.53.710155 +0530,
150,v,155,155,36,v,1,0.5189352490124293,None,,,,,36,155,155,1,900.1985065409972,,900.1895767910173,900.1985065409972,901.1801778750087,901.1801778750087,901.1801778750087,901.1801778750087,901.2229549580079,902.1796969580173,902.1796969580173,902.7085561249987,,,,,v,1,0.5189352490124293,None,p1,001,2025-09-30_13h36.55.308,untitled,,2025.1.1,120.18917727464621,2025-09-30 13h40.53.710155 +0530,
-150,z,156,156,36,z,1,0.6899082910094876,None,,,,,36,156,156,3,902.722256958019,,902.7091256249987,902.722256958019,903.7055742910015,903.7055742910015,903.7055742910015,903.7055742910015,903.7124120410008,904.7046562909964,904.7046562909964,905.3968779160059,,,,,z,1,0.6899082910094876,None,p1,001,2025-09-30_13h36.55.308,untitled,,2025.1.1,120.18917727464621,2025-09-30 13h40.53.710155 +0530,
-50,x,157,157,41,x,1,0.5436869580007624,None,,,,,41,157,157,0,905.4223337500007,,905.3974263330165,905.4223337500007,906.406201750011,906.406201750011,906.406201750011,906.406201750011,906.4132695830194,907.4058695410204,907.4058695410204,907.9567004580167,,,,,x,1,0.5436869580007624,None,p1,001,2025-09-30_13h36.55.308,untitled,,2025.1.1,120.18917727464621,2025-09-30 13h40.53.710155 +0530,
50,c,158,158,42,c,1,1.1456561659870204,None,,,,,42,158,158,2,907.9654916250147,,907.9571415410028,907.9654916250147,908.9567488330067,908.9567488330067,908.9567488330067,908.9567488330067,908.9728870410181,909.9489742500009,909.9489742500009,911.0973697080044,,,,,c,1,1.1456561659870204,None,p1,001,2025-09-30_13h36.55.308,untitled,,2025.1.1,120.18917727464621,2025-09-30 13h40.53.710155 +0530,
50,c,159,159,43,c,1,0.6235474160057493,None,,,,,43,159,159,2,911.1086757500016,,911.098095082998,911.1086757500016,912.0967275410076,912.0967275410076,912.0967275410076,912.0967275410076,912.1056442910049,913.1060594160226,913.1060594160226,913.740406500001,,,,,c,1,0.6235474160057493,None,p1,001,2025-09-30_13h36.55.308,untitled,,2025.1.1,120.18917727464621,2025-09-30 13h40.53.710155 +0530,
150,v,160,160,37,v,1,0.5205737079959363,None,,,,,37,160,160,1,913.7499075829983,,913.7409580830135,913.7499075829983,914.7391644580057,914.7391644580057,914.7391644580057,914.7391644580057,914.7461702080036,915.7388746660145,915.7388746660145,916.2632353750232,,,,,v,1,0.5205737079959363,None,p1,001,2025-09-30_13h36.55.308,untitled,,2025.1.1,120.18917727464621,2025-09-30 13h40.53.710155 +0530,
150,v,161,161,38,v,1,0.5359391660022084,None,,,,,38,161,161,1,916.2725560000108,,916.263516875013,916.2725560000108,917.273457000003,917.273457000003,917.273457000003,917.273457000003,917.273457000003,918.2646292910213,918.2646292910213,918.8063686250243,,,,,v,1,0.5359391660022084,None,p1,001,2025-09-30_13h36.55.308,untitled,,2025.1.1,120.18917727464621,2025-09-30 13h40.53.710155 +0530,
-150,z,162,162,37,z,1,0.7078784570039716,None,,,,,37,162,162,3,918.8155665410159,,918.8068113330228,918.8155665410159,919.7975440000009,919.7975440000009,919.7975440000009,919.7975440000009,919.8399898330099,920.7977245000075,920.7977245000075,921.5070184580109,,,,,z,1,0.7078784570039716,None,p1,001,2025-09-30_13h36.55.308,untitled,,2025.1.1,120.18917727464621,2025-09-30 13h40.53.710155 +0530,
-150,z,163,163,38,z,1,0.46202704097959213,None,,,,,38,163,163,3,921.5131777909992,,921.5075971659971,921.5131777909992,922.505738708016,922.505738708016,922.505738708016,922.505738708016,922.505738708016,923.4976484159997,923.4976484159997,923.975077916024,,,,,z,1,0.46202704097959213,None,p1,001,2025-09-30_13h36.55.308,untitled,,2025.1.1,120.18917727464621,2025-09-30 13h40.53.710155 +0530,
-150,z,164,164,39,z,1,0.5703537079971284,None,,,,,39,164,164,3,923.986326083017,,923.9757666250225,923.986326083017,924.9724509580119,924.9724509580119,924.9724509580119,924.9724509580119,924.9790516250068,925.9724499580043,925.9724499580043,926.5471562910243,,,,,z,1,0.5703537079971284,None,p1,001,2025-09-30_13h36.55.308,untitled,,2025.1.1,120.18917727464621,2025-09-30 13h40.53.710155 +0530,
150,v,165,165,39,v,1,0.4951284579874482,None,,,,,39,165,165,1,926.5589338749996,,926.5482116659987,926.5589338749996,927.5396935410099,927.5396935410099,927.5396935410099,927.5396935410099,927.5558013330156,928.5476541660028,928.5476541660028,929.0578675830038,,,,,v,1,0.4951284579874482,None,p1,001,2025-09-30_13h36.55.308,untitled,,2025.1.1,120.18917727464621,2025-09-30 13h40.53.710155 +0530,
-50,x,166,166,42,x,1,0.5016493329894729,None,,,,,42,166,166,0,929.0727365830098,,929.0585686250124,929.0727365830098,930.0563152499963,930.0563152499963,930.0563152499963,930.0563152499963,930.0635284580057,931.055931208015,931.055931208015,931.5642056250072,,,,,x,1,0.5016493329894729,None,p1,001,2025-09-30_13h36.55.308,untitled,,2025.1.1,120.18917727464621,2025-09-30 13h40.53.710155 +0530,
150,v,167,167,40,v,1,0.722175208007684,None,,,,,40,167,167,1,931.5895562500227,,931.5647686250159,931.5895562500227,932.5563355410122,932.5563355410122,932.5563355410122,932.5563355410122,932.5801884999964,933.555313416,933.555313416,934.2812324160186,,,,,v,1,0.722175208007684,None,p1,001,2025-09-30_13h36.55.308,untitled,,2025.1.1,120.18917727464621,2025-09-30 13h40.53.710155 +0530,
150,v,168,168,41,v,1,0.7993627910036594,None,,,,,41,168,168,1,934.3059735410206,,934.281749916001,934.3059735410206,935.2734995830106,935.2734995830106,935.2734995830106,935.2734995830106,935.3234376659966,936.2802509580215,936.2802509580215,937.090900500014,,,,,v,1,0.7993627910036594,None,p1,001,2025-09-30_13h36.55.308,untitled,,2025.1.1,120.18917727464621,2025-09-30 13h40.53.710155 +0530,
-50,x,169,169,43,x,1,1.0947016660065856,None,,,,,43,169,169,0,937.1013700000185,,937.0915174160036,937.1013700000185,938.0899423750234,938.0899423750234,938.0899423750234,938.0899423750234,938.0977561660111,939.0888600409962,939.0888600409962,940.1905542080058,,,,,x,1,1.0947016660065856,None,p1,001,2025-09-30_13h36.55.308,untitled,,2025.1.1,120.18917727464621,2025-09-30 13h40.53.710155 +0530,
-150,z,170,170,40,z,1,0.7094744569913018,None,,,,,40,170,170,3,940.1995766659966,,940.191013750009,940.1995766659966,941.1813698330079,941.1813698330079,941.1813698330079,941.1813698330079,941.2237026660005,942.1820949579997,942.1820949579997,942.8976722500229,,,,,z,1,0.7094744569913018,None,p1,001,2025-09-30_13h36.55.308,untitled,,2025.1.1,120.18917727464621,2025-09-30 13h40.53.710155 +0530,
150,v,171,171,42,v,1,0.8577729160024319,None,,,,,42,171,171,1,942.9231445830083,,942.8981796660228,942.9231445830083,943.8896323750087,943.8896323750087,943.8896323750087,943.8896323750087,943.9138857910002,944.906819374999,944.906819374999,945.7740310410154,,,,,v,1,0.8577729160024319,None,p1,001,2025-09-30_13h36.55.308,untitled,,2025.1.1,120.18917727464621,2025-09-30 13h40.53.710155 +0530,
150,v,172,172,43,v,1,0.8607373739941977,None,,,,,43,172,172,1,945.7835517080093,,945.7744822500099,945.7835517080093,946.7731190000195,946.7731190000195,946.7731190000195,946.7731190000195,946.7808662910247,947.7728848750121,947.7728848750121,948.6588069999998,,,,,v,1,0.8607373739941977,None,p1,001,2025-09-30_13h36.55.308,untitled,,2025.1.1,120.18917727464621,2025-09-30 13h40.53.710155 +0530,
-50,x,173,173,44,x,1,0.7596884570084512,None,,,,,44,173,173,0,948.6728804160084,,948.659567374998,948.6728804160084,949.6569221660029,949.6569221660029,949.6569221660029,949.6569221660029,949.6638647080108,950.6570349160174,950.6570349160174,951.4243062080059,,,,,x,1,0.7596884570084512,None,p1,001,2025-09-30_13h36.55.308,untitled,,2025.1.1,120.18917727464621,2025-09-30 13h40.53.710155 +0530,
-150,z,174,174,41,z,1,0.4936530410195701,None,,,,,41,174,174,3,951.4336195829965,,951.4247431660187,951.4336195829965,952.423693083023,952.423693083023,952.423693083023,952.423693083023,952.4304156250146,953.4239814160101,953.4239814160101,953.9241531250009,,,,,z,1,0.4936530410195701,None,p1,001,2025-09-30_13h36.55.308,untitled,,2025.1.1,120.18917727464621,2025-09-30 13h40.53.710155 +0530,
-150,z,175,175,42,z,1,0.5406070410099346,None,,,,,42,175,175,3,953.9321241250145,,953.9245069580211,953.9321241250145,954.9137744159962,954.9137744159962,954.9137744159962,954.9137744159962,954.9303889580187,955.9230584159959,955.9230584159959,956.4745423750137,,,,,z,1,0.5406070410099346,None,p1,001,2025-09-30_13h36.55.308,untitled,,2025.1.1,120.18917727464621,2025-09-30 13h40.53.710155 +0530,
150,v,176,176,44,v,1,0.792776332993526,None,,,,,44,176,176,1,956.4844829580106,,956.4751060410053,956.4844829580106,957.4733091660019,957.4733091660019,957.4733091660019,957.4733091660019,957.4809742500074,958.4727467500197,958.4727467500197,959.274554750009,,,,,v,1,0.792776332993526,None,p1,001,2025-09-30_13h36.55.308,untitled,,2025.1.1,120.18917727464621,2025-09-30 13h40.53.710155 +0530,
-150,z,177,177,43,z,1,0.5990985410171561,None,,,,,43,177,177,3,959.2841039580235,,959.2751153330028,959.2841039580235,960.2740275000106,960.2740275000106,960.2740275000106,960.2740275000106,960.2810660410032,961.2733586250106,961.2733586250106,961.8919912500132,,,,,z,1,0.5990985410171561,None,p1,001,2025-09-30_13h36.55.308,untitled,,2025.1.1,120.18917727464621,2025-09-30 13h40.53.710155 +0530,
150,v,178,178,45,v,1,0.7551267910166644,None,,,,,45,178,178,1,961.9017157909984,,961.8926099160162,961.9017157909984,962.8900808330218,962.8900808330218,962.8900808330218,962.8900808330218,962.8980519160104,963.8905840830121,963.8905840830121,964.6491800000076,,,,,v,1,0.7551267910166644,None,p1,001,2025-09-30_13h36.55.308,untitled,,2025.1.1,120.18917727464621,2025-09-30 13h40.53.710155 +0530,
-50,x,179,179,45,x,1,0.6092552909976803,None,,,,,45,179,179,0,964.6594285830215,,964.6497627909994,964.6594285830215,965.6488792080199,965.6488792080199,965.6488792080199,965.6488792080199,965.6738096250047,966.6574360830127,966.6574360830127,967.274727208016,,,,,x,1,0.6092552909976803,None,p1,001,2025-09-30_13h36.55.308,untitled,,2025.1.1,120.18917727464621,2025-09-30 13h40.53.710155 +0530,
50,c,180,180,44,c,1,0.7144269159762189,None,,,,,44,180,180,2,967.2839371660084,,967.2751672080194,967.2839371660084,968.2737075000186,968.2737075000186,968.2737075000186,968.2737075000186,968.2808821660001,969.2742515830032,969.2742515830032,969.9915035410086,,,,,c,1,0.7144269159762189,None,p1,001,2025-09-30_13h36.55.308,untitled,,2025.1.1,120.18917727464621,2025-09-30 13h40.53.710155 +0530,
150,v,181,181,46,v,1,0.8519892909971531,None,,,,,46,181,181,1,970.0012483750179,,969.992124958022,970.0012483750179,970.9904369580036,970.9904369580036,970.9904369580036,970.9904369580036,970.9971112910134,971.9906844579964,971.9906844579964,972.8486715000181,,,,,v,1,0.8519892909971531,None,p1,001,2025-09-30_13h36.55.308,untitled,,2025.1.1,120.18917727464621,2025-09-30 13h40.53.710155 +0530,
50,c,182,182,45,c,1,0.5550494990020525,None,,,,,45,182,182,2,972.8735881659959,,972.8491470830049,972.8735881659959,973.8479856250051,973.8479856250051,973.8479856250051,973.8479856250051,973.8640032910043,974.8576273750223,974.8576273750223,975.417785291007,,,,,c,1,0.5550494990020525,None,p1,001,2025-09-30_13h36.55.308,untitled,,2025.1.1,120.18917727464621,2025-09-30 13h40.53.710155 +0530,
150,v,183,183,47,v,1,0.5753542910097167,None,,,,,47,183,183,1,975.4272308750078,,975.4183290000074,975.4272308750078,976.4246736250061,976.4246736250061,976.4246736250061,976.4246736250061,976.4414929159975,977.414220333012,977.414220333012,977.9915840830072,,,,,v,1,0.5753542910097167,None,p1,001,2025-09-30_13h36.55.308,untitled,,2025.1.1,120.18917727464621,2025-09-30 13h40.53.710155 +0530,
150,v,184,184,48,v,1,0.5663737909926567,None,,,,,48,184,184,1,978.0007868329994,,977.9921389580122,978.0007868329994,978.9909278750129,978.9909278750129,978.9909278750129,978.9909278750129,978.9977402079967,979.9903080000076,979.9903080000076,980.5601445000211,,,,,v,1,0.5663737909926567,None,p1,001,2025-09-30_13h36.55.308,untitled,,2025.1.1,120.18917727464621,2025-09-30 13h40.53.710155 +0530,
150,v,185,185,49,v,1,0.5345203320030123,None,,,,,49,185,185,1,980.5737119580153,,980.5607643749972,980.5737119580153,981.5570385410101,981.5570385410101,981.5570385410101,981.5570385410101,981.5639281659969,982.5570322910207,982.5570322910207,983.098143708019,,,,,v,1,0.5345203320030123,None,p1,001,2025-09-30_13h36.55.308,untitled,,2025.1.1,120.18917727464621,2025-09-30 13h40.53.710155 +0530,
-150,z,186,186,44,z,1,0.656103958026506,None,,,,,44,186,186,3,983.1238608749991,,983.0985885410046,983.1238608749991,984.0907742080162,984.0907742080162,984.0907742080162,984.0907742080162,984.1136065000028,985.0905450000137,985.0905450000137,985.7485989580164,,,,,z,1,0.656103958026506,None,p1,001,2025-09-30_13h36.55.308,untitled,,2025.1.1,120.18917727464621,2025-09-30 13h40.53.710155 +0530,
-50,x,187,187,46,x,1,0.4387653320154641,None,,,,,46,187,187,0,985.7604154160072,,985.7491749580076,985.7604154160072,986.7409053330193,986.7409053330193,986.7409053330193,986.7409053330193,986.7572793330182,987.7489005410171,987.7489005410171,988.1917061250133,,,,,x,1,0.4387653320154641,None,p1,001,2025-09-30_13h36.55.308,untitled,,2025.1.1,120.18917727464621,2025-09-30 13h40.53.710155 +0530,
50,c,188,188,46,c,1,0.8120181240083184,None,,,,,46,188,188,2,988.200755916012,,988.1921667080023,988.200755916012,989.1906013750122,989.1906013750122,989.1906013750122,989.1906013750122,989.1977076250187,990.1906561659998,990.1906561659998,991.0262442080129,,,,,c,1,0.8120181240083184,None,p1,001,2025-09-30_13h36.55.308,untitled,,2025.1.1,120.18917727464621,2025-09-30 13h40.53.710155 +0530,
-150,z,189,189,45,z,1,0.7511381249933038,None,,,,,45,189,189,3,991.0406045000127,,991.0269302079978,991.0406045000127,992.0241096660029,992.0241096660029,992.0241096660029,992.0241096660029,992.0311697500001,993.0414555830066,993.0414555830066,993.799606000015,,,,,z,1,0.7511381249933038,None,p1,001,2025-09-30_13h36.55.308,untitled,,2025.1.1,120.18917727464621,2025-09-30 13h40.53.710155 +0530,
-50,x,190,190,47,x,1,0.8118144990003202,None,,,,,47,190,190,0,993.8246884160035,,993.8000490830163,993.8246884160035,994.7981510410027,994.7981510410027,994.7981510410027,994.7981510410027,994.8142544160073,995.7989600830188,995.7989600830188,996.6153612500057,,,,,x,1,0.8118144990003202,None,p1,001,2025-09-30_13h36.55.308,untitled,,2025.1.1,120.18917727464621,2025-09-30 13h40.53.710155 +0530,
-150,z,191,191,46,z,1,0.5917968319845386,None,,,,,46,191,191,3,996.6408324160147,,996.6159385410137,996.6408324160147,997.6152370830241,997.6152370830241,997.6152370830241,997.6152370830241,997.6317867909966,998.6078124160122,998.6078124160122,999.208587916015,,,,,z,1,0.5917968319845386,None,p1,001,2025-09-30_13h36.55.308,untitled,,2025.1.1,120.18917727464621,2025-09-30 13h40.53.710155 +0530,
50,c,192,192,47,c,1,0.6943428329832386,None,,,,,47,192,192,2,999.2179525410174,,999.2091607500042,999.2179525410174,1000.2003014580114,1000.2003014580114,1000.2003014580114,1000.2003014580114,1000.2095911659999,1001.2082842079981,1001.2082842079981,1001.9100605830026,,,,,c,1,0.6943428329832386,None,p1,001,2025-09-30_13h36.55.308,untitled,,2025.1.1,120.18917727464621,2025-09-30 13h40.53.710155 +0530,
-50,x,193,193,48,x,1,0.6133707079861779,None,,,,,48,193,193,0,1001.9241542500095,,1001.9108426660241,1001.9241542500095,1002.9078185830149,1002.9078185830149,1002.9078185830149,1002.9078185830149,1002.9142825830204,1003.9081249160226,1003.9081249160226,1004.5251406660245,,,,,x,1,0.6133707079861779,None,p1,001,2025-09-30_13h36.55.308,untitled,,2025.1.1,120.18917727464621,2025-09-30 13h40.53.710155 +0530,
50,c,194,194,48,c,1,0.49731787500786595,None,,,,,48,194,194,2,1004.5312591660186,,1004.525708583009,1004.5312591660186,1005.5158817910124,1005.5158817910124,1005.5158817910124,1005.5158817910124,1005.5242092910048,1006.5241795410111,1006.5241795410111,1007.0254600830085,,,,,c,1,0.49731787500786595,None,p1,001,2025-09-30_13h36.55.308,untitled,,2025.1.1,120.18917727464621,2025-09-30 13h40.53.710155 +0530,
-150,z,195,195,47,z,1,0.5126325830060523,None,,,,,47,195,195,3,1007.0348744160146,,1007.0260011659993,1007.0348744160146,1008.0162584159989,1008.0162584159989,1008.0162584159989,1008.0162584159989,1008.0314387910184,1009.0239002910093,1009.0239002910093,1009.5424390000117,,,,,z,1,0.5126325830060523,None,p1,001,2025-09-30_13h36.55.308,untitled,,2025.1.1,120.18917727464621,2025-09-30 13h40.53.710155 +0530,
-150,z,196,196,48,z,1,0.48709816599148326,None,,,,,48,196,196,3,1009.5519530830206,,1009.5430018330226,1009.5519530830206,1010.5411515410233,1010.5411515410233,1010.5411515410233,1010.5411515410233,1010.5482511250011,1011.5405733750085,1011.5405733750085,1012.0325965830125,,,,,z,1,0.48709816599148326,None,p1,001,2025-09-30_13h36.55.308,untitled,,2025.1.1,120.18917727464621,2025-09-30 13h40.53.710155 +0530,
50,c,197,197,49,c,1,0.48340850000386126,None,,,,,49,197,197,2,1012.0584326660028,,1012.0331765830051,1012.0584326660028,1013.0320850410208,1013.0320850410208,1013.0320850410208,1013.0320850410208,1013.0489923330024,1014.0243162080005,1014.0243162080005,1014.5102740830043,,,,,c,1,0.48340850000386126,None,p1,001,2025-09-30_13h36.55.308,untitled,,2025.1.1,120.18917727464621,2025-09-30 13h40.53.710155 +0530,
-150,z,198,198,49,z,1,0.5612981659942307,None,,,,,49,198,198,3,1014.5243893750012,,1014.5110808330064,1014.5243893750012,1015.5078188330226,1015.5078188330226,1015.5078188330226,1015.5078188330226,1015.5147693750041,1016.5072829160199,1016.5072829160199,1017.075656416011,,,,,z,1,0.5612981659942307,None,p1,001,2025-09-30_13h36.55.308,untitled,,2025.1.1,120.18917727464621,2025-09-30 13h40.53.710155 +0530,
-50,x,199,199,49,x,1,0.5996308739995584,None,,,,,49,199,199,0,1017.0847985830042,,1017.076118625002,1017.0847985830042,1018.074521750008,1018.074521750008,1018.074521750008,1018.074521750008,1018.0810692910163,1019.0745296250097,1019.0745296250097,1019.675851958018,,,,,x,1,0.5996308739995584,None,p1,001,2025-09-30_13h36.55.308,untitled,,2025.1.1,120.18917727464621,2025-09-30 13h40.53.710155 +0530,
