pos,corr_resp,thisN,thisTrialN,thisRepN,key_resp.keys,key_resp.corr,key_resp.rt,key_resp.duration,trials.thisRepN,trials.thisTrialN,trials.thisN,trials.thisIndex,trials_2.thisRepN,trials_2.thisTrialN,trials_2.thisN,trials_2.thisIndex,thisRow.t,notes,trial.started,fixation.started,line1.started,line2.started,line3.started,line4.started,fixation.stopped,probe.started,key_resp.started,trial.stopped,trials.key_resp.keys,trials.key_resp.corr,trials.key_resp.rt,trials.key_resp.duration,trials_2.key_resp.keys,trials_2.key_resp.corr,trials_2.key_resp.rt,trials_2.key_resp.duration,participant,session,date,expName,expVersion,psychopyVersion,frameRate,expStart,
-50,x,0,0,0,x,1,9.36786079101148,None,0,0,0,0,,,,,0.049255666992394254,,0.03923999998369254,0.049255666992394254,1.013107457984006,1.013107457984006,1.013107457984006,1.013107457984006,1.0443345829844475,1.9978958329884335,1.9978958329884335,11.618206916988129,x,1,9.36786079101148,None,,,,,p2,001,2025-09-30_14h04.02.683,untitled,,2025.1.1,120.50279789496592,2025-09-30 14h04.18.850214 +0530,
150,v,1,1,0,v,1,1.5518593330052681,None,0,1,1,1,,,,,11.637088874995243,,11.618410249997396,11.637088874995243,12.613669999991544,12.613669999991544,12.613669999991544,12.613669999991544,12.65574195800582,13.61300279200077,13.61300279200077,15.172319292003522,v,1,1.5518593330052681,None,,,,,p2,001,2025-09-30_14h04.02.683,untitled,,2025.1.1,120.50279789496592,2025-09-30 14h04.18.850214 +0530,
50,c,2,2,0,c,1,2.1115062909957487,None,0,2,2,2,,,,,15.18161883301218,,15.172763832990313,15.18161883301218,16.164218666992383,16.164218666992383,16.164218666992383,16.164218666992383,16.173680832987884,17.162478207988897,17.162478207988897,19.279895957995905,c,1,2.1115062909957487,None,,,,,p2,001,2025-09-30_14h04.02.683,untitled,,2025.1.1,120.50279789496592,2025-09-30 14h04.18.850214 +0530,
-150,z,3,3,0,z,1,1.1044718329794705,None,0,3,3,3,,,,,19.30539145800867,,19.280358582996996,19.30539145800867,20.279503041994758,20.279503041994758,20.279503041994758,20.279503041994758,20.296008875011466,21.272413792001316,21.272413792001316,22.379960457998095,z,1,1.1044718329794705,None,,,,,p2,001,2025-09-30_14h04.02.683,untitled,,2025.1.1,120.50279789496592,2025-09-30 14h04.18.850214 +0530,
-50,x,4,0,1,x,1,0.7166240410006139,None,1,0,4,0,,,,,22.40542229200946,,22.380497083009686,22.40542229200946,23.37935041700257,23.37935041700257,23.37935041700257,23.37935041700257,23.39644241699716,24.389175916992826,24.389175916992826,25.113973375002388,x,1,0.7166240410006139,None,,,,,p2,001,2025-09-30_14h04.02.683,untitled,,2025.1.1,120.50279789496592,2025-09-30 14h04.18.850214 +0530,
150,v,5,1,1,v,1,0.41733862401451916,None,1,1,5,1,,,,,25.138850082992576,,25.114415249990998,25.138850082992576,26.106175458000507,26.106175458000507,26.106175458000507,26.106175458000507,26.13918175001163,27.112486875004834,27.112486875004834,27.540019749983912,v,1,0.41733862401451916,None,,,,,p2,001,2025-09-30_14h04.02.683,untitled,,2025.1.1,120.50279789496592,2025-09-30 14h04.18.850214 +0530,
50,c,6,2,1,c,1,0.6521554159990046,None,1,2,6,2,,,,,27.54952308299835,,27.540568083000835,27.54952308299835,28.538925500004552,28.538925500004552,28.538925500004552,28.538925500004552,28.54585558301187,29.53869983300683,29.53869983300683,30.19666179199703,c,1,0.6521554159990046,None,,,,,p2,001,2025-09-30_14h04.02.683,untitled,,2025.1.1,120.50279789496592,2025-09-30 14h04.18.850214 +0530,
-150,z,7,3,1,z,1,0.32357300000148825,None,1,3,7,3,,,,,30.205892666999716,,30.197104207996745,30.205892666999716,31.206263125000987,31.206263125000987,31.206263125000987,31.206263125000987,31.206263125000987,32.18925754199154,32.18925754199154,32.515933124988806,z,1,0.32357300000148825,None,,,,,p2,001,2025-09-30_14h04.02.683,untitled,,2025.1.1,120.50279789496592,2025-09-30 14h04.18.850214 +0530,
-50,x,8,0,2,x,1,0.5199284999980591,None,2,0,8,0,,,,,32.52534387499327,,32.51664845799678,32.52534387499327,33.513865457993234,33.513865457993234,33.513865457993234,33.513865457993234,33.53936345799593,34.51408395799808,34.51408395799808,35.03976854198845,x,1,0.5199284999980591,None,,,,,p2,001,2025-09-30_14h04.02.683,untitled,,2025.1.1,120.50279789496592,2025-09-30 14h04.18.850214 +0530,
150,v,9,1,2,v,1,0.39547633298207074,None,2,1,9,1,,,,,35.049429792008596,,35.04027829199913,35.049429792008596,36.02985125000123,36.02985125000123,36.02985125000123,36.02985125000123,36.046447917004116,37.05631520799943,37.05631520799943,37.456596500007436,v,1,0.39547633298207074,None,,,,,p2,001,2025-09-30_14h04.02.683,untitled,,2025.1.1,120.50279789496592,2025-09-30 14h04.18.850214 +0530,
50,c,10,2,2,c,1,1.1149848320055753,None,2,2,10,2,,,,,37.46526416699635,,37.456981875002384,37.46526416699635,38.44664912499138,38.44664912499138,38.44664912499138,38.44664912499138,38.46337479198701,39.47290666701156,39.47290666701156,40.590512750000926,c,1,1.1149848320055753,None,,,,,p2,001,2025-09-30_14h04.02.683,untitled,,2025.1.1,120.50279789496592,2025-09-30 14h04.18.850214 +0530,
-150,z,11,3,2,z,1,1.4955158750235569,None,2,3,11,3,,,,,40.60081537498627,,40.5910853749956,40.60081537498627,41.58945279198815,41.58945279198815,41.58945279198815,41.58945279198815,41.59624879198964,42.5983477080008,42.5983477080008,44.09956337499898,z,1,1.4955158750235569,None,,,,,p2,001,2025-09-30_14h04.02.683,untitled,,2025.1.1,120.50279789496592,2025-09-30 14h04.18.850214 +0530,
-50,x,12,0,3,x,1,0.5054640409944113,None,3,0,12,0,,,,,44.108988207997754,,44.1001264170045,44.108988207997754,45.107050874998095,45.107050874998095,45.107050874998095,45.107050874998095,45.123823417001404,46.09640683300677,46.09640683300677,46.60761425000965,x,1,0.5054640409944113,None,,,,,p2,001,2025-09-30_14h04.02.683,untitled,,2025.1.1,120.50279789496592,2025-09-30 14h04.18.850214 +0530,
150,v,13,1,3,v,1,0.2604923320177477,None,3,1,13,1,,,,,46.61750758299604,,46.608118583011674,46.61750758299604,47.60646499998984,47.60646499998984,47.60646499998984,47.60646499998984,47.61413674999494,48.606403582991334,48.606403582991334,48.87353962499765,v,1,0.2604923320177477,None,,,,,p2,001,2025-09-30_14h04.02.683,untitled,,2025.1.1,120.50279789496592,2025-09-30 14h04.18.850214 +0530,
50,c,14,2,3,c,1,0.5378236240067054,None,3,2,14,2,,,,,48.88232895798865,,48.873999333009124,48.88232895798865,49.86366191698471,49.86366191698471,49.86366191698471,49.86366191698471,49.88020283301012,50.86329849998583,50.86329849998583,51.4066149170103,c,1,0.5378236240067054,None,,,,,p2,001,2025-09-30_14h04.02.683,untitled,,2025.1.1,120.50279789496592,2025-09-30 14h04.18.850214 +0530,
-150,z,15,3,3,z,1,0.46899687402765267,None,3,3,15,3,,,,,51.415880207990995,,51.407078958000056,51.415880207990995,52.397296250012005,52.397296250012005,52.397296250012005,52.397296250012005,52.41368295799475,53.397344166995026,53.397344166995026,53.87483629200142,z,1,0.46899687402765267,None,,,,,p2,001,2025-09-30_14h04.02.683,untitled,,2025.1.1,120.50279789496592,2025-09-30 14h04.18.850214 +0530,
-50,x,16,0,4,x,1,0.3782926659914665,None,4,0,16,0,,,,,53.88949549998506,,53.87548879199312,53.88949549998506,54.87303458299721,54.87303458299721,54.87303458299721,54.87303458299721,54.880283917009365,55.8726524579979,55.8726524579979,56.257200332998764,x,1,0.3782926659914665,None,,,,,p2,001,2025-09-30_14h04.02.683,untitled,,2025.1.1,120.50279789496592,2025-09-30 14h04.18.850214 +0530,
150,v,17,1,4,v,1,0.3577672069950495,None,4,1,17,1,,,,,56.266369791992474,,56.25766050000675,56.266369791992474,57.256190957996296,57.256190957996296,57.256190957996296,57.256190957996296,57.26324008300435,58.25624920800328,58.25624920800328,58.62430508300895,v,1,0.3577672069950495,None,,,,,p2,001,2025-09-30_14h04.02.683,untitled,,2025.1.1,120.50279789496592,2025-09-30 14h04.18.850214 +0530,
50,c,18,2,4,c,1,0.39365195800201036,None,4,2,18,2,,,,,58.63437183300266,,58.62490704198717,58.63437183300266,59.62373087499873,59.62373087499873,59.62373087499873,59.62373087499873,59.631016291998094,60.63246625001193,60.63246625001193,61.03102095800568,c,1,0.39365195800201036,None,,,,,p2,001,2025-09-30_14h04.02.683,untitled,,2025.1.1,120.50279789496592,2025-09-30 14h04.18.850214 +0530,
-150,z,19,3,4,z,1,0.3425554159912281,None,4,3,19,3,,,,,61.042522832984105,,61.03159974998562,61.042522832984105,62.03163079198566,62.03163079198566,62.03163079198566,62.03163079198566,62.0566609170055,63.02340662499773,63.02340662499773,63.37432029200136,z,1,0.3425554159912281,None,,,,,p2,001,2025-09-30_14h04.02.683,untitled,,2025.1.1,120.50279789496592,2025-09-30 14h04.18.850214 +0530,
-50,x,20,0,5,x,1,0.38405329099623486,None,5,0,20,0,,,,,63.38446970799123,,63.374870917003136,63.38446970799123,64.37303891699412,64.37303891699412,64.37303891699412,64.37303891699412,64.38047512498451,65.37291445798473,65.37291445798473,65.76550129198586,x,1,0.38405329099623486,None,,,,,p2,001,2025-09-30_14h04.02.683,untitled,,2025.1.1,120.50279789496592,2025-09-30 14h04.18.850214 +0530,
150,v,21,1,5,v,1,0.3180080409802031,None,5,1,21,1,,,,,65.7756854580075,,65.76606887500384,65.7756854580075,66.76503637499991,66.76503637499991,66.76503637499991,66.76503637499991,66.79040933298529,67.76519108298817,67.76519108298817,68.09123791698948,v,1,0.3180080409802031,None,,,,,p2,001,2025-09-30_14h04.02.683,untitled,,2025.1.1,120.50279789496592,2025-09-30 14h04.18.850214 +0530,
50,c,22,2,5,c,1,0.3964832909987308,None,5,2,22,2,,,,,68.100074957998,,68.09167766699102,68.100074957998,69.089790041995,69.089790041995,69.089790041995,69.089790041995,69.09664341699681,70.0903460420086,70.0903460420086,70.49015804199735,c,1,0.3964832909987308,None,,,,,p2,001,2025-09-30_14h04.02.683,untitled,,2025.1.1,120.50279789496592,2025-09-30 14h04.18.850214 +0530,
-150,z,23,3,5,z,1,0.3052646249998361,None,5,3,23,3,,,,,70.49675525000202,,70.49049045800348,70.49675525000202,71.4815534579975,71.4815534579975,71.4815534579975,71.4815534579975,71.50688329199329,72.48273499999777,72.48273499999777,72.79121966700768,z,1,0.3052646249998361,None,,,,,p2,001,2025-09-30_14h04.02.683,untitled,,2025.1.1,120.50279789496592,2025-09-30 14h04.18.850214 +0530,
-50,x,24,0,6,x,1,0.39423012401675805,None,6,0,24,0,,,,,72.80083274998469,,72.79177262500161,72.80083274998469,73.79020966700045,73.79020966700045,73.79020966700045,73.79020966700045,73.79681658299523,74.78982504201122,74.78982504201122,75.19142258301144,x,1,0.39423012401675805,None,,,,,p2,001,2025-09-30_14h04.02.683,untitled,,2025.1.1,120.50279789496592,2025-09-30 14h04.18.850214 +0530,
150,v,25,1,6,v,1,0.2993536659923848,None,6,1,25,1,,,,,75.20180624999921,,75.1920101249998,75.20180624999921,76.19093991699629,76.19093991699629,76.19093991699629,76.19093991699629,76.19801299998653,77.19076374999713,77.19076374999713,77.49211412499426,v,1,0.2993536659923848,None,,,,,p2,001,2025-09-30_14h04.02.683,untitled,,2025.1.1,120.50279789496592,2025-09-30 14h04.18.850214 +0530,
50,c,26,2,6,c,1,0.5691450409940444,None,6,2,26,2,,,,,77.50672429200495,,77.49285791700822,77.50672429200495,78.49053012501099,78.49053012501099,78.49053012501099,78.49053012501099,78.49733879198902,79.4908866249898,79.4908866249898,80.06600150000304,c,1,0.5691450409940444,None,,,,,p2,001,2025-09-30_14h04.02.683,untitled,,2025.1.1,120.50279789496592,2025-09-30 14h04.18.850214 +0530,
-150,z,27,3,6,z,1,0.3729218330117874,None,6,3,27,3,,,,,80.07596499999636,,80.06656354200095,80.07596499999636,81.06458537498838,81.06458537498838,81.06458537498838,81.06458537498838,81.07333174999803,82.07424499999615,82.07424499999615,82.45811333300662,z,1,0.3729218330117874,None,,,,,p2,001,2025-09-30_14h04.02.683,untitled,,2025.1.1,120.50279789496592,2025-09-30 14h04.18.850214 +0530,
-50,x,28,0,7,x,1,0.32384929098770954,None,7,0,28,0,,,,,82.46758583298652,,82.45870216700132,82.46758583298652,83.45697220799047,83.45697220799047,83.45697220799047,83.45697220799047,83.46421016700333,84.45725295800366,84.45725295800366,84.78355095800362,x,1,0.32384929098770954,None,,,,,p2,001,2025-09-30_14h04.02.683,untitled,,2025.1.1,120.50279789496592,2025-09-30 14h04.18.850214 +0530,
150,v,29,1,7,v,1,0.29255799899692647,None,7,1,29,1,,,,,84.793489957985,,84.78410629200516,84.793489957985,85.78202645800775,85.78202645800775,85.78202645800775,85.78202645800775,85.80737841699738,86.78157737498987,86.78157737498987,87.08274549999624,v,1,0.29255799899692647,None,,,,,p2,001,2025-09-30_14h04.02.683,untitled,,2025.1.1,120.50279789496592,2025-09-30 14h04.18.850214 +0530,
50,c,30,2,7,c,1,0.6036429990199395,None,7,2,30,2,,,,,87.0925915419939,,87.08320970798377,87.0925915419939,88.08170554199023,88.08170554199023,88.08170554199023,88.08170554199023,88.09009174999665,89.0834453330026,89.0834453330026,89.69154129200615,c,1,0.6036429990199395,None,,,,,p2,001,2025-09-30_14h04.02.683,untitled,,2025.1.1,120.50279789496592,2025-09-30 14h04.18.850214 +0530,
-150,z,31,3,7,z,1,0.43804333297885023,None,7,3,31,3,,,,,89.70150433300296,,89.69207916699816,89.70150433300296,90.68073154200101,90.68073154200101,90.68073154200101,90.68073154200101,90.72424429201055,91.69104758300819,91.69104758300819,92.1323399170069,z,1,0.43804333297885023,None,,,,,p2,001,2025-09-30_14h04.02.683,untitled,,2025.1.1,120.50279789496592,2025-09-30 14h04.18.850214 +0530,
-50,x,32,0,8,x,1,0.44177595799556,None,8,0,32,0,,,,,92.1434657080099,,92.13290699999197,92.1434657080099,93.13214791700011,93.13214791700011,93.13214791700011,93.13214791700011,93.15764408299583,94.14124762499705,94.14124762499705,94.59175891699851,x,1,0.44177595799556,None,,,,,p2,001,2025-09-30_14h04.02.683,untitled,,2025.1.1,120.50279789496592,2025-09-30 14h04.18.850214 +0530,
150,v,33,1,8,v,1,0.8073320410039742,None,8,1,33,1,,,,,94.60185245799948,,94.59242583299056,94.60185245799948,95.59102645798703,95.59102645798703,95.59102645798703,95.59102645798703,95.59778750000987,96.58990254200762,96.58990254200762,97.40769845800241,v,1,0.8073320410039742,None,,,,,p2,001,2025-09-30_14h04.02.683,untitled,,2025.1.1,120.50279789496592,2025-09-30 14h04.18.850214 +0530,
50,c,34,2,8,c,1,0.5342558319971431,None,8,2,34,2,,,,,97.41715162500623,,97.40814124999451,97.41715162500623,98.39875558300992,98.39875558300992,98.39875558300992,98.39875558300992,98.44151499998407,99.42475649999687,99.42475649999687,99.97620562498923,c,1,0.5342558319971431,None,,,,,p2,001,2025-09-30_14h04.02.683,untitled,,2025.1.1,120.50279789496592,2025-09-30 14h04.18.850214 +0530,
-150,z,35,3,8,z,1,0.4633277489920147,None,8,3,35,3,,,,,99.98820575000718,,99.97679929199512,99.98820575000718,100.97409387500375,100.97409387500375,100.97409387500375,100.97409387500375,100.98245633300394,101.9738864999963,101.9738864999963,102.44241154199699,z,1,0.4633277489920147,None,,,,,p2,001,2025-09-30_14h04.02.683,untitled,,2025.1.1,120.50279789496592,2025-09-30 14h04.18.850214 +0530,
-50,x,36,0,9,x,1,0.47643420699751005,None,9,0,36,0,,,,,102.45236270799069,,102.44299408298684,102.45236270799069,103.44120566701167,103.44120566701167,103.44120566701167,103.44120566701167,103.44860662499559,104.44062912499066,104.44062912499066,104.92530716699548,x,1,0.47643420699751005,None,,,,,p2,001,2025-09-30_14h04.02.683,untitled,,2025.1.1,120.50279789496592,2025-09-30 14h04.18.850214 +0530,
150,v,37,1,9,v,1,0.3193291240022518,None,9,1,37,1,,,,,104.93517891698866,,104.92577266698936,104.93517891698866,105.92473674999201,105.92473674999201,105.92473674999201,105.92473674999201,105.93132233299548,106.92394762500771,106.92394762500771,107.24889945800533,v,1,0.3193291240022518,None,,,,,p2,001,2025-09-30_14h04.02.683,untitled,,2025.1.1,120.50279789496592,2025-09-30 14h04.18.850214 +0530,
50,c,38,2,9,c,1,0.9896074569842312,None,9,2,38,2,,,,,107.27471383300144,,107.24945800000569,107.27471383300144,108.24826366698835,108.24826366698835,108.24826366698835,108.24826366698835,108.26454504200956,109.24071358298534,109.24071358298534,110.23455666701193,c,1,0.9896074569842312,None,,,,,p2,001,2025-09-30_14h04.02.683,untitled,,2025.1.1,120.50279789496592,2025-09-30 14h04.18.850214 +0530,
-150,z,39,3,9,z,1,0.3294425409985706,None,9,3,39,3,,,,,110.24396929200157,,110.23511812501238,110.24396929200157,111.23278575000586,111.23278575000586,111.23278575000586,111.23278575000586,111.25798699998995,112.2417552919942,112.2417552919942,112.57542391700554,z,1,0.3294425409985706,None,,,,,p2,001,2025-09-30_14h04.02.683,untitled,,2025.1.1,120.50279789496592,2025-09-30 14h04.18.850214 +0530,
-50,x,40,0,10,x,1,0.5173727489891462,None,10,0,40,0,,,,,112.58450379199348,,112.57595062500332,112.58450379199348,113.57469645800302,113.57469645800302,113.57469645800302,113.57469645800302,113.58143583300989,114.59179504201165,114.59179504201165,115.11596420800197,x,1,0.5173727489891462,None,,,,,p2,001,2025-09-30_14h04.02.683,untitled,,2025.1.1,120.50279789496592,2025-09-30 14h04.18.850214 +0530,
150,v,41,1,10,v,1,0.3301523329864722,None,10,1,41,1,,,,,115.14167174999602,,115.11653170798672,115.14167174999602,116.11537495799712,116.11537495799712,116.11537495799712,116.11537495799712,116.13187145799748,117.10802079198766,117.10802079198766,117.44233387499116,v,1,0.3301523329864722,None,,,,,p2,001,2025-09-30_14h04.02.683,untitled,,2025.1.1,120.50279789496592,2025-09-30 14h04.18.850214 +0530,
50,c,42,2,10,c,1,0.42650866601616144,None,10,2,42,2,,,,,117.45296766699175,,117.44291537499521,117.45296766699175,118.4410824580118,118.4410824580118,118.4410824580118,118.4410824580118,118.44837662499049,119.44108462499571,119.44108462499571,119.87674516698462,c,1,0.42650866601616144,None,,,,,p2,001,2025-09-30_14h04.02.683,untitled,,2025.1.1,120.50279789496592,2025-09-30 14h04.18.850214 +0530,
-150,z,43,3,10,z,1,0.37448804097948596,None,10,3,43,3,,,,,119.8909679169883,,119.8774254169839,119.8909679169883,120.87439774998347,120.87439774998347,120.87439774998347,120.87439774998347,120.88137787499,121.87475595800788,121.87475595800788,122.25908625000739,z,1,0.37448804097948596,None,,,,,p2,001,2025-09-30_14h04.02.683,untitled,,2025.1.1,120.50279789496592,2025-09-30 14h04.18.850214 +0530,
-50,x,44,0,11,x,1,0.40352829100447707,None,11,0,44,0,,,,,122.26867374998983,,122.25965012499364,122.26867374998983,123.25851949999924,123.25851949999924,123.25851949999924,123.25851949999924,123.26560958300252,124.25782379199518,124.25782379199518,124.6658303749864,x,1,0.40352829100447707,None,,,,,p2,001,2025-09-30_14h04.02.683,untitled,,2025.1.1,120.50279789496592,2025-09-30 14h04.18.850214 +0530,
150,v,45,1,11,v,1,0.3052334160020109,None,11,1,45,1,,,,,124.6919564169948,,124.66645570800756,124.6919564169948,125.65831237498787,125.65831237498787,125.65831237498787,125.65831237498787,125.6822880829859,126.67508191699744,126.67508191699744,126.9936797079863,v,1,0.3052334160020109,None,,,,,p2,001,2025-09-30_14h04.02.683,untitled,,2025.1.1,120.50279789496592,2025-09-30 14h04.18.850214 +0530,
50,c,46,2,11,c,1,0.31732845699298196,None,11,2,46,2,,,,,127.00515591699514,,126.99441087499144,127.00515591699514,127.99175770799047,127.99175770799047,127.99175770799047,127.99175770799047,127.99850841698935,128.9919081669941,128.9919081669941,129.31598441698588,c,1,0.31732845699298196,None,,,,,p2,001,2025-09-30_14h04.02.683,untitled,,2025.1.1,120.50279789496592,2025-09-30 14h04.18.850214 +0530,
-150,z,47,3,11,z,1,0.25770679098786786,None,11,3,47,3,,,,,129.34158587499405,,129.3165464999911,129.34158587499405,130.3089886670059,130.3089886670059,130.3089886670059,130.3089886670059,130.33233083298546,131.30754558299668,131.30754558299668,131.57748300000094,z,1,0.25770679098786786,None,,,,,p2,001,2025-09-30_14h04.02.683,untitled,,2025.1.1,120.50279789496592,2025-09-30 14h04.18.850214 +0530,
-50,x,48,0,12,x,1,0.3690460830111988,None,12,0,48,0,,,,,131.58949829198536,,131.5783085830044,131.58949829198536,132.57462266698712,132.57462266698712,132.57462266698712,132.57462266698712,132.58138099999633,133.57525216700742,133.57525216700742,133.95051712499117,x,1,0.3690460830111988,None,,,,,p2,001,2025-09-30_14h04.02.683,untitled,,2025.1.1,120.50279789496592,2025-09-30 14h04.18.850214 +0530,
150,v,49,1,12,v,1,0.26457041600951925,None,12,1,49,1,,,,,133.96115870799986,,133.95097437500954,133.96115870799986,134.9490141249844,134.9490141249844,134.9490141249844,134.9490141249844,134.95792570800404,135.94877212500433,135.94877212500433,136.21676608300186,v,1,0.26457041600951925,None,,,,,p2,001,2025-09-30_14h04.02.683,untitled,,2025.1.1,120.50279789496592,2025-09-30 14h04.18.850214 +0530,
50,c,50,2,12,v,0,0.37733570800628513,None,12,2,50,2,,,,,136.24208112500492,,136.21732441699714,136.24208112500492,137.21635966698523,137.21635966698523,137.21635966698523,137.21635966698523,137.2314160419919,138.21596525001223,138.21596525001223,138.59993233298883,v,0,0.37733570800628513,None,,,,,p2,001,2025-09-30_14h04.02.683,untitled,,2025.1.1,120.50279789496592,2025-09-30 14h04.18.850214 +0530,
-150,z,51,3,12,z,1,0.3834857909823768,None,12,3,51,3,,,,,138.62562750000507,,138.60048950000782,138.62562750000507,139.59927000000607,139.59927000000607,139.59927000000607,139.59927000000607,139.61612083300133,140.59987037500832,140.59987037500832,140.9929053329979,z,1,0.3834857909823768,None,,,,,p2,001,2025-09-30_14h04.02.683,untitled,,2025.1.1,120.50279789496592,2025-09-30 14h04.18.850214 +0530,
-50,x,52,0,13,x,1,0.38084116601385176,None,13,0,52,0,,,,,141.00181920800242,,140.99342058299226,141.00181920800242,141.99161279198597,141.99161279198597,141.99161279198597,141.99161279198597,141.99886283298838,142.98454216698883,142.98454216698883,143.3762996669975,x,1,0.38084116601385176,None,,,,,p2,001,2025-09-30_14h04.02.683,untitled,,2025.1.1,120.50279789496592,2025-09-30 14h04.18.850214 +0530,
150,v,53,1,13,v,1,0.3805043750035111,None,13,1,53,1,,,,,143.38640687501174,,143.37685866700485,143.38640687501174,144.37491895799758,144.37491895799758,144.37491895799758,144.37491895799758,144.3821365420008,145.37485895800637,145.37485895800637,145.7596340419841,v,1,0.3805043750035111,None,,,,,p2,001,2025-09-30_14h04.02.683,untitled,,2025.1.1,120.50279789496592,2025-09-30 14h04.18.850214 +0530,
50,c,54,2,13,c,1,0.6784792079997715,None,13,2,54,2,,,,,145.7694541249948,,145.76020029198844,145.7694541249948,146.75837558298372,146.75837558298372,146.75837558298372,146.75837558298372,146.765252082987,147.75887695798883,147.75887695798883,148.44306879199576,c,1,0.6784792079997715,None,,,,,p2,001,2025-09-30_14h04.02.683,untitled,,2025.1.1,120.50279789496592,2025-09-30 14h04.18.850214 +0530,
-150,z,55,3,13,z,1,0.2667277909931727,None,13,3,55,3,,,,,148.45282983299694,,148.44362404200365,148.45282983299694,149.441995125002,149.441995125002,149.441995125002,149.441995125002,149.44901233300334,150.44261729199206,150.44261729199206,150.71827149999444,z,1,0.2667277909931727,None,,,,,p2,001,2025-09-30_14h04.02.683,untitled,,2025.1.1,120.50279789496592,2025-09-30 14h04.18.850214 +0530,
-50,x,56,0,14,x,1,0.5227264989807736,None,14,0,56,0,,,,,150.7278502919944,,150.71882149999146,150.7278502919944,151.7161847499956,151.7161847499956,151.7161847499956,151.7161847499956,151.72506191700813,152.71668179199332,152.71668179199332,153.24321366701042,x,1,0.5227264989807736,None,,,,,p2,001,2025-09-30_14h04.02.683,untitled,,2025.1.1,120.50279789496592,2025-09-30 14h04.18.850214 +0530,
150,v,57,1,14,v,1,0.2895328320155386,None,14,1,57,1,,,,,153.25314437499037,,153.24376487499103,153.25314437499037,154.24191704200348,154.24191704200348,154.24191704200348,154.24191704200348,154.24951237501227,155.24186891698628,155.24186891698628,155.53472887500538,v,1,0.2895328320155386,None,,,,,p2,001,2025-09-30_14h04.02.683,untitled,,2025.1.1,120.50279789496592,2025-09-30 14h04.18.850214 +0530,
50,c,58,2,14,c,1,0.44516079098684713,None,14,2,58,2,,,,,155.54451820798567,,155.53526129201055,155.54451820798567,156.53299870798946,156.53299870798946,156.53299870798946,156.53299870798946,156.54197975000716,157.5331922500045,157.5331922500045,157.98478820800665,c,1,0.44516079098684713,None,,,,,p2,001,2025-09-30_14h04.02.683,untitled,,2025.1.1,120.50279789496592,2025-09-30 14h04.18.850214 +0530,
-150,z,59,3,14,z,1,0.2665489570063073,None,14,3,59,3,,,,,157.9947952920047,,157.98541595798451,157.9947952920047,158.98277537498507,158.98277537498507,158.98277537498507,158.98277537498507,158.9918518330087,159.99275375000434,159.99275375000434,160.26653074999922,z,1,0.2665489570063073,None,,,,,p2,001,2025-09-30_14h04.02.683,untitled,,2025.1.1,120.50279789496592,2025-09-30 14h04.18.850214 +0530,
-50,x,60,0,15,x,1,0.4150909580057487,None,15,0,60,0,,,,,160.29210650001187,,160.26709062498412,160.29210650001187,161.25895470799878,161.25895470799878,161.25895470799878,161.25895470799878,161.28190825000638,162.26629437500378,162.26629437500378,162.68417387499358,x,1,0.4150909580057487,None,,,,,p2,001,2025-09-30_14h04.02.683,untitled,,2025.1.1,120.50279789496592,2025-09-30 14h04.18.850214 +0530,
150,v,61,1,15,v,1,0.2748008740018122,None,15,1,61,1,,,,,162.6941838329949,,162.68472308298806,162.6941838329949,163.68385279198992,163.68385279198992,163.68385279198992,163.68385279198992,163.70914749999065,164.70951354200952,164.70951354200952,164.99357020799653,v,1,0.2748008740018122,None,,,,,p2,001,2025-09-30_14h04.02.683,untitled,,2025.1.1,120.50279789496592,2025-09-30 14h04.18.850214 +0530,
50,c,62,2,15,c,1,0.541458916006377,None,15,2,62,2,,,,,165.00356008298695,,164.9942385419854,165.00356008298695,165.99220558299567,165.99220558299567,165.99220558299567,165.99220558299567,165.99904525000602,166.99211741698673,166.99211741698673,167.542738499993,c,1,0.541458916006377,None,,,,,p2,001,2025-09-30_14h04.02.683,untitled,,2025.1.1,120.50279789496592,2025-09-30 14h04.18.850214 +0530,
-150,z,63,3,15,z,1,0.2994108750135638,None,15,3,63,3,,,,,167.5521701250109,,167.54317291700863,167.5521701250109,168.53428404199076,168.53428404199076,168.53428404199076,168.53428404199076,168.57660062500509,169.5330650419928,169.5330650419928,169.8348407500016,z,1,0.2994108750135638,None,,,,,p2,001,2025-09-30_14h04.02.683,untitled,,2025.1.1,120.50279789496592,2025-09-30 14h04.18.850214 +0530,
-50,x,64,0,16,x,1,0.5468820410023909,None,16,0,64,0,,,,,169.8449011670018,,169.8354081249854,169.8449011670018,170.83340524998493,170.83340524998493,170.83340524998493,170.83340524998493,170.84217287501087,171.83461212500697,171.83461212500697,172.38365274999524,x,1,0.5468820410023909,None,,,,,p2,001,2025-09-30_14h04.02.683,untitled,,2025.1.1,120.50279789496592,2025-09-30 14h04.18.850214 +0530,
150,v,65,1,16,v,1,0.29926370800239965,None,16,1,65,1,,,,,172.39171508300933,,172.38417879201006,172.39171508300933,173.3761717499874,173.3761717499874,173.3761717499874,173.3761717499874,173.38364245800767,174.39320212500752,174.39320212500752,174.70121400000062,v,1,0.29926370800239965,None,,,,,p2,001,2025-09-30_14h04.02.683,untitled,,2025.1.1,120.50279789496592,2025-09-30 14h04.18.850214 +0530,
50,c,66,2,16,c,1,0.37939799900050275,None,16,2,66,2,,,,,174.71111949998885,,174.70176383299986,174.71111949998885,175.70086345801246,175.70086345801246,175.70086345801246,175.70086345801246,175.7261816250102,176.7000796670036,176.7000796670036,177.0950388330093,c,1,0.37939799900050275,None,,,,,p2,001,2025-09-30_14h04.02.683,untitled,,2025.1.1,120.50279789496592,2025-09-30 14h04.18.850214 +0530,
-150,z,67,3,16,z,1,0.2877282490080688,None,16,3,67,3,,,,,177.10679824999534,,177.09584875000292,177.10679824999534,178.09267133299727,178.09267133299727,178.09267133299727,178.09267133299727,178.10064837499522,179.09188504199847,179.09188504199847,179.3851830420026,z,1,0.2877282490080688,None,,,,,p2,001,2025-09-30_14h04.02.683,untitled,,2025.1.1,120.50279789496592,2025-09-30 14h04.18.850214 +0530,
-50,x,68,0,17,x,1,0.487245415977668,None,17,0,68,0,,,,,179.39507841700106,,179.3856790419959,179.39507841700106,180.38415024999995,180.38415024999995,180.38415024999995,180.38415024999995,180.40966783300973,181.39327312499518,181.39327312499518,181.88439762499183,x,1,0.487245415977668,None,,,,,p2,001,2025-09-30_14h04.02.683,untitled,,2025.1.1,120.50279789496592,2025-09-30 14h04.18.850214 +0530,
150,v,69,1,17,v,1,0.3349593330058269,None,17,1,69,1,,,,,181.89581454198924,,181.88494020799408,181.89581454198924,182.8831852079893,182.8831852079893,182.8831852079893,182.8831852079893,182.89258129199152,183.8934756249946,183.8934756249946,184.23523024999304,v,1,0.3349593330058269,None,,,,,p2,001,2025-09-30_14h04.02.683,untitled,,2025.1.1,120.50279789496592,2025-09-30 14h04.18.850214 +0530,
50,c,70,2,17,c,1,0.4337123319855891,None,17,2,70,2,,,,,184.24538649999886,,184.23579524998786,184.24538649999886,185.2347203750105,185.2347203750105,185.2347203750105,185.2347203750105,185.2598707920115,186.23378241699538,186.23378241699538,186.67743700000574,c,1,0.4337123319855891,None,,,,,p2,001,2025-09-30_14h04.02.683,untitled,,2025.1.1,120.50279789496592,2025-09-30 14h04.18.850214 +0530,
-150,z,71,3,17,z,1,0.4885934989724774,None,17,3,71,3,,,,,186.6873285420006,,186.67797029198846,186.6873285420006,187.67703600000823,187.67703600000823,187.67703600000823,187.67703600000823,187.68414279198623,188.67597479198594,188.67597479198594,189.16758387500886,z,1,0.4885934989724774,None,,,,,p2,001,2025-09-30_14h04.02.683,untitled,,2025.1.1,120.50279789496592,2025-09-30 14h04.18.850214 +0530,
-50,x,72,0,18,x,1,0.3814754999766592,None,18,0,72,0,,,,,189.17897300000186,,189.16816020800616,189.17897300000186,190.16694158301107,190.16694158301107,190.16694158301107,190.16694158301107,190.1760881250084,191.16010966699105,191.16010966699105,191.54533162500593,x,1,0.3814754999766592,None,,,,,p2,001,2025-09-30_14h04.02.683,untitled,,2025.1.1,120.50279789496592,2025-09-30 14h04.18.850214 +0530,
150,v,73,1,18,v,1,0.3028106660058256,None,18,1,73,1,,,,,191.55674741699477,,191.5459874169901,191.55674741699477,192.54276862498955,192.54276862498955,192.54276862498955,192.54276862498955,192.55086124999798,193.5427254170063,193.5427254170063,193.86207366699819,v,1,0.3028106660058256,None,,,,,p2,001,2025-09-30_14h04.02.683,untitled,,2025.1.1,120.50279789496592,2025-09-30 14h04.18.850214 +0530,
50,c,74,2,18,c,1,0.4147852069872897,None,18,2,74,2,,,,,193.87299400000484,,193.86274687500554,193.87299400000484,194.85995241699857,194.85995241699857,194.85995241699857,194.85995241699857,194.86737454199465,195.85991229198407,195.85991229198407,196.27723187499214,c,1,0.4147852069872897,None,,,,,p2,001,2025-09-30_14h04.02.683,untitled,,2025.1.1,120.50279789496592,2025-09-30 14h04.18.850214 +0530,
-150,z,75,3,18,z,1,0.2995956240047235,None,18,3,75,3,,,,,196.2834982080094,,196.2777081670065,196.2834982080094,197.26788800000213,197.26788800000213,197.26788800000213,197.26788800000213,197.29340737499297,198.276999624999,198.276999624999,198.5847009579884,z,1,0.2995956240047235,None,,,,,p2,001,2025-09-30_14h04.02.683,untitled,,2025.1.1,120.50279789496592,2025-09-30 14h04.18.850214 +0530,
-50,x,76,0,19,x,1,0.5197756240086164,None,19,0,76,0,,,,,198.61032162499032,,198.58522920799442,198.61032162499032,199.5937920830038,199.5937920830038,199.5937920830038,199.5937920830038,199.6005271670001,200.5937647499959,200.5937647499959,201.11821095799678,x,1,0.5197756240086164,None,,,,,p2,001,2025-09-30_14h04.02.683,untitled,,2025.1.1,120.50279789496592,2025-09-30 14h04.18.850214 +0530,
150,v,77,1,19,v,1,0.43265408198931254,None,19,1,77,1,,,,,201.14367324998602,,201.11873858299805,201.14367324998602,202.1175904579868,202.1175904579868,202.1175904579868,202.1175904579868,202.13403091699,203.11693687501247,203.11693687501247,203.55145933298627,v,1,0.43265408198931254,None,,,,,p2,001,2025-09-30_14h04.02.683,untitled,,2025.1.1,120.50279789496592,2025-09-30 14h04.18.850214 +0530,
50,c,78,2,19,c,1,0.5908533739857376,None,19,2,78,2,,,,,203.55956845800392,,203.5519614169898,203.55956845800392,204.54341783298878,204.54341783298878,204.54341783298878,204.54341783298878,204.55059108301066,205.54365545799374,205.54365545799374,206.13638700000593,c,1,0.5908533739857376,None,,,,,p2,001,2025-09-30_14h04.02.683,untitled,,2025.1.1,120.50279789496592,2025-09-30 14h04.18.850214 +0530,
-150,z,79,3,19,z,1,0.29791349900187925,None,19,3,79,3,,,,,206.1462181250099,,206.13688566698693,206.1462181250099,207.13497233300586,207.13497233300586,207.13497233300586,207.13497233300586,207.16038295798353,208.16049954199116,208.16049954199116,208.47872975000064,z,1,0.29791349900187925,None,,,,,p2,001,2025-09-30_14h04.02.683,untitled,,2025.1.1,120.50279789496592,2025-09-30 14h04.18.850214 +0530,
-50,x,80,0,20,x,1,0.7121549570001662,None,20,0,80,0,,,,,208.4930980420031,,208.47944141700282,208.4930980420031,209.4765799579909,209.4765799579909,209.4765799579909,209.4765799579909,209.48404020798625,210.4764423329907,210.4764423329907,211.1944883329852,x,1,0.7121549570001662,None,,,,,p2,001,2025-09-30_14h04.02.683,untitled,,2025.1.1,120.50279789496592,2025-09-30 14h04.18.850214 +0530,
150,v,81,1,20,v,1,0.29013037399272434,None,20,1,81,1,,,,,211.20414391698432,,211.19501175000914,211.20414391698432,212.193815000006,212.193815000006,212.193815000006,212.193815000006,212.20097416700446,213.19340787499095,213.19340787499095,213.4958185419964,v,1,0.29013037399272434,None,,,,,p2,001,2025-09-30_14h04.02.683,untitled,,2025.1.1,120.50279789496592,2025-09-30 14h04.18.850214 +0530,
50,c,82,2,20,c,1,0.492604207014665,None,20,2,82,2,,,,,213.50724620799883,,213.4965179169958,213.50724620799883,214.4935967499914,214.4935967499914,214.4935967499914,214.4935967499914,214.50064820799162,215.4939326249878,215.4939326249878,215.99462245800532,c,1,0.492604207014665,None,,,,,p2,001,2025-09-30_14h04.02.683,untitled,,2025.1.1,120.50279789496592,2025-09-30 14h04.18.850214 +0530,
-150,z,83,3,20,z,1,0.3140712070162408,None,20,3,83,3,,,,,216.00341637499514,,215.9951314580103,216.00341637499514,216.99398945798748,216.99398945798748,216.99398945798748,216.99398945798748,217.00112183298916,218.0106028750015,218.0106028750015,218.32905920798657,z,1,0.3140712070162408,None,,,,,p2,001,2025-09-30_14h04.02.683,untitled,,2025.1.1,120.50279789496592,2025-09-30 14h04.18.850214 +0530,
-50,x,84,0,21,x,1,0.31184116599615663,None,21,0,84,0,,,,,218.34087245800765,,218.32972362500732,218.34087245800765,219.3274707919918,219.3274707919918,219.3274707919918,219.3274707919918,219.33428675000323,220.32680491698557,220.32680491698557,220.6441437919857,x,1,0.31184116599615663,None,,,,,p2,001,2025-09-30_14h04.02.683,untitled,,2025.1.1,120.50279789496592,2025-09-30 14h04.18.850214 +0530,
150,v,85,1,21,v,1,0.38146037398837507,None,21,1,85,1,,,,,220.6531660000037,,220.64455966700916,220.6531660000037,221.6344785419933,221.6344785419933,221.6344785419933,221.6344785419933,221.65037666700664,222.63518987499992,222.63518987499992,223.01949191698804,v,1,0.38146037398837507,None,,,,,p2,001,2025-09-30_14h04.02.683,untitled,,2025.1.1,120.50279789496592,2025-09-30 14h04.18.850214 +0530,
50,c,86,2,21,c,1,0.442311165999854,None,21,2,86,2,,,,,223.0296690420073,,223.0200630420004,223.0296690420073,224.0110539580055,224.0110539580055,224.0110539580055,224.0110539580055,224.0268041669915,225.0183411249891,225.0183411249891,225.46294858300826,c,1,0.442311165999854,None,,,,,p2,001,2025-09-30_14h04.02.683,untitled,,2025.1.1,120.50279789496592,2025-09-30 14h04.18.850214 +0530,
-150,z,87,3,21,z,1,0.27091099999961443,None,21,3,87,3,,,,,225.47463133299607,,225.46363587499945,225.47463133299607,226.46095654199598,226.46095654199598,226.46095654199598,226.46095654199598,226.46840858299402,227.46972329198616,227.46972329198616,227.7448623329983,z,1,0.27091099999961443,None,,,,,p2,001,2025-09-30_14h04.02.683,untitled,,2025.1.1,120.50279789496592,2025-09-30 14h04.18.850214 +0530,
-50,x,88,0,22,c,0,0.4299766659969464,None,22,0,88,0,,,,,227.75477925001178,,227.74539654198452,227.75477925001178,228.7442049169913,228.7442049169913,228.7442049169913,228.7442049169913,228.7511424999975,229.7437012080045,229.7437012080045,230.17841837499873,c,0,0.4299766659969464,None,,,,,p2,001,2025-09-30_14h04.02.683,untitled,,2025.1.1,120.50279789496592,2025-09-30 14h04.18.850214 +0530,
150,v,89,1,22,v,1,0.3236997489875648,None,22,1,89,1,,,,,230.18856929198955,,230.1790959580103,230.18856929198955,231.1778444579977,231.1778444579977,231.1778444579977,231.1778444579977,231.1850365829887,232.17708175000735,232.17708175000735,232.50278020798578,v,1,0.3236997489875648,None,,,,,p2,001,2025-09-30_14h04.02.683,untitled,,2025.1.1,120.50279789496592,2025-09-30 14h04.18.850214 +0530,
50,c,90,2,22,c,1,0.48876654100604355,None,22,2,90,2,,,,,232.51061420800397,,232.50330949999625,232.51061420800397,233.50136841699714,233.50136841699714,233.50136841699714,233.50136841699714,233.50136841699714,234.50192758298363,234.50192758298363,234.9952850000118,c,1,0.48876654100604355,None,,,,,p2,001,2025-09-30_14h04.02.683,untitled,,2025.1.1,120.50279789496592,2025-09-30 14h04.18.850214 +0530,
-150,z,91,3,22,z,1,0.26437366599566303,None,22,3,91,3,,,,,235.0057512499916,,234.99583162501222,235.0057512499916,235.99388012499548,235.99388012499548,235.99388012499548,235.99388012499548,236.00050962500973,236.99424649999128,236.99424649999128,237.2792756249837,z,1,0.26437366599566303,None,,,,,p2,001,2025-09-30_14h04.02.683,untitled,,2025.1.1,120.50279789496592,2025-09-30 14h04.18.850214 +0530,
-50,x,92,0,23,x,1,0.4024947069992777,None,23,0,92,0,,,,,237.29427841698634,,237.2799474170024,237.29427841698634,238.27729050000198,238.27729050000198,238.27729050000198,238.27729050000198,238.28375683299964,239.27810487500392,239.27810487500392,239.6866066250077,x,1,0.4024947069992777,None,,,,,p2,001,2025-09-30_14h04.02.683,untitled,,2025.1.1,120.50279789496592,2025-09-30 14h04.18.850214 +0530,
150,v,93,1,23,v,1,0.3646408330241684,None,23,1,93,1,,,,,239.69673587501165,,239.6872320419934,239.69673587501165,240.68505758300307,240.68505758300307,240.68505758300307,240.68505758300307,240.69382424998912,241.68501837499207,241.68501837499207,242.05215920798946,v,1,0.3646408330241684,None,,,,,p2,001,2025-09-30_14h04.02.683,untitled,,2025.1.1,120.50279789496592,2025-09-30 14h04.18.850214 +0530,
50,c,94,2,23,c,1,0.3463020829949528,None,23,2,94,2,,,,,242.06067516698386,,242.05268875000183,242.06067516698386,243.05132329199114,243.05132329199114,243.05132329199114,243.05132329199114,243.05132329199114,244.04441383300582,244.04441383300582,244.39529099999345,c,1,0.3463020829949528,None,,,,,p2,001,2025-09-30_14h04.02.683,untitled,,2025.1.1,120.50279789496592,2025-09-30 14h04.18.850214 +0530,
-150,z,95,3,23,z,1,0.3010058749932796,None,23,3,95,3,,,,,244.40477933301008,,244.39580233299057,244.40477933301008,245.39441304199863,245.39441304199863,245.39441304199863,245.39441304199863,245.4012721249892,246.3946700829838,246.3946700829838,246.70372604200384,z,1,0.3010058749932796,None,,,,,p2,001,2025-09-30_14h04.02.683,untitled,,2025.1.1,120.50279789496592,2025-09-30 14h04.18.850214 +0530,
-50,x,96,0,24,x,1,0.5229854570061434,None,24,0,96,0,,,,,246.71387704199878,,246.70427250000648,246.71387704199878,247.70191637499374,247.70191637499374,247.70191637499374,247.70191637499374,247.71083733299747,248.7117894999974,248.7117894999974,249.23655433300883,x,1,0.5229854570061434,None,,,,,p2,001,2025-09-30_14h04.02.683,untitled,,2025.1.1,120.50279789496592,2025-09-30 14h04.18.850214 +0530,
150,v,97,1,24,v,1,0.30415949897724204,None,24,1,97,1,,,,,249.24665587500203,,249.23716720798984,249.24665587500203,250.23531604200252,250.23531604200252,250.23531604200252,250.23531604200252,250.2440653750091,251.23557658298523,251.23557658298523,251.54551858300692,v,1,0.30415949897724204,None,,,,,p2,001,2025-09-30_14h04.02.683,untitled,,2025.1.1,120.50279789496592,2025-09-30 14h04.18.850214 +0530,
50,c,98,2,24,c,1,0.4675502489844803,None,24,2,98,2,,,,,251.55498141699354,,251.54605545799132,251.55498141699354,252.54444770800183,252.54444770800183,252.54444770800183,252.54444770800183,252.55201895799837,253.54425700000138,253.54425700000138,254.0188833749853,c,1,0.4675502489844803,None,,,,,p2,001,2025-09-30_14h04.02.683,untitled,,2025.1.1,120.50279789496592,2025-09-30 14h04.18.850214 +0530,
-150,z,99,3,24,z,1,0.3971499580075033,None,24,3,99,3,,,,,254.0447097499855,,254.01942812500056,254.0447097499855,255.01966583300964,255.01966583300964,255.01966583300964,255.01966583300964,255.06179233299918,256.0207007499994,256.0207007499994,256.42902662500273,z,1,0.3971499580075033,None,,,,,p2,001,2025-09-30_14h04.02.683,untitled,,2025.1.1,120.50279789496592,2025-09-30 14h04.18.850214 +0530,
-50,x,100,0,25,x,1,0.36812245700275525,None,25,0,100,0,,,,,256.4386424999975,,256.42956379198586,256.4386424999975,257.42773737499374,257.42773737499374,257.42773737499374,257.42773737499374,257.4344622500066,258.4276045830047,258.4276045830047,258.8029903330025,x,1,0.36812245700275525,None,,,,,p2,001,2025-09-30_14h04.02.683,untitled,,2025.1.1,120.50279789496592,2025-09-30 14h04.18.850214 +0530,
150,v,101,1,25,v,1,0.33074870801647194,None,25,1,101,1,,,,,258.81399179200525,,258.8036679580109,258.81399179200525,259.7950132919941,259.7950132919941,259.7950132919941,259.7950132919941,259.8110932499985,260.8119585420063,260.8119585420063,261.14603562498814,v,1,0.33074870801647194,None,,,,,p2,001,2025-09-30_14h04.02.683,untitled,,2025.1.1,120.50279789496592,2025-09-30 14h04.18.850214 +0530,
50,c,102,2,25,c,1,0.4207048329990357,None,25,2,102,2,,,,,261.15547720799805,,261.1465799580037,261.15547720799805,262.14551274999394,262.14551274999394,262.14551274999394,262.14551274999394,262.15270958299516,263.1451283330098,263.1451283330098,263.5701704999956,c,1,0.4207048329990357,None,,,,,p2,001,2025-09-30_14h04.02.683,untitled,,2025.1.1,120.50279789496592,2025-09-30 14h04.18.850214 +0530,
-150,z,103,3,25,z,1,0.3095562910020817,None,25,3,103,3,,,,,263.5951730000088,,263.5705944579968,263.5951730000088,264.5688616670086,264.5688616670086,264.5688616670086,264.5688616670086,264.5850142079871,265.5952417080116,265.5952417080116,265.93036112500704,z,1,0.3095562910020817,None,,,,,p2,001,2025-09-30_14h04.02.683,untitled,,2025.1.1,120.50279789496592,2025-09-30 14h04.18.850214 +0530,
-50,x,104,0,26,x,1,0.4037254159920849,None,26,0,104,0,,,,,265.9446181250096,,265.93118658300955,265.9446181250096,266.9277622500085,266.9277622500085,266.9277622500085,266.9277622500085,266.93566379198455,267.9451431669877,267.9451431669877,268.3532031670038,x,1,0.4037254159920849,None,,,,,p2,001,2025-09-30_14h04.02.683,untitled,,2025.1.1,120.50279789496592,2025-09-30 14h04.18.850214 +0530,
150,v,105,1,26,v,1,0.30482137398212217,None,26,1,105,1,,,,,268.37819341701106,,268.3536587499839,268.37819341701106,269.35174354200717,269.35174354200717,269.35174354200717,269.35174354200717,269.36771558300825,270.3539824170002,270.3539824170002,270.6627258330118,v,1,0.30482137398212217,None,,,,,p2,001,2025-09-30_14h04.02.683,untitled,,2025.1.1,120.50279789496592,2025-09-30 14h04.18.850214 +0530,
50,c,106,2,26,c,1,0.6363592910056468,None,26,2,106,2,,,,,270.6722155419993,,270.66327983301017,270.6722155419993,271.66156874998705,271.66156874998705,271.66156874998705,271.66156874998705,271.66822329198476,272.6613951670006,272.6613951670006,273.30499820801197,c,1,0.6363592910056468,None,,,,,p2,001,2025-09-30_14h04.02.683,untitled,,2025.1.1,120.50279789496592,2025-09-30 14h04.18.850214 +0530,
-150,z,107,3,26,z,1,0.2818727910052985,None,26,3,107,3,,,,,273.31436233301065,,273.30552241700934,273.31436233301065,274.3021099999896,274.3021099999896,274.3021099999896,274.3021099999896,274.3114418750047,275.3019781250041,275.3019781250041,275.5880442080088,z,1,0.2818727910052985,None,,,,,p2,001,2025-09-30_14h04.02.683,untitled,,2025.1.1,120.50279789496592,2025-09-30 14h04.18.850214 +0530,
-50,x,108,0,27,x,1,0.8913423329940997,None,27,0,108,0,,,,,275.5978243330028,,275.58856262499467,275.5978243330028,276.58594679200905,276.58594679200905,276.58594679200905,276.58594679200905,276.59502725000493,277.5854967919877,277.5854967919877,278.47952904200065,x,1,0.8913423329940997,None,,,,,p2,001,2025-09-30_14h04.02.683,untitled,,2025.1.1,120.50279789496592,2025-09-30 14h04.18.850214 +0530,
150,v,109,1,27,v,1,0.3180279569933191,None,27,1,109,1,,,,,278.4900004999945,,278.4801098750031,278.4900004999945,279.47834983299254,279.47834983299254,279.47834983299254,279.47834983299254,279.48583729198435,280.49572995799826,280.49572995799826,280.8306171250006,v,1,0.3180279569933191,None,,,,,p2,001,2025-09-30_14h04.02.683,untitled,,2025.1.1,120.50279789496592,2025-09-30 14h04.18.850214 +0530,
50,c,110,2,27,c,1,0.5716630000097211,None,27,2,110,2,,,,,280.8411625000008,,280.8312670830055,280.8411625000008,281.8284217499895,281.8284217499895,281.8284217499895,281.8284217499895,281.8356156249938,282.8281651670113,282.8281651670113,283.4139386669849,c,1,0.5716630000097211,None,,,,,p2,001,2025-09-30_14h04.02.683,untitled,,2025.1.1,120.50279789496592,2025-09-30 14h04.18.850214 +0530,
-150,z,111,3,27,z,1,0.29651787399780005,None,27,3,111,3,,,,,283.4238607920124,,283.41467541700695,283.4238607920124,284.41271649999544,284.41271649999544,284.41271649999544,284.41271649999544,284.4198068330006,285.4292640830099,285.4292640830099,285.7297247920069,z,1,0.29651787399780005,None,,,,,p2,001,2025-09-30_14h04.02.683,untitled,,2025.1.1,120.50279789496592,2025-09-30 14h04.18.850214 +0530,
-50,x,112,0,28,x,1,0.5054674569983035,None,28,0,112,0,,,,,285.7386711250001,,285.73021999999764,285.7386711250001,286.72811954200733,286.72811954200733,286.72811954200733,286.72811954200733,286.7362076249847,287.72869200000423,287.72869200000423,288.24702204199275,x,1,0.5054674569983035,None,,,,,p2,001,2025-09-30_14h04.02.683,untitled,,2025.1.1,120.50279789496592,2025-09-30 14h04.18.850214 +0530,
150,v,113,1,28,v,1,0.3161972080124542,None,28,1,113,1,,,,,288.26188795801136,,288.2476870419923,288.26188795801136,289.2453261250048,289.2453261250048,289.2453261250048,289.2453261250048,289.25252516698674,290.2626887499937,290.2626887499937,290.580507125007,v,1,0.3161972080124542,None,,,,,p2,001,2025-09-30_14h04.02.683,untitled,,2025.1.1,120.50279789496592,2025-09-30 14h04.18.850214 +0530,
50,c,114,2,28,c,1,0.5132049579988234,None,28,2,114,2,,,,,290.5952777499915,,290.5811669169925,290.5952777499915,291.57858029199997,291.57858029199997,291.57858029199997,291.57858029199997,291.5861735419894,292.57866349999676,292.57866349999676,293.0961679579923,c,1,0.5132049579988234,None,,,,,p2,001,2025-09-30_14h04.02.683,untitled,,2025.1.1,120.50279789496592,2025-09-30 14h04.18.850214 +0530,
-150,z,115,3,28,z,1,0.2929522909980733,None,28,3,115,3,,,,,293.1021156249917,,293.0966051669966,293.1021156249917,294.0864066669892,294.0864066669892,294.0864066669892,294.0864066669892,294.0952435419895,295.0868264999881,295.0868264999881,295.38725454200176,z,1,0.2929522909980733,None,,,,,p2,001,2025-09-30_14h04.02.683,untitled,,2025.1.1,120.50279789496592,2025-09-30 14h04.18.850214 +0530,
-50,x,116,0,29,x,1,0.46836741600418463,None,29,0,116,0,,,,,295.39811041700887,,295.3878069999919,295.39811041700887,296.386767582997,296.386767582997,296.386767582997,296.386767582997,296.3953685000015,297.38766279199626,297.38766279199626,297.8628832079994,x,1,0.46836741600418463,None,,,,,p2,001,2025-09-30_14h04.02.683,untitled,,2025.1.1,120.50279789496592,2025-09-30 14h04.18.850214 +0530,
150,v,117,1,29,v,1,0.3070437909918837,None,29,1,117,1,,,,,297.87194104198716,,297.8633331669844,297.87194104198716,298.85310429200763,298.85310429200763,298.85310429200763,298.85310429200763,298.8693684169848,299.8630207919923,299.8630207919923,300.18108354200376,v,1,0.3070437909918837,None,,,,,p2,001,2025-09-30_14h04.02.683,untitled,,2025.1.1,120.50279789496592,2025-09-30 14h04.18.850214 +0530,
50,c,118,2,29,c,1,0.3427023740077857,None,29,2,118,2,,,,,300.19555208299425,,300.1817801249854,300.19555208299425,301.1792376250087,301.1792376250087,301.1792376250087,301.1792376250087,301.1865168749937,302.1780427499907,302.1780427499907,302.53021016699495,c,1,0.3427023740077857,None,,,,,p2,001,2025-09-30_14h04.02.683,untitled,,2025.1.1,120.50279789496592,2025-09-30 14h04.18.850214 +0530,
-150,z,119,3,29,z,1,0.2689679570030421,None,29,3,119,3,,,,,302.53990737500135,,302.5306937499845,302.53990737500135,303.5289827079978,303.5289827079978,303.5289827079978,303.5289827079978,303.53671625000425,304.5288760830008,304.5288760830008,304.8042004999879,z,1,0.2689679570030421,None,,,,,p2,001,2025-09-30_14h04.02.683,untitled,,2025.1.1,120.50279789496592,2025-09-30 14h04.18.850214 +0530,
-50,x,120,0,30,x,1,0.4431646239827387,None,30,0,120,0,,,,,304.8155827919836,,304.80477745799,304.8155827919836,305.80437316698954,305.80437316698954,305.80437316698954,305.80437316698954,305.81425233298796,306.80379308300326,306.80379308300326,307.25616374998935,x,1,0.4431646239827387,None,,,,,p2,001,2025-09-30_14h04.02.683,untitled,,2025.1.1,120.50279789496592,2025-09-30 14h04.18.850214 +0530,
150,v,121,1,30,v,1,0.2943753330036998,None,30,1,121,1,,,,,307.26581308300956,,307.2568517079926,307.26581308300956,308.25326450000284,308.25326450000284,308.25326450000284,308.25326450000284,308.2622044580057,309.27978141698986,309.27978141698986,309.582428291993,v,1,0.2943753330036998,None,,,,,p2,001,2025-09-30_14h04.02.683,untitled,,2025.1.1,120.50279789496592,2025-09-30 14h04.18.850214 +0530,
50,c,122,2,30,c,1,0.4104858330101706,None,30,2,122,2,,,,,309.5937909579952,,309.5831408750091,309.5937909579952,310.5790989169909,310.5790989169909,310.5790989169909,310.5790989169909,310.58623945800355,311.5793889579945,311.5793889579945,311.99702983300085,c,1,0.4104858330101706,None,,,,,p2,001,2025-09-30_14h04.02.683,untitled,,2025.1.1,120.50279789496592,2025-09-30 14h04.18.850214 +0530,
-150,z,123,3,30,z,1,0.324115208000876,None,30,3,123,3,,,,,312.00637395799276,,311.99749049998354,312.00637395799276,312.99599158301135,312.99599158301135,312.99599158301135,312.99599158301135,313.0030861670093,313.99585204198956,313.99585204198956,314.330441625003,z,1,0.324115208000876,None,,,,,p2,001,2025-09-30_14h04.02.683,untitled,,2025.1.1,120.50279789496592,2025-09-30 14h04.18.850214 +0530,
-50,x,124,0,31,x,1,0.4625109570042696,None,31,0,124,0,,,,,314.33999616699293,,314.33099891699385,314.33999616699293,315.3294853749976,315.3294853749976,315.3294853749976,315.3294853749976,315.3362447920081,316.3295158330002,316.3295158330002,316.79712037500576,x,1,0.4625109570042696,None,,,,,p2,001,2025-09-30_14h04.02.683,untitled,,2025.1.1,120.50279789496592,2025-09-30 14h04.18.850214 +0530,
150,v,125,1,31,v,1,0.2832419569895137,None,31,1,125,1,,,,,316.80611962499097,,316.7976619999972,316.80611962499097,317.7966653330077,317.7966653330077,317.7966653330077,317.7966653330077,317.80378870799905,318.7967525830027,318.7967525830027,319.08190275001107,v,1,0.2832419569895137,None,,,,,p2,001,2025-09-30_14h04.02.683,untitled,,2025.1.1,120.50279789496592,2025-09-30 14h04.18.850214 +0530,
50,c,126,2,31,c,1,0.5654366660164669,None,31,2,126,2,,,,,319.09253537500626,,319.08267012500437,319.09253537500626,320.07962212499115,320.07962212499115,320.07962212499115,320.07962212499115,320.0862991249887,321.0795672920067,321.0795672920067,321.6471675829962,c,1,0.5654366660164669,None,,,,,p2,001,2025-09-30_14h04.02.683,untitled,,2025.1.1,120.50279789496592,2025-09-30 14h04.18.850214 +0530,
-150,z,127,3,31,z,1,0.28722354100318626,None,31,3,127,3,,,,,321.6564874169999,,321.64770658299676,321.6564874169999,322.6459877919988,322.6459877919988,322.6459877919988,322.6459877919988,322.6528620829922,323.6459305419994,323.6459305419994,323.93744062498445,z,1,0.28722354100318626,None,,,,,p2,001,2025-09-30_14h04.02.683,untitled,,2025.1.1,120.50279789496592,2025-09-30 14h04.18.850214 +0530,
-50,x,128,0,32,x,1,0.4424158319889102,None,32,0,128,0,,,,,323.9629259580106,,323.9379676670069,323.9629259580106,324.9299368750071,324.9299368750071,324.9299368750071,324.9299368750071,324.95286158300587,325.93967087499914,325.93967087499914,326.38758712500567,x,1,0.4424158319889102,None,,,,,p2,001,2025-09-30_14h04.02.683,untitled,,2025.1.1,120.50279789496592,2025-09-30 14h04.18.850214 +0530,
150,v,129,1,32,v,1,0.3204592489928473,None,32,1,129,1,,,,,326.41342345799785,,326.38815449998947,326.41342345799785,327.38030695798807,327.38030695798807,327.38030695798807,327.38030695798807,327.43024916699505,328.396634832985,328.396634832985,328.72203558299225,v,1,0.3204592489928473,None,,,,,p2,001,2025-09-30_14h04.02.683,untitled,,2025.1.1,120.50279789496592,2025-09-30 14h04.18.850214 +0530,
50,c,130,2,32,c,1,0.4644429570180364,None,32,2,130,2,,,,,328.73192525000195,,328.722476541996,328.73192525000195,329.72065125001245,329.72065125001245,329.72065125001245,329.72065125001245,329.72939791699173,330.7206622080121,330.7206622080121,331.1873276249971,c,1,0.4644429570180364,None,,,,,p2,001,2025-09-30_14h04.02.683,untitled,,2025.1.1,120.50279789496592,2025-09-30 14h04.18.850214 +0530,
-150,z,131,3,32,z,1,0.312217958009569,None,32,3,131,3,,,,,331.1960955419927,,331.1878412080114,331.1960955419927,332.1796987919952,332.1796987919952,332.1796987919952,332.1796987919952,332.18685220798943,333.17977762498776,333.17977762498776,333.4979779999994,z,1,0.312217958009569,None,,,,,p2,001,2025-09-30_14h04.02.683,untitled,,2025.1.1,120.50279789496592,2025-09-30 14h04.18.850214 +0530,
-50,x,132,0,33,x,1,0.3642587079957593,None,33,0,132,0,,,,,333.50921070799814,,333.4986493749893,333.50921070799814,334.5137068750046,334.5137068750046,334.5137068750046,334.5137068750046,334.5302601669973,335.4966524170013,335.4966524170013,335.8641080829839,x,1,0.3642587079957593,None,,,,,p2,001,2025-09-30_14h04.02.683,untitled,,2025.1.1,120.50279789496592,2025-09-30 14h04.18.850214 +0530,
150,v,133,1,33,v,1,0.31267933300114237,None,33,1,133,1,,,,,335.87335725000594,,335.86463445800473,335.87335725000594,336.8630199999898,336.8630199999898,336.8630199999898,336.8630199999898,336.8705414170108,337.86339508299716,337.86339508299716,338.18084512499627,v,1,0.31267933300114237,None,,,,,p2,001,2025-09-30_14h04.02.683,untitled,,2025.1.1,120.50279789496592,2025-09-30 14h04.18.850214 +0530,
50,c,134,2,33,c,1,0.6014605829841457,None,33,2,134,2,,,,,338.1904925419949,,338.1813637499872,338.1904925419949,339.17963158298517,339.17963158298517,339.17963158298517,339.17963158298517,339.1862612499972,340.1795389170002,340.1795389170002,340.787775875011,c,1,0.6014605829841457,None,,,,,p2,001,2025-09-30_14h04.02.683,untitled,,2025.1.1,120.50279789496592,2025-09-30 14h04.18.850214 +0530,
-150,z,135,3,33,z,1,0.3487868740048725,None,33,3,135,3,,,,,340.7972998750047,,340.7883130830014,340.7972998750047,341.7872696669947,341.7872696669947,341.7872696669947,341.7872696669947,341.7872696669947,342.79715079200105,342.79715079200105,343.1651904580067,z,1,0.3487868740048725,None,,,,,p2,001,2025-09-30_14h04.02.683,untitled,,2025.1.1,120.50279789496592,2025-09-30 14h04.18.850214 +0530,
-50,x,136,0,34,x,1,0.36545170698082075,None,34,0,136,0,,,,,343.18008279200876,,343.16585316701094,343.18008279200876,344.1636818750121,344.1636818750121,344.1636818750121,344.1636818750121,344.17028333299095,345.163657416997,345.163657416997,345.53152970800875,x,1,0.36545170698082075,None,,,,,p2,001,2025-09-30_14h04.02.683,untitled,,2025.1.1,120.50279789496592,2025-09-30 14h04.18.850214 +0530,
150,v,137,1,34,v,1,0.33666224899934605,None,34,1,137,1,,,,,345.5427460419887,,345.5322030420066,345.5427460419887,346.5302826249972,346.5302826249972,346.5302826249972,346.5302826249972,346.5378288330103,347.53036720800446,347.53036720800446,347.8728770419839,v,1,0.33666224899934605,None,,,,,p2,001,2025-09-30_14h04.02.683,untitled,,2025.1.1,120.50279789496592,2025-09-30 14h04.18.850214 +0530,
50,c,138,2,34,c,1,0.4524379580107052,None,34,2,138,2,,,,,347.88242729200283,,347.8734238749894,347.88242729200283,348.8709408750001,348.8709408750001,348.8709408750001,348.8709408750001,348.8798634999839,349.8726923330105,349.8726923330105,350.33121875001234,c,1,0.4524379580107052,None,,,,,p2,001,2025-09-30_14h04.02.683,untitled,,2025.1.1,120.50279789496592,2025-09-30 14h04.18.850214 +0530,
-150,z,139,3,34,z,1,0.2972124159859959,None,34,3,139,3,,,,,350.3412573749956,,350.33176558298874,350.3412573749956,351.33048283300013,351.33048283300013,351.33048283300013,351.33048283300013,351.3370775830117,352.32990404200973,352.32990404200973,352.6312497080071,z,1,0.2972124159859959,None,,,,,p2,001,2025-09-30_14h04.02.683,untitled,,2025.1.1,120.50279789496592,2025-09-30 14h04.18.850214 +0530,
-50,x,140,0,35,x,1,0.4391495000163559,None,35,0,140,0,,,,,352.64139708300354,,352.631794624991,352.64139708300354,353.6301072080096,353.6301072080096,353.6301072080096,353.6301072080096,353.6372302499949,354.6299572499993,354.6299572499993,355.07167562498944,x,1,0.4391495000163559,None,,,,,p2,001,2025-09-30_14h04.02.683,untitled,,2025.1.1,120.50279789496592,2025-09-30 14h04.18.850214 +0530,
150,v,141,1,35,v,1,0.48143904100288637,None,35,1,141,1,,,,,355.0969732920057,,355.07221233300515,355.0969732920057,356.07141308300197,356.07141308300197,356.07141308300197,356.07141308300197,356.08735091699054,357.06356954199146,357.06356954199146,357.5659543329966,v,1,0.48143904100288637,None,,,,,p2,001,2025-09-30_14h04.02.683,untitled,,2025.1.1,120.50279789496592,2025-09-30 14h04.18.850214 +0530,
50,c,142,2,35,c,1,0.535685206996277,None,35,2,142,2,,,,,357.5800938330067,,357.5666952499887,357.5800938330067,358.56408174999524,358.56408174999524,358.56408174999524,358.56408174999524,358.5714912500116,359.58133629200165,359.58133629200165,360.1328223749879,c,1,0.535685206996277,None,,,,,p2,001,2025-09-30_14h04.02.683,untitled,,2025.1.1,120.50279789496592,2025-09-30 14h04.18.850214 +0530,
-150,z,143,3,35,z,1,0.3009293740033172,None,35,3,143,3,,,,,360.14306270799716,,360.13357999999425,360.14306270799716,361.13069749998976,361.13069749998976,361.13069749998976,361.13069749998976,361.1374583329889,362.13910100000794,362.13910100000794,362.4482767919835,z,1,0.3009293740033172,None,,,,,p2,001,2025-09-30_14h04.02.683,untitled,,2025.1.1,120.50279789496592,2025-09-30 14h04.18.850214 +0530,
-50,x,144,0,36,x,1,0.5521003740141168,None,36,0,144,0,,,,,362.457499207987,,362.4487916250073,362.457499207987,363.4475497920066,363.4475497920066,363.4475497920066,363.4475497920066,363.4543008749897,364.4470769169857,364.4470769169857,365.01607858299394,x,1,0.5521003740141168,None,,,,,p2,001,2025-09-30_14h04.02.683,untitled,,2025.1.1,120.50279789496592,2025-09-30 14h04.18.850214 +0530,
150,v,145,1,36,v,1,0.33328691599308513,None,36,1,145,1,,,,,365.03024625001126,,365.0167674580007,365.03024625001126,366.013815082988,366.013815082988,366.013815082988,366.013815082988,366.0212429999956,367.013786083,367.013786083,367.3560368749895,v,1,0.33328691599308513,None,,,,,p2,001,2025-09-30_14h04.02.683,untitled,,2025.1.1,120.50279789496592,2025-09-30 14h04.18.850214 +0530,
50,c,146,2,36,c,1,0.4410710829833988,None,36,2,146,2,,,,,367.36595033298363,,367.3565867499856,367.36595033298363,368.3554704170092,368.3554704170092,368.3554704170092,368.3554704170092,368.3809115419863,369.3470560830028,369.3470560830028,369.7984274580085,c,1,0.4410710829833988,None,,,,,p2,001,2025-09-30_14h04.02.683,untitled,,2025.1.1,120.50279789496592,2025-09-30 14h04.18.850214 +0530,
-150,z,147,3,36,z,1,0.30499174899887294,None,36,3,147,3,,,,,369.80825674999505,,369.79898349998984,369.80825674999505,370.79745337500935,370.79745337500935,370.79745337500935,370.79745337500935,370.8043134580075,371.79713587500737,371.79713587500737,372.1051746250014,z,1,0.30499174899887294,None,,,,,p2,001,2025-09-30_14h04.02.683,untitled,,2025.1.1,120.50279789496592,2025-09-30 14h04.18.850214 +0530,
-50,x,148,0,37,x,1,0.3118771250010468,None,37,0,148,0,,,,,372.1306622920092,,372.1056857499934,372.1306622920092,373.09736200000043,373.09736200000043,373.09736200000043,373.09736200000043,373.1214415830036,374.11436266699457,374.11436266699457,374.43142524998984,x,1,0.3118771250010468,None,,,,,p2,001,2025-09-30_14h04.02.683,untitled,,2025.1.1,120.50279789496592,2025-09-30 14h04.18.850214 +0530,
150,v,149,1,37,v,1,0.3427849159925245,None,37,1,149,1,,,,,374.44095437499345,,374.4318846669921,374.44095437499345,375.4217639999988,375.4217639999988,375.4217639999988,375.4217639999988,375.43828941701213,376.431274750008,376.431274750008,376.7820712499961,v,1,0.3427849159925245,None,,,,,p2,001,2025-09-30_14h04.02.683,untitled,,2025.1.1,120.50279789496592,2025-09-30 14h04.18.850214 +0530,
50,c,150,2,37,c,1,0.41877012400073,None,37,2,150,2,,,,,376.79155766699114,,376.7826096669887,376.79155766699114,377.78091762500117,377.78091762500117,377.78091762500117,377.78091762500117,377.78870491700945,378.77360374998534,378.77360374998534,379.199283791997,c,1,0.41877012400073,None,,,,,p2,001,2025-09-30_14h04.02.683,untitled,,2025.1.1,120.50279789496592,2025-09-30 14h04.18.850214 +0530,
-150,z,151,3,37,z,1,0.3144318319973536,None,37,3,151,3,,,,,379.2097169169865,,379.19991774999653,379.2097169169865,380.19753495798795,380.19753495798795,380.19753495798795,380.19753495798795,380.20459191699047,381.19765679200646,381.19765679200646,381.51529279199895,z,1,0.3144318319973536,None,,,,,p2,001,2025-09-30_14h04.02.683,untitled,,2025.1.1,120.50279789496592,2025-09-30 14h04.18.850214 +0530,
-50,x,152,0,38,x,1,0.6274856660165824,None,38,0,152,0,,,,,381.52468120798585,,381.51583354198374,381.52468120798585,382.5148373330012,382.5148373330012,382.5148373330012,382.5148373330012,382.5217620829935,383.5067921250011,383.5067921250011,384.13886383300996,x,1,0.6274856660165824,None,,,,,p2,001,2025-09-30_14h04.02.683,untitled,,2025.1.1,120.50279789496592,2025-09-30 14h04.18.850214 +0530,
150,v,153,1,38,v,1,0.3206264159816783,None,38,1,153,1,,,,,384.1480334170046,,384.1393347920093,384.1480334170046,385.1379584170063,385.1379584170063,385.1379584170063,385.1379584170063,385.1379584170063,386.1307744169899,386.1307744169899,386.456735499989,v,1,0.3206264159816783,None,,,,,p2,001,2025-09-30_14h04.02.683,untitled,,2025.1.1,120.50279789496592,2025-09-30 14h04.18.850214 +0530,
50,c,154,2,38,c,1,0.40245179101475514,None,38,2,154,2,,,,,386.4667741250014,,386.4571574169968,386.4667741250014,387.45608312499826,387.45608312499826,387.45608312499826,387.45608312499826,387.4813449580106,388.48180362500716,388.48180362500716,388.88896124999155,c,1,0.40245179101475514,None,,,,,p2,001,2025-09-30_14h04.02.683,untitled,,2025.1.1,120.50279789496592,2025-09-30 14h04.18.850214 +0530,
-150,z,155,3,38,z,1,0.2677699989872053,None,38,3,155,3,,,,,388.91445270800614,,388.88948600000003,388.91445270800614,389.8813532080094,389.8813532080094,389.8813532080094,389.8813532080094,389.9054282080033,390.8803534999897,390.8803534999897,391.1560257920064,z,1,0.2677699989872053,None,,,,,p2,001,2025-09-30_14h04.02.683,untitled,,2025.1.1,120.50279789496592,2025-09-30 14h04.18.850214 +0530,
-50,x,156,0,39,x,1,0.34022112400271,None,39,0,156,0,,,,,391.18114229198545,,391.15646554200794,391.18114229198545,392.1484188330069,392.1484188330069,392.1484188330069,392.1484188330069,392.17192616700777,393.1650082920096,393.1650082920096,393.509351042012,x,1,0.34022112400271,None,,,,,p2,001,2025-09-30_14h04.02.683,untitled,,2025.1.1,120.50279789496592,2025-09-30 14h04.18.850214 +0530,
150,v,157,1,39,v,1,0.2858872909855563,None,39,1,157,1,,,,,393.51859879199765,,393.50995224999497,393.51859879199765,394.50598929199623,394.50598929199623,394.50598929199623,394.50598929199623,394.53158650000114,395.50633974999073,395.50633974999073,395.7985064999957,v,1,0.2858872909855563,None,,,,,p2,001,2025-09-30_14h04.02.683,untitled,,2025.1.1,120.50279789496592,2025-09-30 14h04.18.850214 +0530,
50,c,158,2,39,c,1,0.43580629100324586,None,39,2,158,2,,,,,395.80785666700103,,395.7990324999846,395.80785666700103,396.8152429579932,396.8152429579932,396.8152429579932,396.8152429579932,396.8152429579932,397.78941358299926,397.78941358299926,398.2502599580039,c,1,0.43580629100324586,None,,,,,p2,001,2025-09-30_14h04.02.683,untitled,,2025.1.1,120.50279789496592,2025-09-30 14h04.18.850214 +0530,
-150,z,159,3,39,z,1,0.2776011660171207,None,39,3,159,3,,,,,398.26439608298824,,398.2510515000031,398.26439608298824,399.2480337919842,399.2480337919842,399.2480337919842,399.2480337919842,399.25533275000635,400.2477242499881,400.2477242499881,400.5322133330046,z,1,0.2776011660171207,None,,,,,p2,001,2025-09-30_14h04.02.683,untitled,,2025.1.1,120.50279789496592,2025-09-30 14h04.18.850214 +0530,
-50,x,160,0,40,x,1,0.6351432079973165,None,40,0,160,0,,,,,400.5414142080117,,400.53263570799027,400.5414142080117,401.53116474999115,401.53116474999115,401.53116474999115,401.53116474999115,401.5377503329946,402.53106387500884,402.53106387500884,403.1726440000057,x,1,0.6351432079973165,None,,,,,p2,001,2025-09-30_14h04.02.683,untitled,,2025.1.1,120.50279789496592,2025-09-30 14h04.18.850214 +0530,
150,v,161,1,40,v,1,0.2781707489921246,None,40,1,161,1,,,,,403.19869474999723,,403.17319729199517,403.19869474999723,404.1733219999878,404.1733219999878,404.1733219999878,404.1733219999878,404.1985149579996,405.1820130000124,405.1820130000124,405.46619412500877,v,1,0.2781707489921246,None,,,,,p2,001,2025-09-30_14h04.02.683,untitled,,2025.1.1,120.50279789496592,2025-09-30 14h04.18.850214 +0530,
50,c,162,2,40,c,1,0.4716639580146875,None,40,2,162,2,,,,,405.4754392080067,,405.4666750000033,405.4754392080067,406.46460612499504,406.46460612499504,406.46460612499504,406.46460612499504,406.4712461250019,407.46462433299166,407.46462433299166,407.9403049579996,c,1,0.4716639580146875,None,,,,,p2,001,2025-09-30_14h04.02.683,untitled,,2025.1.1,120.50279789496592,2025-09-30 14h04.18.850214 +0530,
-150,z,163,3,40,z,1,0.3262291239807382,None,40,3,163,3,,,,,407.95061945798807,,407.9408500829886,407.95061945798807,408.93992512498517,408.93992512498517,408.93992512498517,408.93992512498517,408.96516262501245,409.93094779198873,409.93094779198873,410.2661612080119,z,1,0.3262291239807382,None,,,,,p2,001,2025-09-30_14h04.02.683,untitled,,2025.1.1,120.50279789496592,2025-09-30 14h04.18.850214 +0530,
-50,x,164,0,41,x,1,0.3281324990093708,None,41,0,164,0,,,,,410.27614920798806,,410.26672333298484,410.27614920798806,411.26560066698585,411.26560066698585,411.26560066698585,411.26560066698585,411.2726897079847,412.26510004198644,412.26510004198644,412.5990458749875,x,1,0.3281324990093708,None,,,,,p2,001,2025-09-30_14h04.02.683,untitled,,2025.1.1,120.50279789496592,2025-09-30 14h04.18.850214 +0530,
150,v,165,1,41,v,1,0.314982081996277,None,41,1,165,1,,,,,412.60817754198797,,412.59945999999763,412.60817754198797,413.58989545798977,413.58989545798977,413.58989545798977,413.58989545798977,413.6322705420025,414.58956454199506,414.58956454199506,414.9170296670054,v,1,0.314982081996277,None,,,,,p2,001,2025-09-30_14h04.02.683,untitled,,2025.1.1,120.50279789496592,2025-09-30 14h04.18.850214 +0530,
50,c,166,2,41,c,1,0.4188344159920234,None,41,2,166,2,,,,,414.931628041988,,414.9176572499855,414.931628041988,415.9149665420118,415.9149665420118,415.9149665420118,415.9149665420118,415.9219045419886,416.91543991700746,416.91543991700746,417.33975079198717,c,1,0.4188344159920234,None,,,,,p2,001,2025-09-30_14h04.02.683,untitled,,2025.1.1,120.50279789496592,2025-09-30 14h04.18.850214 +0530,
-150,z,167,3,41,z,1,0.3054957909916993,None,41,3,167,3,,,,,417.3650709580106,,417.340192417003,417.3650709580106,418.339528417011,418.339528417011,418.339528417011,418.339528417011,418.3558735419938,419.3317248749954,419.3317248749954,419.6395327920036,z,1,0.3054957909916993,None,,,,,p2,001,2025-09-30_14h04.02.683,untitled,,2025.1.1,120.50279789496592,2025-09-30 14h04.18.850214 +0530,
-50,x,168,0,42,x,1,0.3990325409977231,None,42,0,168,0,,,,,419.64828575000865,,419.64001787500456,419.64828575000865,420.6316907920118,420.6316907920118,420.6316907920118,420.6316907920118,420.63854841698776,421.63220504199853,421.63220504199853,422.03315891700913,x,1,0.3990325409977231,None,,,,,p2,001,2025-09-30_14h04.02.683,untitled,,2025.1.1,120.50279789496592,2025-09-30 14h04.18.850214 +0530,
150,v,169,1,42,v,1,0.2935224160028156,None,42,1,169,1,,,,,422.0436112919997,,422.03373270799057,422.0436112919997,423.0318743750104,423.0318743750104,423.0318743750104,423.0318743750104,423.0388390420121,424.0318239580083,424.0318239580083,424.3328148750006,v,1,0.2935224160028156,None,,,,,p2,001,2025-09-30_14h04.02.683,untitled,,2025.1.1,120.50279789496592,2025-09-30 14h04.18.850214 +0530,
50,c,170,2,42,c,1,0.30154833299457096,None,42,2,170,2,,,,,424.34183641700656,,424.3332581249997,424.34183641700656,425.3319860830088,425.3319860830088,425.3319860830088,425.3319860830088,425.33899720798945,426.33165987499524,426.33165987499524,426.63999533301103,c,1,0.30154833299457096,None,,,,,p2,001,2025-09-30_14h04.02.683,untitled,,2025.1.1,120.50279789496592,2025-09-30 14h04.18.850214 +0530,
-150,z,171,3,42,z,1,0.30315283199888654,None,42,3,171,3,,,,,426.6652356249979,,426.64051050000126,426.6652356249979,427.63204795800266,427.63204795800266,427.63204795800266,427.63204795800266,427.65613433299586,428.64126450000913,428.64126450000913,428.9496775419975,z,1,0.30315283199888654,None,,,,,p2,001,2025-09-30_14h04.02.683,untitled,,2025.1.1,120.50279789496592,2025-09-30 14h04.18.850214 +0530,
-50,x,172,0,43,x,1,0.4176742080016993,None,43,0,172,0,,,,,428.95898591700825,,428.9502032499877,428.95898591700825,429.94846916699316,429.94846916699316,429.94846916699316,429.94846916699316,429.9564046669984,430.9486598329968,430.9486598329968,431.3751298749994,x,1,0.4176742080016993,None,,,,,p2,001,2025-09-30_14h04.02.683,untitled,,2025.1.1,120.50279789496592,2025-09-30 14h04.18.850214 +0530,
150,v,173,1,43,v,1,0.33764708298258483,None,43,1,173,1,,,,,431.38529729199945,,431.3757212079945,431.38529729199945,432.3736569999892,432.3736569999892,432.3736569999892,432.3736569999892,432.39910174999386,433.38273016700987,433.38273016700987,433.73441816700506,v,1,0.33764708298258483,None,,,,,p2,001,2025-09-30_14h04.02.683,untitled,,2025.1.1,120.50279789496592,2025-09-30 14h04.18.850214 +0530,
50,c,174,2,43,c,1,0.29178504101582803,None,43,2,174,2,,,,,433.744826707989,,433.73506849998375,433.744826707989,434.73260266700527,434.73260266700527,434.73260266700527,434.73260266700527,434.73975183299626,435.73184979200596,435.73184979200596,436.0343393330113,c,1,0.29178504101582803,None,,,,,p2,001,2025-09-30_14h04.02.683,untitled,,2025.1.1,120.50279789496592,2025-09-30 14h04.18.850214 +0530,
-150,z,175,3,43,z,1,0.30913524897187017,None,43,3,175,3,,,,,436.0486346670077,,436.035119749984,436.0486346670077,437.03211904200725,437.03211904200725,437.03211904200725,437.03211904200725,437.0394631669915,438.03226224999526,438.03226224999526,438.35004987500724,z,1,0.30913524897187017,None,,,,,p2,001,2025-09-30_14h04.02.683,untitled,,2025.1.1,120.50279789496592,2025-09-30 14h04.18.850214 +0530,
-50,x,176,0,44,x,1,0.38334433201816864,None,44,0,176,0,,,,,438.3599553749955,,438.35058699999354,438.3599553749955,439.34877220800263,439.34877220800263,439.34877220800263,439.34877220800263,439.35543433300336,440.3489585419884,440.3489585419884,440.74076141699334,x,1,0.38334433201816864,None,,,,,p2,001,2025-09-30_14h04.02.683,untitled,,2025.1.1,120.50279789496592,2025-09-30 14h04.18.850214 +0530,
150,v,177,1,44,v,1,0.3000099580094684,None,44,1,177,1,,,,,440.766245042003,,440.74128216700046,440.766245042003,441.7400409579859,441.7400409579859,441.7400409579859,441.7400409579859,441.755718417,442.73945254200953,442.73945254200953,443.0413162079931,v,1,0.3000099580094684,None,,,,,p2,001,2025-09-30_14h04.02.683,untitled,,2025.1.1,120.50279789496592,2025-09-30 14h04.18.850214 +0530,
50,c,178,2,44,c,1,0.24130462401080877,None,44,2,178,2,,,,,443.04937120800605,,443.04187020799145,443.04937120800605,444.0401150829857,444.0401150829857,444.0401150829857,444.0401150829857,444.0401150829857,445.040130917012,445.040130917012,445.2831027499924,c,1,0.24130462401080877,None,,,,,p2,001,2025-09-30_14h04.02.683,untitled,,2025.1.1,120.50279789496592,2025-09-30 14h04.18.850214 +0530,
-150,z,179,3,44,z,1,0.5224848330253735,None,44,3,179,3,,,,,445.28879754198715,,445.28350262501044,445.28879754198715,446.273362500011,446.273362500011,446.273362500011,446.273362500011,446.28224775000126,447.2729934169911,447.2729934169911,447.80018762499094,z,1,0.5224848330253735,None,,,,,p2,001,2025-09-30_14h04.02.683,untitled,,2025.1.1,120.50279789496592,2025-09-30 14h04.18.850214 +0530,
-50,x,180,0,45,c,0,0.48948962401482277,None,45,0,180,0,,,,,447.8095607080031,,447.80070858300314,447.8095607080031,448.7990107499936,448.7990107499936,448.7990107499936,448.7990107499936,448.807079124992,449.79893291700864,449.79893291700864,450.29163658298785,c,0,0.48948962401482277,None,,,,,p2,001,2025-09-30_14h04.02.683,untitled,,2025.1.1,120.50279789496592,2025-09-30 14h04.18.850214 +0530,
150,v,181,1,45,v,1,0.34352654099348,None,45,1,181,1,,,,,450.3021856249834,,450.29226587500307,450.3021856249834,451.29098987500765,451.29098987500765,451.29098987500765,451.29098987500765,451.3163652920048,452.29200295798364,452.29200295798364,452.6515682080062,v,1,0.34352654099348,None,,,,,p2,001,2025-09-30_14h04.02.683,untitled,,2025.1.1,120.50279789496592,2025-09-30 14h04.18.850214 +0530,
50,c,182,2,45,c,1,0.3397011659981217,None,45,2,182,2,,,,,452.66564162500435,,452.65225683301105,452.66564162500435,453.64904729201226,453.64904729201226,453.64904729201226,453.64904729201226,453.6556043330056,454.649659082992,454.649659082992,454.9915427080123,c,1,0.3397011659981217,None,,,,,p2,001,2025-09-30_14h04.02.683,untitled,,2025.1.1,120.50279789496592,2025-09-30 14h04.18.850214 +0530,
-150,z,183,3,45,z,1,0.3990144160052296,None,45,3,183,3,,,,,454.9997306249861,,454.9920830419869,454.9997306249861,455.9908880830044,455.9908880830044,455.9908880830044,455.9908880830044,455.9908880830044,456.9903874169977,456.9903874169977,457.3917273750121,z,1,0.3990144160052296,None,,,,,p2,001,2025-09-30_14h04.02.683,untitled,,2025.1.1,120.50279789496592,2025-09-30 14h04.18.850214 +0530,
-50,x,184,0,46,x,1,0.2994977079797536,None,46,0,184,0,,,,,457.40205800000695,,457.39224204199854,457.40205800000695,458.4000011669996,458.4000011669996,458.4000011669996,458.4000011669996,458.40707358298823,459.3900117079902,459.3900117079902,459.7007075829897,x,1,0.2994977079797536,None,,,,,p2,001,2025-09-30_14h04.02.683,untitled,,2025.1.1,120.50279789496592,2025-09-30 14h04.18.850214 +0530,
150,v,185,1,46,v,1,0.34455320800771005,None,46,1,185,1,,,,,459.71081620801124,,459.7013404169993,459.71081620801124,460.6992681249976,460.6992681249976,460.6992681249976,460.6992681249976,460.7070984999882,461.6988372080086,461.6988372080086,462.0505614170106,v,1,0.34455320800771005,None,,,,,p2,001,2025-09-30_14h04.02.683,untitled,,2025.1.1,120.50279789496592,2025-09-30 14h04.18.850214 +0530,
50,c,186,2,46,c,1,0.3096889989974443,None,46,2,186,2,,,,,462.059918791987,,462.0510920420056,462.059918791987,463.04959604199394,463.04959604199394,463.04959604199394,463.04959604199394,463.0572681670019,464.06678724999074,464.06678724999074,464.3838985420007,c,1,0.3096889989974443,None,,,,,p2,001,2025-09-30_14h04.02.683,untitled,,2025.1.1,120.50279789496592,2025-09-30 14h04.18.850214 +0530,
-150,z,187,3,46,z,1,0.2496814159967471,None,46,3,187,3,,,,,464.39406141699874,,464.3843416669988,464.39406141699874,465.3828306249925,465.3828306249925,465.3828306249925,465.3828306249925,465.38985729200067,466.3826518749993,466.3826518749993,466.6336930000107,z,1,0.2496814159967471,None,,,,,p2,001,2025-09-30_14h04.02.683,untitled,,2025.1.1,120.50279789496592,2025-09-30 14h04.18.850214 +0530,
-50,x,188,0,47,x,1,0.31211870798142627,None,47,0,188,0,,,,,466.6394908330112,,466.63411300000735,466.6394908330112,467.6239857499895,467.6239857499895,467.6239857499895,467.6239857499895,467.6327440000023,468.65023624998867,468.65023624998867,468.9674212920072,x,1,0.31211870798142627,None,,,,,p2,001,2025-09-30_14h04.02.683,untitled,,2025.1.1,120.50279789496592,2025-09-30 14h04.18.850214 +0530,
150,v,189,1,47,v,1,0.29153074900386855,None,47,1,189,1,,,,,468.9768775829871,,468.96796320800786,468.9768775829871,469.9661049580027,469.9661049580027,469.9661049580027,469.9661049580027,469.97270379200927,470.9672155829903,470.9672155829903,471.2682161249977,v,1,0.29153074900386855,None,,,,,p2,001,2025-09-30_14h04.02.683,untitled,,2025.1.1,120.50279789496592,2025-09-30 14h04.18.850214 +0530,
50,c,190,2,47,c,1,0.28414283198071644,None,47,2,190,2,,,,,471.2827965829929,,471.2688751250098,471.2827965829929,472.2662750419986,472.2662750419986,472.2662750419986,472.2662750419986,472.2737597080122,473.2662632499996,473.2662632499996,473.5573511249968,c,1,0.28414283198071644,None,,,,,p2,001,2025-09-30_14h04.02.683,untitled,,2025.1.1,120.50279789496592,2025-09-30 14h04.18.850214 +0530,
-150,z,191,3,47,z,1,0.27047195701743476,None,47,3,191,3,,,,,473.5663014999882,,473.55777820799267,473.5663014999882,474.5499809579924,474.5499809579924,474.5499809579924,474.5499809579924,474.5568811669946,475.5500198749942,475.5500198749942,475.82402012500097,z,1,0.27047195701743476,None,,,,,p2,001,2025-09-30_14h04.02.683,untitled,,2025.1.1,120.50279789496592,2025-09-30 14h04.18.850214 +0530,
-50,x,192,0,48,x,1,0.6919532490137499,None,48,0,192,0,,,,,475.83285341699957,,475.82446508298744,475.83285341699957,476.81695899998886,476.81695899998886,476.81695899998886,476.81695899998886,476.823983624985,477.83337141698576,477.83337141698576,478.53435629198793,x,1,0.6919532490137499,None,,,,,p2,001,2025-09-30_14h04.02.683,untitled,,2025.1.1,120.50279789496592,2025-09-30 14h04.18.850214 +0530,
150,v,193,1,48,v,1,0.29297991600469686,None,48,1,193,1,,,,,478.5437569170026,,478.5348926669976,478.5437569170026,479.5333787499985,479.5333787499985,479.5333787499985,479.5333787499985,479.54041233300813,480.5253974579973,480.5253974579973,480.82581891698646,v,1,0.29297991600469686,None,,,,,p2,001,2025-09-30_14h04.02.683,untitled,,2025.1.1,120.50279789496592,2025-09-30 14h04.18.850214 +0530,
50,c,194,2,48,c,1,0.5486835409828927,None,48,2,194,2,,,,,480.83592774998397,,480.8263600420032,480.83592774998397,481.8241510420048,481.8241510420048,481.8241510420048,481.8241510420048,481.8330382920103,482.83379604198853,482.83379604198853,483.38464583299356,c,1,0.5486835409828927,None,,,,,p2,001,2025-09-30_14h04.02.683,untitled,,2025.1.1,120.50279789496592,2025-09-30 14h04.18.850214 +0530,
-150,z,195,3,48,z,1,0.27725495799677446,None,48,3,195,3,,,,,483.3944548330037,,483.3852327920031,483.3944548330037,484.3839073329873,484.3839073329873,484.3839073329873,484.3839073329873,484.39121304199216,485.38315433298703,485.38315433298703,485.66762908300734,z,1,0.27725495799677446,None,,,,,p2,001,2025-09-30_14h04.02.683,untitled,,2025.1.1,120.50279789496592,2025-09-30 14h04.18.850214 +0530,
-50,x,196,0,49,x,1,0.32288408299791627,None,49,0,196,0,,,,,485.6760523330013,,485.6680522499955,485.6760523330013,486.66659595799865,486.66659595799865,486.66659595799865,486.66659595799865,486.6748218749999,487.66665374999866,487.66665374999866,487.9912830829853,x,1,0.32288408299791627,None,,,,,p2,001,2025-09-30_14h04.02.683,untitled,,2025.1.1,120.50279789496592,2025-09-30 14h04.18.850214 +0530,
150,v,197,1,49,v,1,0.33373554100398906,None,49,1,197,1,,,,,487.99979791700025,,487.99178829198354,487.99979791700025,488.9832681250118,488.9832681250118,488.9832681250118,488.9832681250118,488.9909345420019,489.98274754200247,489.98274754200247,490.31911212499836,v,1,0.33373554100398906,None,,,,,p2,001,2025-09-30_14h04.02.683,untitled,,2025.1.1,120.50279789496592,2025-09-30 14h04.18.850214 +0530,
50,c,198,2,49,c,1,0.43581591598922387,None,49,2,198,2,,,,,490.3332070419856,,490.31990629198845,490.3332070419856,491.3167068749899,491.3167068749899,491.3167068749899,491.3167068749899,491.3236208749877,492.3256555419939,492.3256555419939,492.7677931250073,c,1,0.43581591598922387,None,,,,,p2,001,2025-09-30_14h04.02.683,untitled,,2025.1.1,120.50279789496592,2025-09-30 14h04.18.850214 +0530,
-150,z,199,3,49,z,1,0.2584589569887612,None,49,3,199,3,,,,,492.7770474579884,,492.76822950001224,492.7770474579884,493.76006266698823,493.76006266698823,493.76006266698823,493.76006266698823,493.76867016698816,494.7678236250067,494.7678236250067,495.0349313750048,z,1,0.2584589569887612,None,,,,,p2,001,2025-09-30_14h04.02.683,untitled,,2025.1.1,120.50279789496592,2025-09-30 14h04.18.850214 +0530,
150,v,0,0,0,v,1,0.5002686660154723,None,,,,,0,0,0,1,495.0668764580041,,495.05900937499246,495.0668764580041,496.0339447080041,496.0339447080041,496.0339447080041,496.0339447080041,496.05767924999236,497.03330891698715,497.03330891698715,497.5425387920113,,,,,v,1,0.5002686660154723,None,p2,001,2025-09-30_14h04.02.683,untitled,,2025.1.1,120.50279789496592,2025-09-30 14h04.18.850214 +0530,
150,v,1,1,1,v,1,0.3958868329937104,None,,,,,1,1,1,1,497.5528120420058,,497.54310599999735,497.5528120420058,498.54267741699005,498.54267741699005,498.54267741699005,498.54267741699005,498.55217362500844,499.5406702919863,499.5406702919863,499.9416065829864,,,,,v,1,0.3958868329937104,None,p2,001,2025-09-30_14h04.02.683,untitled,,2025.1.1,120.50279789496592,2025-09-30 14h04.18.850214 +0530,
150,v,2,2,2,v,1,0.3595343320048414,None,,,,,2,2,2,1,499.95095212498563,,499.94205745798536,499.95095212498563,500.9340067500016,500.9340067500016,500.9340067500016,500.9340067500016,500.94060108298436,501.93392108299304,501.93392108299304,502.30164016698836,,,,,v,1,0.3595343320048414,None,p2,001,2025-09-30_14h04.02.683,untitled,,2025.1.1,120.50279789496592,2025-09-30 14h04.18.850214 +0530,
-50,x,3,3,0,x,1,0.6552943740098272,None,,,,,0,3,3,0,502.3114334999991,,502.3022116670036,502.3114334999991,503.3003209999879,503.3003209999879,503.3003209999879,503.3003209999879,503.30763129200204,504.30120149999857,504.30120149999857,504.95837333300733,,,,,x,1,0.6552943740098272,None,p2,001,2025-09-30_14h04.02.683,untitled,,2025.1.1,120.50279789496592,2025-09-30 14h04.18.850214 +0530,
-50,x,4,4,1,x,1,0.5822358330187853,None,,,,,1,4,4,0,504.9669579170004,,504.9589311669988,504.9669579170004,505.9506877079839,505.9506877079839,505.9506877079839,505.9506877079839,505.957889332989,506.9502967080043,506.9502967080043,507.5346350419859,,,,,x,1,0.5822358330187853,None,p2,001,2025-09-30_14h04.02.683,untitled,,2025.1.1,120.50279789496592,2025-09-30 14h04.18.850214 +0530,
50,c,5,5,0,c,1,0.28509824999491684,None,,,,,0,5,5,2,507.54362041701097,,507.5351678750012,507.54362041701097,508.52441733298474,508.52441733298474,508.52441733298474,508.52441733298474,508.54028612500406,509.5243881249917,509.5243881249917,509.8186249579885,,,,,c,1,0.28509824999491684,None,p2,001,2025-09-30_14h04.02.683,untitled,,2025.1.1,120.50279789496592,2025-09-30 14h04.18.850214 +0530,
150,v,6,6,3,v,1,0.31552879099035636,None,,,,,3,6,6,1,509.8286410830042,,509.81923279201146,509.8286410830042,510.81721287500113,510.81721287500113,510.81721287500113,510.81721287500113,510.8242372919922,511.81706908298656,511.81706908298656,512.1355465420056,,,,,v,1,0.31552879099035636,None,p2,001,2025-09-30_14h04.02.683,untitled,,2025.1.1,120.50279789496592,2025-09-30 14h04.18.850214 +0530,
150,v,7,7,4,v,1,0.5073468330083415,None,,,,,4,7,7,1,512.1461414170044,,512.1362901669927,512.1461414170044,513.1343367079971,513.1343367079971,513.1343367079971,513.1343367079971,513.1413647079899,514.1262066669879,514.1262066669879,514.6350259169994,,,,,v,1,0.5073468330083415,None,p2,001,2025-09-30_14h04.02.683,untitled,,2025.1.1,120.50279789496592,2025-09-30 14h04.18.850214 +0530,
150,v,8,8,5,v,1,0.3369700410112273,None,,,,,5,8,8,1,514.6441074169998,,514.6355816670111,514.6441074169998,515.6338172499964,515.6338172499964,515.6338172499964,515.6338172499964,515.6413630000025,516.6337922079838,516.6337922079838,516.975123457989,,,,,v,1,0.3369700410112273,None,p2,001,2025-09-30_14h04.02.683,untitled,,2025.1.1,120.50279789496592,2025-09-30 14h04.18.850214 +0530,
-150,z,9,9,0,z,1,0.3799630410212558,None,,,,,0,9,9,3,516.983944083011,,516.9756519999937,516.983944083011,517.9683824169915,517.9683824169915,517.9683824169915,517.9683824169915,517.9754844169947,518.9765730829968,518.9765730829968,519.3587950000074,,,,,z,1,0.3799630410212558,None,p2,001,2025-09-30_14h04.02.683,untitled,,2025.1.1,120.50279789496592,2025-09-30 14h04.18.850214 +0530,
150,v,10,10,6,v,1,0.36388816600083373,None,,,,,6,10,10,1,519.3672859169892,,519.3592881670047,519.3672859169892,520.3509312499955,520.3509312499955,520.3509312499955,520.3509312499955,520.3578605419898,521.3506617079838,521.3506617079838,521.7185284169973,,,,,v,1,0.36388816600083373,None,p2,001,2025-09-30_14h04.02.683,untitled,,2025.1.1,120.50279789496592,2025-09-30 14h04.18.850214 +0530,
-150,z,11,11,1,z,1,0.3001721659966279,None,,,,,1,11,11,3,521.7281117920065,,521.719094,521.7281117920065,522.7175403329893,522.7175403329893,522.7175403329893,522.7175403329893,522.7246502079943,523.717349167011,523.717349167011,524.025589041994,,,,,z,1,0.3001721659966279,None,p2,001,2025-09-30_14h04.02.683,untitled,,2025.1.1,120.50279789496592,2025-09-30 14h04.18.850214 +0530,
-150,z,12,12,2,z,1,0.5114418329903856,None,,,,,2,12,12,3,524.0514648749959,,524.0261828750081,524.0514648749959,525.0177314580069,525.0177314580069,525.0177314580069,525.0177314580069,525.0417394579854,526.017165792,526.017165792,526.5354929580062,,,,,z,1,0.5114418329903856,None,p2,001,2025-09-30_14h04.02.683,untitled,,2025.1.1,120.50279789496592,2025-09-30 14h04.18.850214 +0530,
-50,x,13,13,2,x,1,0.5719990000070538,None,,,,,2,13,13,0,526.5457082919893,,526.5360978750105,526.5457082919893,527.5341090000002,527.5341090000002,527.5341090000002,527.5341090000002,527.5407957079879,528.5335971669992,528.5335971669992,529.1090541250014,,,,,x,1,0.5719990000070538,None,p2,001,2025-09-30_14h04.02.683,untitled,,2025.1.1,120.50279789496592,2025-09-30 14h04.18.850214 +0530,
50,c,14,14,1,c,1,0.5800659160013311,None,,,,,1,14,14,2,529.134373000008,,529.1096575419942,529.134373000008,530.108228416997,530.108228416997,530.108228416997,530.108228416997,530.1253117919841,531.1085518749896,531.1085518749896,531.6929700420005,,,,,c,1,0.5800659160013311,None,p2,001,2025-09-30_14h04.02.683,untitled,,2025.1.1,120.50279789496592,2025-09-30 14h04.18.850214 +0530,
-150,z,15,15,3,z,1,0.31994824900175445,None,,,,,3,15,15,3,531.703750042012,,531.6935276250006,531.703750042012,532.6926223750052,532.6926223750052,532.6926223750052,532.6926223750052,532.7182016670122,533.6915942920023,533.6915942920023,534.0192872080079,,,,,z,1,0.31994824900175445,None,p2,001,2025-09-30_14h04.02.683,untitled,,2025.1.1,120.50279789496592,2025-09-30 14h04.18.850214 +0530,
-50,x,16,16,3,x,1,0.3646395410178229,None,,,,,3,16,16,0,534.0296227080107,,534.0199140420009,534.0296227080107,535.0176430830033,535.0176430830033,535.0176430830033,535.0176430830033,535.0244943749858,536.0179601669952,536.0179601669952,536.3856506669836,,,,,x,1,0.3646395410178229,None,p2,001,2025-09-30_14h04.02.683,untitled,,2025.1.1,120.50279789496592,2025-09-30 14h04.18.850214 +0530,
50,c,17,17,2,c,1,0.5797816659905948,None,,,,,2,17,17,2,536.3951553750085,,536.3862137499964,536.3951553750085,537.3844628329971,537.3844628329971,537.3844628329971,537.3844628329971,537.3917051249882,538.3838497079851,538.3838497079851,538.9690980419982,,,,,c,1,0.5797816659905948,None,p2,001,2025-09-30_14h04.02.683,untitled,,2025.1.1,120.50279789496592,2025-09-30 14h04.18.850214 +0530,
-50,x,18,18,4,c,0,0.4305996659968514,None,,,,,4,18,18,0,538.9794616670115,,538.9697128330008,538.9794616670115,539.9683917500079,539.9683917500079,539.9683917500079,539.9683917500079,539.9757070830092,540.9600642920122,540.9600642920122,541.3923035830085,,,,,c,0,0.4305996659968514,None,p2,001,2025-09-30_14h04.02.683,untitled,,2025.1.1,120.50279789496592,2025-09-30 14h04.18.850214 +0530,
-150,z,19,19,4,z,1,0.3281359990069177,None,,,,,4,19,19,3,541.401364874997,,541.3928424170008,541.401364874997,542.3920564999862,542.3920564999862,542.3920564999862,542.3920564999862,542.3920564999862,543.3838382500107,543.3838382500107,543.7198369170073,,,,,z,1,0.3281359990069177,None,p2,001,2025-09-30_14h04.02.683,untitled,,2025.1.1,120.50279789496592,2025-09-30 14h04.18.850214 +0530,
-150,z,20,20,5,x,0,0.42407362497760914,None,,,,,5,20,20,3,543.7348224580055,,543.7204485829861,543.7348224580055,544.7181490419898,544.7181490419898,544.7181490419898,544.7181490419898,544.7252583749942,545.7185387499921,545.7185387499921,546.1450096670014,,,,,x,0,0.42407362497760914,None,p2,001,2025-09-30_14h04.02.683,untitled,,2025.1.1,120.50279789496592,2025-09-30 14h04.18.850214 +0530,
-150,z,21,21,6,z,1,0.3632470000011381,None,,,,,6,21,21,3,546.1549613749958,,546.1455490830122,546.1549613749958,547.1430960420112,547.1430960420112,547.1430960420112,547.1430960420112,547.1514463330095,548.1424534170073,548.1424534170073,548.5105073750019,,,,,z,1,0.3632470000011381,None,p2,001,2025-09-30_14h04.02.683,untitled,,2025.1.1,120.50279789496592,2025-09-30 14h04.18.850214 +0530,
-50,x,22,22,5,x,1,0.6109955830033869,None,,,,,5,22,22,0,548.521244625008,,548.5110584580107,548.521244625008,549.5089410420042,549.5089410420042,549.5089410420042,549.5089410420042,549.5179174169898,550.5187486670038,550.5187486670038,551.1359147499898,,,,,x,1,0.6109955830033869,None,p2,001,2025-09-30_14h04.02.683,untitled,,2025.1.1,120.50279789496592,2025-09-30 14h04.18.850214 +0530,
-150,z,23,23,7,z,1,0.46290025001508184,None,,,,,7,23,23,3,551.1456635830109,,551.1364557920024,551.1456635830109,552.1522737919877,552.1522737919877,552.1522737919877,552.1522737919877,552.1522737919877,553.1276760830078,553.1276760830078,553.5927001250093,,,,,z,1,0.46290025001508184,None,p2,001,2025-09-30_14h04.02.683,untitled,,2025.1.1,120.50279789496592,2025-09-30 14h04.18.850214 +0530,
50,c,24,24,3,c,1,0.7793789569986984,None,,,,,3,24,24,2,553.6019552499929,,553.5931623750075,553.6019552499929,554.5852788329939,554.5852788329939,554.5852788329939,554.5852788329939,554.5924023329862,555.584216541989,555.584216541989,556.3694874169887,,,,,c,1,0.7793789569986984,None,p2,001,2025-09-30_14h04.02.683,untitled,,2025.1.1,120.50279789496592,2025-09-30 14h04.18.850214 +0530,
-50,x,25,25,6,x,1,0.7781874159991276,None,,,,,6,25,25,0,556.3788545420102,,556.370013125008,556.3788545420102,557.3685563330073,557.3685563330073,557.3685563330073,557.3685563330073,557.3757374169945,558.3685299580102,558.3685299580102,559.1522057499969,,,,,x,1,0.7781874159991276,None,p2,001,2025-09-30_14h04.02.683,untitled,,2025.1.1,120.50279789496592,2025-09-30 14h04.18.850214 +0530,
150,v,26,26,7,v,1,0.6614636660087854,None,,,,,7,26,26,1,559.1606801669986,,559.1526618750067,559.1606801669986,560.1434025419876,560.1434025419876,560.1434025419876,560.1434025419876,560.1688912500103,561.1420545000001,561.1420545000001,561.8106188749953,,,,,v,1,0.6614636660087854,None,p2,001,2025-09-30_14h04.02.683,untitled,,2025.1.1,120.50279789496592,2025-09-30 14h04.18.850214 +0530,
-150,z,27,27,8,z,1,0.30709833299624734,None,,,,,8,27,27,3,561.8356815830048,,561.8110637080099,561.8356815830048,562.8099570419872,562.8099570419872,562.8099570419872,562.8099570419872,562.8257135000022,563.8087760829949,563.8087760829949,564.121052167,,,,,z,1,0.30709833299624734,None,p2,001,2025-09-30_14h04.02.683,untitled,,2025.1.1,120.50279789496592,2025-09-30 14h04.18.850214 +0530,
-50,x,28,28,7,x,1,0.40115741599584,None,,,,,7,28,28,0,564.1331072920002,,564.1218883749971,564.1331072920002,565.1187002919905,565.1187002919905,565.1187002919905,565.1187002919905,565.125911250012,566.1185288330016,566.1185288330016,566.5370358329965,,,,,x,1,0.40115741599584,None,p2,001,2025-09-30_14h04.02.683,untitled,,2025.1.1,120.50279789496592,2025-09-30 14h04.18.850214 +0530,
-150,z,29,29,9,z,1,0.4282102490251418,None,,,,,9,29,29,3,566.5519620830019,,566.5377241249953,566.5519620830019,567.5357256669959,567.5357256669959,567.5357256669959,567.5357256669959,567.5428985829931,568.5356115830073,568.5356115830073,568.9698536669894,,,,,z,1,0.4282102490251418,None,p2,001,2025-09-30_14h04.02.683,untitled,,2025.1.1,120.50279789496592,2025-09-30 14h04.18.850214 +0530,
150,v,30,30,8,v,1,0.4521392490132712,None,,,,,8,30,30,1,568.9803026670124,,568.9706268330046,568.9803026670124,569.9686151669885,569.9686151669885,569.9686151669885,569.9686151669885,569.9762060829962,570.9685138750065,570.9685138750065,571.4268499999889,,,,,v,1,0.4521392490132712,None,p2,001,2025-09-30_14h04.02.683,untitled,,2025.1.1,120.50279789496592,2025-09-30 14h04.18.850214 +0530,
50,c,31,31,4,c,1,0.5882306249986868,None,,,,,4,31,31,2,571.4521505000012,,571.4273742079968,571.4521505000012,572.4192716669932,572.4192716669932,572.4192716669932,572.4192716669932,572.4430669170106,573.4294635829865,573.4294635829865,574.0200717079861,,,,,c,1,0.5882306249986868,None,p2,001,2025-09-30_14h04.02.683,untitled,,2025.1.1,120.50279789496592,2025-09-30 14h04.18.850214 +0530,
150,v,32,32,9,v,1,0.4077566239866428,None,,,,,9,32,32,1,574.0267957499891,,574.0206689579936,574.0267957499891,575.0188847499958,575.0188847499958,575.0188847499958,575.0188847499958,575.0188847499958,576.0189085419988,576.0189085419988,576.4369231669989,,,,,v,1,0.4077566239866428,None,p2,001,2025-09-30_14h04.02.683,untitled,,2025.1.1,120.50279789496592,2025-09-30 14h04.18.850214 +0530,
150,v,33,33,10,v,1,0.4159170820203144,None,,,,,10,33,33,1,576.4471897500043,,576.4375625420071,576.4471897500043,577.4360740419943,577.4360740419943,577.4360740419943,577.4360740419943,577.4432078750106,578.4527971670032,578.4527971670032,578.870764124993,,,,,v,1,0.4159170820203144,None,p2,001,2025-09-30_14h04.02.683,untitled,,2025.1.1,120.50279789496592,2025-09-30 14h04.18.850214 +0530,
-150,z,34,34,10,z,1,0.30410133200348355,None,,,,,10,34,34,3,578.8857497499848,,578.8714247079915,578.8857497499848,579.8686878749868,579.8686878749868,579.8686878749868,579.8686878749868,579.8763523329981,580.8687257499842,580.8687257499842,581.1766082920076,,,,,z,1,0.30410133200348355,None,p2,001,2025-09-30_14h04.02.683,untitled,,2025.1.1,120.50279789496592,2025-09-30 14h04.18.850214 +0530,
-50,x,35,35,8,x,1,0.5469212490133941,None,,,,,8,35,35,0,581.1856027499889,,581.177045791992,581.1856027499889,582.1690791670117,582.1690791670117,582.1690791670117,582.1690791670117,582.1763081249956,583.1687901669939,583.1687901669939,583.720809416991,,,,,x,1,0.5469212490133941,None,p2,001,2025-09-30_14h04.02.683,untitled,,2025.1.1,120.50279789496592,2025-09-30 14h04.18.850214 +0530,
-150,z,36,36,11,z,1,0.38960783201036975,None,,,,,11,36,36,3,583.7313331670011,,583.7214471669868,583.7313331670011,584.7192069170123,584.7192069170123,584.7192069170123,584.7192069170123,584.7261757499946,585.7190884170122,585.7190884170122,586.121706542006,,,,,z,1,0.38960783201036975,None,p2,001,2025-09-30_14h04.02.683,untitled,,2025.1.1,120.50279789496592,2025-09-30 14h04.18.850214 +0530,
50,c,37,37,5,c,1,0.5014850829902571,None,,,,,5,37,37,2,586.1340236249962,,586.1225451669889,586.1340236249962,587.1194965830073,587.1194965830073,587.1194965830073,587.1194965830073,587.1266992079909,588.1282122079865,588.1282122079865,588.637215833005,,,,,c,1,0.5014850829902571,None,p2,001,2025-09-30_14h04.02.683,untitled,,2025.1.1,120.50279789496592,2025-09-30 14h04.18.850214 +0530,
-150,z,38,38,12,z,1,0.303188207995845,None,,,,,12,38,38,3,588.6527280829905,,588.637673041987,588.6527280829905,589.6532625000109,589.6532625000109,589.6532625000109,589.6532625000109,589.6532625000109,590.6356429999869,590.6356429999869,590.9439276249905,,,,,z,1,0.303188207995845,None,p2,001,2025-09-30_14h04.02.683,untitled,,2025.1.1,120.50279789496592,2025-09-30 14h04.18.850214 +0530,
150,v,39,39,11,v,1,0.4291057499940507,None,,,,,11,39,39,1,590.969145125011,,590.944384500006,590.969145125011,591.9369542500062,591.9369542500062,591.9369542500062,591.9369542500062,591.9696885419835,592.935753333004,592.935753333004,593.370277457987,,,,,v,1,0.4291057499940507,None,p2,001,2025-09-30_14h04.02.683,untitled,,2025.1.1,120.50279789496592,2025-09-30 14h04.18.850214 +0530,
-50,x,40,40,9,x,1,0.5396822910115588,None,,,,,9,40,40,0,593.3799887080095,,593.3708302080049,593.3799887080095,594.3691487920005,594.3691487920005,594.3691487920005,594.3691487920005,594.3764681250032,595.3690827919927,595.3690827919927,595.910483374988,,,,,x,1,0.5396822910115588,None,p2,001,2025-09-30_14h04.02.683,untitled,,2025.1.1,120.50279789496592,2025-09-30 14h04.18.850214 +0530,
-50,x,41,41,10,x,1,0.4337134580127895,None,,,,,10,41,41,0,595.9191264580004,,595.9110181249853,595.9191264580004,596.9098922499979,596.9098922499979,596.9098922499979,596.9098922499979,596.9098922499979,597.9019983329927,597.9019983329927,598.3368280419963,,,,,x,1,0.4337134580127895,None,p2,001,2025-09-30_14h04.02.683,untitled,,2025.1.1,120.50279789496592,2025-09-30 14h04.18.850214 +0530,
-150,z,42,42,13,z,1,0.3860406659950968,None,,,,,13,42,42,3,598.3432887500094,,598.3373622919898,598.3432887500094,599.3269345420122,599.3269345420122,599.3269345420122,599.3269345420122,599.3358600419888,600.3358987079991,600.3358987079991,600.7272530419868,,,,,z,1,0.3860406659950968,None,p2,001,2025-09-30_14h04.02.683,untitled,,2025.1.1,120.50279789496592,2025-09-30 14h04.18.850214 +0530,
50,c,43,43,6,c,1,0.40160287398612127,None,,,,,6,43,43,2,600.7364382919914,,600.7277217080118,600.7364382919914,601.7285188749956,601.7285188749956,601.7285188749956,601.7285188749956,601.7285188749956,602.7200440419838,602.7200440419838,603.1288155000075,,,,,c,1,0.40160287398612127,None,p2,001,2025-09-30_14h04.02.683,untitled,,2025.1.1,120.50279789496592,2025-09-30 14h04.18.850214 +0530,
-150,z,44,44,14,z,1,0.3259632069966756,None,,,,,14,44,44,3,603.1384933750087,,603.1293797499966,603.1384933750087,604.1272571670124,604.1272571670124,604.1272571670124,604.1272571670124,604.1359652919928,605.1366887920012,605.1366887920012,605.488317832991,,,,,z,1,0.3259632069966756,None,p2,001,2025-09-30_14h04.02.683,untitled,,2025.1.1,120.50279789496592,2025-09-30 14h04.18.850214 +0530,
-150,z,45,45,15,z,1,0.42381204100092873,None,,,,,15,45,45,3,605.5025869169913,,605.4890005830093,605.5025869169913,606.486294125003,606.486294125003,606.486294125003,606.486294125003,606.4934400829952,607.4860024579975,607.4860024579975,607.9207173330069,,,,,z,1,0.42381204100092873,None,p2,001,2025-09-30_14h04.02.683,untitled,,2025.1.1,120.50279789496592,2025-09-30 14h04.18.850214 +0530,
-50,x,46,46,11,c,0,0.4646030409785453,None,,,,,11,46,46,0,607.9303832919977,,607.9212744999968,607.9303832919977,608.9367707080091,608.9367707080091,608.9367707080091,608.9367707080091,608.9535782079911,609.9193226670031,609.9193226670031,610.388465416996,,,,,c,0,0.4646030409785453,None,p2,001,2025-09-30_14h04.02.683,untitled,,2025.1.1,120.50279789496592,2025-09-30 14h04.18.850214 +0530,
50,c,47,47,7,c,1,0.4231210409780033,None,,,,,7,47,47,2,610.4027636669925,,610.3893027080048,610.4027636669925,611.3863040829892,611.3863040829892,611.3863040829892,611.3863040829892,611.3933532499941,612.3866644169902,612.3866644169902,612.8119522919878,,,,,c,1,0.4231210409780033,None,p2,001,2025-09-30_14h04.02.683,untitled,,2025.1.1,120.50279789496592,2025-09-30 14h04.18.850214 +0530,
-150,z,48,48,16,z,1,0.31482850000611506,None,,,,,16,48,48,3,612.822808958008,,612.812524375011,612.822808958008,613.8114877500047,613.8114877500047,613.8114877500047,613.8114877500047,613.836804999999,614.810949457984,614.810949457984,615.1275254169886,,,,,z,1,0.31482850000611506,None,p2,001,2025-09-30_14h04.02.683,untitled,,2025.1.1,120.50279789496592,2025-09-30 14h04.18.850214 +0530,
-150,z,49,49,17,z,1,0.5197497490153182,None,,,,,17,49,49,3,615.1361190000025,,615.1280477079854,615.1361190000025,616.1198267920117,616.1198267920117,616.1198267920117,616.1198267920117,616.1276443749957,617.1370046669908,617.1370046669908,617.6626251249982,,,,,z,1,0.5197497490153182,None,p2,001,2025-09-30_14h04.02.683,untitled,,2025.1.1,120.50279789496592,2025-09-30 14h04.18.850214 +0530,
50,c,50,50,8,c,1,0.7406157070072368,None,,,,,8,50,50,2,617.6726901670045,,617.6632549169881,617.6726901670045,618.6601046670112,618.6601046670112,618.6601046670112,618.6601046670112,618.6696424169932,619.6601343330112,619.6601343330112,620.4043384169927,,,,,c,1,0.7406157070072368,None,p2,001,2025-09-30_14h04.02.683,untitled,,2025.1.1,120.50279789496592,2025-09-30 14h04.18.850214 +0530,
-150,z,51,51,18,z,1,0.8027480829914566,None,,,,,18,51,51,3,620.4135745000094,,620.4049093330104,620.4135745000094,621.4029462079925,621.4029462079925,621.4029462079925,621.4029462079925,621.4095551669889,622.4030906670087,622.4030906670087,623.2114564169897,,,,,z,1,0.8027480829914566,None,p2,001,2025-09-30_14h04.02.683,untitled,,2025.1.1,120.50279789496592,2025-09-30 14h04.18.850214 +0530,
50,c,52,52,9,c,1,0.3842304999998305,None,,,,,9,52,52,2,623.2371310000017,,623.2119327500113,623.2371310000017,624.2111885419872,624.2111885419872,624.2111885419872,624.2111885419872,624.2274020829936,625.2126120830071,625.2126120830071,625.6042165829858,,,,,c,1,0.3842304999998305,None,p2,001,2025-09-30_14h04.02.683,untitled,,2025.1.1,120.50279789496592,2025-09-30 14h04.18.850214 +0530,
150,v,53,53,12,v,1,0.44101129099726677,None,,,,,12,53,53,1,625.6134180829977,,625.6046931250021,625.6134180829977,626.6037274170085,626.6037274170085,626.6037274170085,626.6037274170085,626.6106167499966,627.6038241669885,627.6038241669885,628.0556898750074,,,,,v,1,0.44101129099726677,None,p2,001,2025-09-30_14h04.02.683,untitled,,2025.1.1,120.50279789496592,2025-09-30 14h04.18.850214 +0530,
-150,z,54,54,19,z,1,0.3076599579944741,None,,,,,19,54,54,3,628.066576082987,,628.0563678329927,628.066576082987,629.053139124997,629.053139124997,629.053139124997,629.053139124997,629.060658375005,630.0532228749944,630.0532228749944,630.3708654170041,,,,,z,1,0.3076599579944741,None,p2,001,2025-09-30_14h04.02.683,untitled,,2025.1.1,120.50279789496592,2025-09-30 14h04.18.850214 +0530,
50,c,55,55,10,c,1,0.39126508301706053,None,,,,,10,55,55,2,630.3802824580052,,630.3713158330065,630.3802824580052,631.3615558329911,631.3615558329911,631.3615558329911,631.3615558329911,631.4042412499839,632.3874614579836,632.3874614579836,632.7871534579899,,,,,c,1,0.39126508301706053,None,p2,001,2025-09-30_14h04.02.683,untitled,,2025.1.1,120.50279789496592,2025-09-30 14h04.18.850214 +0530,
150,v,56,56,13,v,1,0.5424057490017731,None,,,,,13,56,56,1,632.7959977920109,,632.7876013749919,632.7959977920109,633.7780981670076,633.7780981670076,633.7780981670076,633.7780981670076,633.82074908301,634.7793552080111,634.7793552080111,635.3283727079979,,,,,v,1,0.5424057490017731,None,p2,001,2025-09-30_14h04.02.683,untitled,,2025.1.1,120.50279789496592,2025-09-30 14h04.18.850214 +0530,
-150,z,57,57,20,z,1,0.36014174899901263,None,,,,,20,57,57,3,635.3534527079901,,635.3289103749848,635.3534527079901,636.3198913749948,636.3198913749948,636.3198913749948,636.3198913749948,636.3709838330105,637.3277065829898,637.3277065829898,637.6954436250089,,,,,z,1,0.36014174899901263,None,p2,001,2025-09-30_14h04.02.683,untitled,,2025.1.1,120.50279789496592,2025-09-30 14h04.18.850214 +0530,
-150,z,58,58,21,z,1,0.40902550000464544,None,,,,,21,58,58,3,637.7065325829899,,637.6959915419866,637.7065325829899,638.6955615830084,638.6955615830084,638.6955615830084,638.6955615830084,638.7037504169857,639.6948239580088,639.6948239580088,640.111899999989,,,,,z,1,0.40902550000464544,None,p2,001,2025-09-30_14h04.02.683,untitled,,2025.1.1,120.50279789496592,2025-09-30 14h04.18.850214 +0530,
-50,x,59,59,12,x,1,0.6125800409936346,None,,,,,12,59,59,0,640.1371287920047,,640.1124587079976,640.1371287920047,641.1039809999929,641.1039809999929,641.1039809999929,641.1039809999929,641.1268745829875,642.1042411669914,642.1042411669914,642.7214713330031,,,,,x,1,0.6125800409936346,None,p2,001,2025-09-30_14h04.02.683,untitled,,2025.1.1,120.50279789496592,2025-09-30 14h04.18.850214 +0530,
50,c,60,60,11,c,1,0.40115770799457096,None,,,,,11,60,60,2,642.7308276249969,,642.7219924170058,642.7308276249969,643.7206203750102,643.7206203750102,643.7206203750102,643.7206203750102,643.7279309169971,644.7377011250064,644.7377011250064,645.1456638750096,,,,,c,1,0.40115770799457096,None,p2,001,2025-09-30_14h04.02.683,untitled,,2025.1.1,120.50279789496592,2025-09-30 14h04.18.850214 +0530,
-50,x,61,61,13,x,1,0.6605319160153158,None,,,,,13,61,61,0,645.1560503749934,,645.14623462499,645.1560503749934,646.1378749999858,646.1378749999858,646.1378749999858,646.1378749999858,646.1708413329907,647.1372031669889,647.1372031669889,647.8048642920039,,,,,x,1,0.6605319160153158,None,p2,001,2025-09-30_14h04.02.683,untitled,,2025.1.1,120.50279789496592,2025-09-30 14h04.18.850214 +0530,
-50,x,62,62,14,x,1,0.45365212397882715,None,,,,,14,62,62,0,647.8141691249912,,647.8054287919949,647.8141691249912,648.804502791987,648.804502791987,648.804502791987,648.804502791987,648.8116699999955,649.8211957919993,649.8211957919993,650.2796457500081,,,,,x,1,0.45365212397882715,None,p2,001,2025-09-30_14h04.02.683,untitled,,2025.1.1,120.50279789496592,2025-09-30 14h04.18.850214 +0530,
-50,x,63,63,15,x,1,0.35291808302281424,None,,,,,15,63,63,0,650.289338875009,,650.2802019169903,650.289338875009,651.2780728329963,651.2780728329963,651.2780728329963,651.2780728329963,651.2869637919939,652.2879385419947,652.2879385419947,652.6456628330052,,,,,x,1,0.35291808302281424,None,p2,001,2025-09-30_14h04.02.683,untitled,,2025.1.1,120.50279789496592,2025-09-30 14h04.18.850214 +0530,
150,v,64,64,14,v,1,0.37412858198513277,None,,,,,14,64,64,1,652.6711397499894,,652.6462697499956,652.6711397499894,653.6454994579835,653.6454994579835,653.6454994579835,653.6454994579835,653.6878399999987,654.6367941669887,654.6367941669887,655.0125966249907,,,,,v,1,0.37412858198513277,None,p2,001,2025-09-30_14h04.02.683,untitled,,2025.1.1,120.50279789496592,2025-09-30 14h04.18.850214 +0530,
150,v,65,65,15,v,1,0.35360233299434185,None,,,,,15,65,65,1,655.022982333001,,655.0131632080011,655.022982333001,656.011638750002,656.011638750002,656.011638750002,656.011638750002,656.0204490000033,657.0212510830024,657.0212510830024,657.3791066670092,,,,,v,1,0.35360233299434185,None,p2,001,2025-09-30_14h04.02.683,untitled,,2025.1.1,120.50279789496592,2025-09-30 14h04.18.850214 +0530,
50,c,66,66,12,c,1,0.6277353320037946,None,,,,,12,66,66,2,657.3906194579904,,657.3796488750086,657.3906194579904,658.3882804169843,658.3882804169843,658.3882804169843,658.3882804169843,658.4049571249925,659.3802441669977,659.3802441669977,660.0119428749895,,,,,c,1,0.6277353320037946,None,p2,001,2025-09-30_14h04.02.683,untitled,,2025.1.1,120.50279789496592,2025-09-30 14h04.18.850214 +0530,
-150,z,67,67,22,z,1,0.3240641659940593,None,,,,,22,67,67,3,660.0375044170069,,660.0125215830049,660.0375044170069,661.0039976669941,661.0039976669941,661.0039976669941,661.0039976669941,661.0275855830114,662.0211317079957,662.0211317079957,662.3562875000061,,,,,z,1,0.3240641659940593,None,p2,001,2025-09-30_14h04.02.683,untitled,,2025.1.1,120.50279789496592,2025-09-30 14h04.18.850214 +0530,
150,v,68,68,16,v,1,0.3157236659899354,None,,,,,16,68,68,1,662.3705616249936,,662.3570550419972,662.3705616249936,663.354102332989,663.354102332989,663.354102332989,663.354102332989,663.3610484999954,664.3541575419949,664.3541575419949,664.6721122919989,,,,,v,1,0.3157236659899354,None,p2,001,2025-09-30_14h04.02.683,untitled,,2025.1.1,120.50279789496592,2025-09-30 14h04.18.850214 +0530,
150,v,69,69,17,v,1,0.44838762399740517,None,,,,,17,69,69,1,664.6820672499889,,664.6726832499844,664.6820672499889,665.6707052080019,665.6707052080019,665.6707052080019,665.6707052080019,665.6772551669856,666.670450250007,666.670450250007,667.1221974579967,,,,,v,1,0.44838762399740517,None,p2,001,2025-09-30_14h04.02.683,untitled,,2025.1.1,120.50279789496592,2025-09-30 14h04.18.850214 +0530,
-50,x,70,70,16,x,1,0.5011625409824774,None,,,,,16,70,70,0,667.132175457984,,667.1227889999864,667.132175457984,668.1207220829965,668.1207220829965,668.1207220829965,668.1207220829965,668.1273309169919,669.120737041987,669.120737041987,669.6286023749853,,,,,x,1,0.5011625409824774,None,p2,001,2025-09-30_14h04.02.683,untitled,,2025.1.1,120.50279789496592,2025-09-30 14h04.18.850214 +0530,
150,v,71,71,18,v,1,0.29917054099496454,None,,,,,18,71,71,1,669.654369166994,,669.6291602499841,669.654369166994,670.6208652500063,670.6208652500063,670.6208652500063,670.6208652500063,670.6444125419948,671.6207832079963,671.6207832079963,671.9221606669889,,,,,v,1,0.29917054099496454,None,p2,001,2025-09-30_14h04.02.683,untitled,,2025.1.1,120.50279789496592,2025-09-30 14h04.18.850214 +0530,
-50,x,72,72,17,c,0,0.6245406240050215,None,,,,,17,72,72,0,671.9282874999917,,671.9226917919877,671.9282874999917,672.9209186669905,672.9209186669905,672.9209186669905,672.9209186669905,672.9209186669905,673.9212962919846,673.9212962919846,674.5554910000064,,,,,c,0,0.6245406240050215,None,p2,001,2025-09-30_14h04.02.683,untitled,,2025.1.1,120.50279789496592,2025-09-30 14h04.18.850214 +0530,
50,c,73,73,13,c,1,0.6203764580131974,None,,,,,13,73,73,2,674.5649311250017,,674.5560244169901,674.5649311250017,675.5541847499844,675.5541847499844,675.5541847499844,675.5541847499844,675.5620730000082,676.5464801669877,676.5464801669877,677.1726352080004,,,,,c,1,0.6203764580131974,None,p2,001,2025-09-30_14h04.02.683,untitled,,2025.1.1,120.50279789496592,2025-09-30 14h04.18.850214 +0530,
50,c,74,74,14,c,1,0.5513622490107082,None,,,,,14,74,74,2,677.182655749988,,677.1733594170073,677.182655749988,678.1717291249952,678.1717291249952,678.1717291249952,678.1717291249952,678.1780791250058,679.171472749993,679.171472749993,679.7307808329933,,,,,c,1,0.5513622490107082,None,p2,001,2025-09-30_14h04.02.683,untitled,,2025.1.1,120.50279789496592,2025-09-30 14h04.18.850214 +0530,
-50,x,75,75,18,x,1,0.34896458298317157,None,,,,,18,75,75,0,679.7406372079859,,679.7314240419946,679.7406372079859,680.7295801670116,680.7295801670116,680.7295801670116,680.7295801670116,680.7548670000106,681.7299332919938,681.7299332919938,682.0890672079986,,,,,x,1,0.34896458298317157,None,p2,001,2025-09-30_14h04.02.683,untitled,,2025.1.1,120.50279789496592,2025-09-30 14h04.18.850214 +0530,
150,v,76,76,19,v,1,0.302640749985585,None,,,,,19,76,76,1,682.0982457500068,,682.0896203329903,682.0982457500068,683.0888395000075,683.0888395000075,683.0888395000075,683.0888395000075,683.0959664580005,684.0885367500014,684.0885367500014,684.4067880419898,,,,,v,1,0.302640749985585,None,p2,001,2025-09-30_14h04.02.683,untitled,,2025.1.1,120.50279789496592,2025-09-30 14h04.18.850214 +0530,
-150,z,77,77,23,z,1,0.42344383301679045,None,,,,,23,77,77,3,684.4210675829963,,684.4076340000029,684.4210675829963,685.4047520830063,685.4047520830063,685.4047520830063,685.4047520830063,685.4129630000098,686.4046350829885,686.4046350829885,686.8392454999848,,,,,z,1,0.42344383301679045,None,p2,001,2025-09-30_14h04.02.683,untitled,,2025.1.1,120.50279789496592,2025-09-30 14h04.18.850214 +0530,
-150,z,78,78,24,z,1,0.3830264580028597,None,,,,,24,78,78,3,686.8485303329944,,686.839819707995,686.8485303329944,687.8378654579865,687.8378654579865,687.8378654579865,687.8378654579865,687.8445478329959,688.837912374991,688.837912374991,689.2221976250003,,,,,z,1,0.3830264580028597,None,p2,001,2025-09-30_14h04.02.683,untitled,,2025.1.1,120.50279789496592,2025-09-30 14h04.18.850214 +0530,
150,v,79,79,20,v,1,0.4339479990012478,None,,,,,20,79,79,1,689.2316313330084,,689.222671083,689.2316313330084,690.2130735829996,690.2130735829996,690.2130735829996,690.2130735829996,690.2554850419983,691.2220065830043,691.2220065830043,691.6734503750049,,,,,v,1,0.4339479990012478,None,p2,001,2025-09-30_14h04.02.683,untitled,,2025.1.1,120.50279789496592,2025-09-30 14h04.18.850214 +0530,
50,c,80,80,15,c,1,0.3702062909724191,None,,,,,15,80,80,2,691.6879050419957,,691.6741127499845,691.6879050419957,692.6717817919853,692.6717817919853,692.6717817919853,692.6717817919853,692.6786790830083,693.6717628329934,693.6717628329934,694.0462862080021,,,,,c,1,0.3702062909724191,None,p2,001,2025-09-30_14h04.02.683,untitled,,2025.1.1,120.50279789496592,2025-09-30 14h04.18.850214 +0530,
-50,x,81,81,19,x,1,0.29726900000241585,None,,,,,19,81,81,0,694.0715868750121,,694.0468390829919,694.0715868750121,695.0455824169912,695.0455824169912,695.0455824169912,695.0455824169912,695.0622391249926,696.0377139580087,696.0377139580087,696.3388414169895,,,,,x,1,0.29726900000241585,None,p2,001,2025-09-30_14h04.02.683,untitled,,2025.1.1,120.50279789496592,2025-09-30 14h04.18.850214 +0530,
-150,z,82,82,25,z,1,0.2896625829744153,None,,,,,25,82,82,3,696.3448929169972,,696.3393798749894,696.3448929169972,697.3289893750043,697.3289893750043,697.3289893750043,697.3289893750043,697.3379368750029,698.329231916985,698.329231916985,698.6405669579981,,,,,z,1,0.2896625829744153,None,p2,001,2025-09-30_14h04.02.683,untitled,,2025.1.1,120.50279789496592,2025-09-30 14h04.18.850214 +0530,
50,c,83,83,16,c,1,0.4001049160142429,None,,,,,16,83,83,2,698.6547257920029,,698.641240625002,698.6547257920029,699.6381769999862,699.6381769999862,699.6381769999862,699.6381769999862,699.6459476249875,700.6479397499934,700.6479397499934,701.0561372500088,,,,,c,1,0.4001049160142429,None,p2,001,2025-09-30_14h04.02.683,untitled,,2025.1.1,120.50279789496592,2025-09-30 14h04.18.850214 +0530,
50,c,84,84,17,c,1,0.4070277069986332,None,,,,,17,84,84,2,701.0655384580023,,701.0566852499906,701.0655384580023,702.0552584579855,702.0552584579855,702.0552584579855,702.0552584579855,702.0623807499942,703.0549172080064,703.0549172080064,703.472947458009,,,,,c,1,0.4070277069986332,None,p2,001,2025-09-30_14h04.02.683,untitled,,2025.1.1,120.50279789496592,2025-09-30 14h04.18.850214 +0530,
-150,z,85,85,26,z,1,0.34428624901920557,None,,,,,26,85,85,3,703.4825713750033,,703.4735202080046,703.4825713750033,704.4715749580064,704.4715749580064,704.4715749580064,704.4715749580064,704.4780361669837,705.4716525420081,705.4716525420081,705.8226397079998,,,,,z,1,0.34428624901920557,None,p2,001,2025-09-30_14h04.02.683,untitled,,2025.1.1,120.50279789496592,2025-09-30 14h04.18.850214 +0530,
50,c,86,86,18,c,1,0.35041974898194894,None,,,,,18,86,86,2,705.831880541984,,705.8230752499949,705.831880541984,706.8129563329858,706.8129563329858,706.8129563329858,706.8129563329858,706.8294626669958,707.8135754579853,707.8135754579853,708.1729623749852,,,,,c,1,0.35041974898194894,None,p2,001,2025-09-30_14h04.02.683,untitled,,2025.1.1,120.50279789496592,2025-09-30 14h04.18.850214 +0530,
50,c,87,87,19,c,1,0.40482833300484344,None,,,,,19,87,87,2,708.1822528330085,,708.1735233750078,708.1822528330085,709.1722922500048,709.1722922500048,709.1722922500048,709.1722922500048,709.1794559999835,710.189215499995,710.189215499995,710.5986940420116,,,,,c,1,0.40482833300484344,None,p2,001,2025-09-30_14h04.02.683,untitled,,2025.1.1,120.50279789496592,2025-09-30 14h04.18.850214 +0530,
150,v,88,88,21,v,1,0.44934829100384377,None,,,,,21,88,88,1,710.6084525419865,,710.599243167002,710.6084525419865,711.597055582999,711.597055582999,711.597055582999,711.597055582999,711.606977916992,712.5956151249993,712.5956151249993,713.0477682079945,,,,,v,1,0.44934829100384377,None,p2,001,2025-09-30_14h04.02.683,untitled,,2025.1.1,120.50279789496592,2025-09-30 14h04.18.850214 +0530,
-150,z,89,89,27,z,1,0.3406235410075169,None,,,,,27,89,89,3,713.058157958003,,713.0484205829853,713.058157958003,714.0459301669907,714.0459301669907,714.0459301669907,714.0459301669907,714.0551141669857,715.0464967919979,715.0464967919979,715.3907777080021,,,,,z,1,0.3406235410075169,None,p2,001,2025-09-30_14h04.02.683,untitled,,2025.1.1,120.50279789496592,2025-09-30 14h04.18.850214 +0530,
50,c,90,90,20,c,1,0.49851012497674674,None,,,,,20,90,90,2,715.4019864999864,,715.3914394580061,715.4019864999864,716.3886188330071,716.3886188330071,716.3886188330071,716.3886188330071,716.3957200000004,717.3885033330007,717.3885033330007,717.8898673329968,,,,,c,1,0.49851012497674674,None,p2,001,2025-09-30_14h04.02.683,untitled,,2025.1.1,120.50279789496592,2025-09-30 14h04.18.850214 +0530,
150,v,91,91,22,v,1,0.4981561249878723,None,,,,,22,91,91,1,717.8994162919989,,717.8904148750007,717.8994162919989,718.889507291984,718.889507291984,718.889507291984,718.889507291984,718.8969884169928,719.905819083011,719.905819083011,720.4067560829862,,,,,v,1,0.4981561249878723,None,p2,001,2025-09-30_14h04.02.683,untitled,,2025.1.1,120.50279789496592,2025-09-30 14h04.18.850214 +0530,
-50,x,92,92,20,c,0,0.48059691602247767,None,,,,,20,92,92,0,720.4167610000004,,720.4073541669932,720.4167610000004,721.4052445830021,721.4052445830021,721.4052445830021,721.4052445830021,721.4114568750083,722.4054328750062,722.4054328750062,722.8901051669964,,,,,c,0,0.48059691602247767,None,p2,001,2025-09-30_14h04.02.683,untitled,,2025.1.1,120.50279789496592,2025-09-30 14h04.18.850214 +0530,
-50,x,93,93,21,z,0,0.37623887398513034,None,,,,,21,93,93,0,722.9003254999989,,722.8906852499931,722.9003254999989,723.8888727919839,723.8888727919839,723.8888727919839,723.8888727919839,723.8965633329935,724.8888092080015,724.8888092080015,725.2734408749966,,,,,z,0,0.37623887398513034,None,p2,001,2025-09-30_14h04.02.683,untitled,,2025.1.1,120.50279789496592,2025-09-30 14h04.18.850214 +0530,
50,c,94,94,21,c,1,0.5201632910175249,None,,,,,21,94,94,2,725.2832031669968,,725.2740543750115,725.2832031669968,726.2721605830011,726.2721605830011,726.2721605830011,726.2721605830011,726.2792574579944,727.2719587920001,727.2719587920001,727.7969927499944,,,,,c,1,0.5201632910175249,None,p2,001,2025-09-30_14h04.02.683,untitled,,2025.1.1,120.50279789496592,2025-09-30 14h04.18.850214 +0530,
-50,x,95,95,22,x,1,0.36610116600058973,None,,,,,22,95,95,0,727.8063469170011,,727.7974583329924,727.8063469170011,728.7962828330055,728.7962828330055,728.7962828330055,728.7962828330055,728.7962828330055,729.8059583329887,729.8059583329887,730.1746508750075,,,,,x,1,0.36610116600058973,None,p2,001,2025-09-30_14h04.02.683,untitled,,2025.1.1,120.50279789496592,2025-09-30 14h04.18.850214 +0530,
50,c,96,96,22,c,1,0.4800145409826655,None,,,,,22,96,96,2,730.1859514169919,,730.175340124988,730.1859514169919,731.1722595829924,731.1722595829924,731.1722595829924,731.1722595829924,731.1791372080042,732.1721190829994,732.1721190829994,732.6568026249879,,,,,c,1,0.4800145409826655,None,p2,001,2025-09-30_14h04.02.683,untitled,,2025.1.1,120.50279789496592,2025-09-30 14h04.18.850214 +0530,
-150,z,97,97,28,z,1,0.5855251660104841,None,,,,,28,97,97,3,732.665554999985,,732.657369166991,732.665554999985,733.6563955419988,733.6563955419988,733.6563955419988,733.6563955419988,733.6637650830089,734.6564404579985,734.6564404579985,735.2582209169923,,,,,z,1,0.5855251660104841,None,p2,001,2025-09-30_14h04.02.683,untitled,,2025.1.1,120.50279789496592,2025-09-30 14h04.18.850214 +0530,
150,v,98,98,23,v,1,0.3465602500073146,None,,,,,23,98,98,1,735.2699515830027,,735.2589252920006,735.2699515830027,736.2561799579998,736.2561799579998,736.2561799579998,736.2561799579998,736.2633015419997,737.2555750829924,737.2555750829924,737.6062070420012,,,,,v,1,0.3465602500073146,None,p2,001,2025-09-30_14h04.02.683,untitled,,2025.1.1,120.50279789496592,2025-09-30 14h04.18.850214 +0530,
50,c,99,99,23,c,1,0.4653170410019811,None,,,,,23,99,99,2,737.6135989169998,,737.6066311250033,737.6135989169998,738.5985151249915,738.5985151249915,738.5985151249915,738.5985151249915,738.6075908330095,739.596703874995,739.596703874995,740.0638702920114,,,,,c,1,0.4653170410019811,None,p2,001,2025-09-30_14h04.02.683,untitled,,2025.1.1,120.50279789496592,2025-09-30 14h04.18.850214 +0530,
150,v,100,100,24,v,1,0.4487602080043871,None,,,,,24,100,100,1,740.0893541669939,,740.0645044999837,740.0893541669939,741.0561395419936,741.0561395419936,741.0561395419936,741.0561395419936,741.0802819170058,742.0562188329932,742.0562188329932,742.5244868749869,,,,,v,1,0.4487602080043871,None,p2,001,2025-09-30_14h04.02.683,untitled,,2025.1.1,120.50279789496592,2025-09-30 14h04.18.850214 +0530,
-150,z,101,101,29,z,1,0.3901905410166364,None,,,,,29,101,101,3,742.5390909579874,,742.5251925420016,742.5390909579874,743.5398317080108,743.5398317080108,743.5398317080108,743.5398317080108,743.5565172079951,744.5229576670099,744.5229576670099,744.9239230419917,,,,,z,1,0.3901905410166364,None,p2,001,2025-09-30_14h04.02.683,untitled,,2025.1.1,120.50279789496592,2025-09-30 14h04.18.850214 +0530,
50,c,102,102,24,c,1,0.445342040999094,None,,,,,24,102,102,2,744.9338661670045,,744.924499042012,744.9338661670045,745.9221908749896,745.9221908749896,745.9221908749896,745.9221908749896,745.9294838329952,746.9157637919998,746.9157637919998,747.3650484579848,,,,,c,1,0.445342040999094,None,p2,001,2025-09-30_14h04.02.683,untitled,,2025.1.1,120.50279789496592,2025-09-30 14h04.18.850214 +0530,
50,c,103,103,25,c,1,0.41195937400334515,None,,,,,25,103,103,2,747.3752384579857,,747.3656117499922,747.3752384579857,748.3643302079872,748.3643302079872,748.3643302079872,748.3643302079872,748.3898707079934,749.3640664170089,749.3640664170089,749.7823429580021,,,,,c,1,0.41195937400334515,None,p2,001,2025-09-30_14h04.02.683,untitled,,2025.1.1,120.50279789496592,2025-09-30 14h04.18.850214 +0530,
-50,x,104,104,23,x,1,0.4591306659858674,None,,,,,23,104,104,0,749.7922308330017,,749.7828949579853,749.7922308330017,750.7805074169883,750.7805074169883,750.7805074169883,750.7805074169883,750.7895346249861,751.7902579579968,751.7902579579968,752.2582734999887,,,,,x,1,0.4591306659858674,None,p2,001,2025-09-30_14h04.02.683,untitled,,2025.1.1,120.50279789496592,2025-09-30 14h04.18.850214 +0530,
-150,z,105,105,30,z,1,0.5109080409747548,None,,,,,30,105,105,3,752.2725948329899,,752.2591153749963,752.2725948329899,753.256339042011,753.256339042011,753.256339042011,753.256339042011,753.2635078750027,754.2731569169846,754.2731569169846,754.7907997079892,,,,,z,1,0.5109080409747548,None,p2,001,2025-09-30_14h04.02.683,untitled,,2025.1.1,120.50279789496592,2025-09-30 14h04.18.850214 +0530,
50,c,106,106,26,c,1,0.3617954569926951,None,,,,,26,106,106,2,754.8000577919884,,754.7914066250087,754.8000577919884,755.7897358750051,755.7897358750051,755.7897358750051,755.7897358750051,755.7968864580034,756.7895229579881,756.7895229579881,757.1589057079982,,,,,c,1,0.3617954569926951,None,p2,001,2025-09-30_14h04.02.683,untitled,,2025.1.1,120.50279789496592,2025-09-30 14h04.18.850214 +0530,
-50,x,107,107,24,x,1,0.4274835829855874,None,,,,,24,107,107,0,757.1705656250124,,757.1597325000039,757.1705656250124,758.156793083006,758.156793083006,758.156793083006,758.156793083006,758.1638830000011,759.1565996249847,759.1565996249847,759.5905877079931,,,,,x,1,0.4274835829855874,None,p2,001,2025-09-30_14h04.02.683,untitled,,2025.1.1,120.50279789496592,2025-09-30 14h04.18.850214 +0530,
50,c,108,108,27,c,1,0.3595243740128353,None,,,,,27,108,108,2,759.5998531669902,,759.5910310829931,759.5998531669902,760.5896877080086,760.5896877080086,760.5896877080086,760.5896877080086,760.5972688749898,761.5895979169873,761.5895979169873,761.9575859580073,,,,,c,1,0.3595243740128353,None,p2,001,2025-09-30_14h04.02.683,untitled,,2025.1.1,120.50279789496592,2025-09-30 14h04.18.850214 +0530,
50,c,109,109,28,c,1,0.31081087500206195,None,,,,,28,109,109,2,761.9676795419946,,761.9581537079939,761.9676795419946,762.957530374988,762.957530374988,762.957530374988,762.957530374988,762.973729166988,763.9562640420045,763.9562640420045,764.2740645000013,,,,,c,1,0.31081087500206195,None,p2,001,2025-09-30_14h04.02.683,untitled,,2025.1.1,120.50279789496592,2025-09-30 14h04.18.850214 +0530,
150,v,110,110,25,v,1,0.34126033302163705,None,,,,,25,110,110,1,764.2830531669897,,764.2745314170024,764.2830531669897,765.2667645420006,765.2667645420006,765.2667645420006,765.2667645420006,765.2748240829969,766.2728886250115,766.2728886250115,766.615587917011,,,,,v,1,0.34126033302163705,None,p2,001,2025-09-30_14h04.02.683,untitled,,2025.1.1,120.50279789496592,2025-09-30 14h04.18.850214 +0530,
-50,x,111,111,25,x,1,0.4152450819965452,None,,,,,25,111,111,0,766.6260117499914,,766.616188791988,766.6260117499914,767.6150949999865,767.6150949999865,767.6150949999865,767.6150949999865,767.6401630000037,768.6239472079906,768.6239472079906,769.0409713329864,,,,,x,1,0.4152450819965452,None,p2,001,2025-09-30_14h04.02.683,untitled,,2025.1.1,120.50279789496592,2025-09-30 14h04.18.850214 +0530,
150,v,112,112,26,v,1,0.49413404101505876,None,,,,,26,112,112,1,769.0473167079908,,769.0415140420082,769.0473167079908,770.0320774170104,770.0320774170104,770.0320774170104,770.0320774170104,770.0568859170016,771.0573203329986,771.0573203329986,771.5588373329956,,,,,v,1,0.49413404101505876,None,p2,001,2025-09-30_14h04.02.683,untitled,,2025.1.1,120.50279789496592,2025-09-30 14h04.18.850214 +0530,
50,c,113,113,29,c,1,0.3850122079893481,None,,,,,29,113,113,2,771.5730429170071,,771.5596848749847,771.5730429170071,772.5565677499981,772.5565677499981,772.5565677499981,772.5565677499981,772.5639623749885,773.556996542,773.556996542,773.9492989169958,,,,,c,1,0.3850122079893481,None,p2,001,2025-09-30_14h04.02.683,untitled,,2025.1.1,120.50279789496592,2025-09-30 14h04.18.850214 +0530,
-150,z,114,114,31,z,1,0.4776035000104457,None,,,,,31,114,114,3,773.9594694169937,,773.9498423330078,773.9594694169937,774.947403750004,774.947403750004,774.947403750004,774.947403750004,774.9563537079957,775.9574967499939,775.9574967499939,776.4411705829843,,,,,z,1,0.4776035000104457,None,p2,001,2025-09-30_14h04.02.683,untitled,,2025.1.1,120.50279789496592,2025-09-30 14h04.18.850214 +0530,
-50,x,115,115,26,x,1,0.5798966659931466,None,,,,,26,115,115,0,776.4505665419856,,776.4417199580057,776.4505665419856,777.4404152079951,777.4404152079951,777.4404152079951,777.4404152079951,777.447415542003,778.4572012920107,778.4572012920107,779.0411922500061,,,,,x,1,0.5798966659931466,None,p2,001,2025-09-30_14h04.02.683,untitled,,2025.1.1,120.50279789496592,2025-09-30 14h04.18.850214 +0530,
150,v,116,116,27,v,1,0.3322404990030918,None,,,,,27,116,116,1,779.0506536669855,,779.0417253749911,779.0506536669855,780.0407552919933,780.0407552919933,780.0407552919933,780.0407552919933,780.0576415419928,781.0328187499836,781.0328187499836,781.3748959579971,,,,,v,1,0.3322404990030918,None,p2,001,2025-09-30_14h04.02.683,untitled,,2025.1.1,120.50279789496592,2025-09-30 14h04.18.850214 +0530,
150,v,117,117,28,v,1,0.4129707910178695,None,,,,,28,117,117,1,781.3851229579886,,781.3755102920113,781.3851229579886,782.3733442079974,782.3733442079974,782.3733442079974,782.3733442079974,782.3798432080075,783.3732834999973,783.3732834999973,783.7908223749837,,,,,v,1,0.4129707910178695,None,p2,001,2025-09-30_14h04.02.683,untitled,,2025.1.1,120.50279789496592,2025-09-30 14h04.18.850214 +0530,
50,c,118,118,30,c,1,0.4289363330171909,None,,,,,30,118,118,2,783.8000781250012,,783.7913757080096,783.8000781250012,784.7811236249981,784.7811236249981,784.7811236249981,784.7811236249981,784.7969394169922,785.7822272499907,785.7822272499907,786.2165202079923,,,,,c,1,0.4289363330171909,None,p2,001,2025-09-30_14h04.02.683,untitled,,2025.1.1,120.50279789496592,2025-09-30 14h04.18.850214 +0530,
50,c,119,119,31,c,1,0.4494687490223441,None,,,,,31,119,119,2,786.226404999994,,786.2171741669881,786.226404999994,787.2242873749929,787.2242873749929,787.2242873749929,787.2242873749929,787.2312489580072,788.2165559999994,788.2165559999994,788.6749338330119,,,,,c,1,0.4494687490223441,None,p2,001,2025-09-30_14h04.02.683,untitled,,2025.1.1,120.50279789496592,2025-09-30 14h04.18.850214 +0530,
-150,z,120,120,32,z,1,0.405191083002137,None,,,,,32,120,120,3,788.6846736670122,,788.6754867080017,788.6846736670122,789.6738068329869,789.6738068329869,789.6738068329869,789.6738068329869,789.6807890420023,790.6739353330049,790.6739353330049,791.0815746249864,,,,,z,1,0.405191083002137,None,p2,001,2025-09-30_14h04.02.683,untitled,,2025.1.1,120.50279789496592,2025-09-30 14h04.18.850214 +0530,
50,c,121,121,32,c,1,0.3263393319793977,None,,,,,32,121,121,2,791.1072324999841,,791.0821444579924,791.1072324999841,792.0738277919882,792.0738277919882,792.0738277919882,792.0738277919882,792.1244729169994,793.0908763750049,793.0908763750049,793.4245459169906,,,,,c,1,0.3263393319793977,None,p2,001,2025-09-30_14h04.02.683,untitled,,2025.1.1,120.50279789496592,2025-09-30 14h04.18.850214 +0530,
50,c,122,122,33,c,1,0.39276279098703526,None,,,,,33,122,122,2,793.4334429170121,,793.4249989579839,793.4334429170121,794.4147380829963,794.4147380829963,794.4147380829963,794.4147380829963,794.4311414579861,795.4174104169942,795.4174104169942,795.8154881669907,,,,,c,1,0.39276279098703526,None,p2,001,2025-09-30_14h04.02.683,untitled,,2025.1.1,120.50279789496592,2025-09-30 14h04.18.850214 +0530,
50,c,123,123,34,c,1,0.3188380820211023,None,,,,,34,123,123,2,795.8405921249941,,795.8160327080113,795.8405921249941,796.8077969579899,796.8077969579899,796.8077969579899,796.8077969579899,796.8312755420047,797.8243549999897,797.8243549999897,798.148917457991,,,,,c,1,0.3188380820211023,None,p2,001,2025-09-30_14h04.02.683,untitled,,2025.1.1,120.50279789496592,2025-09-30 14h04.18.850214 +0530,
-150,z,124,124,33,z,1,0.3273864990042057,None,,,,,33,124,124,3,798.1739372079901,,798.1493615829968,798.1739372079901,799.147884792008,799.147884792008,799.147884792008,799.147884792008,799.1646619169915,800.1408649999939,800.1408649999939,800.4743460830068,,,,,z,1,0.3273864990042057,None,p2,001,2025-09-30_14h04.02.683,untitled,,2025.1.1,120.50279789496592,2025-09-30 14h04.18.850214 +0530,
-50,x,125,125,27,x,1,0.455316582985688,None,,,,,27,125,125,0,800.4830717500008,,800.474768791988,800.4830717500008,801.4654911250109,801.4654911250109,801.4654911250109,801.4654911250109,801.4737485419901,802.4651672499895,802.4651672499895,802.9262480000034,,,,,x,1,0.455316582985688,None,p2,001,2025-09-30_14h04.02.683,untitled,,2025.1.1,120.50279789496592,2025-09-30 14h04.18.850214 +0530,
-50,x,126,126,28,x,1,0.2622892069921363,None,,,,,28,126,126,0,802.9371882920095,,802.9269463329983,802.9371882920095,803.9239445420098,803.9239445420098,803.9239445420098,803.9239445420098,803.9314938329917,804.9238538329955,804.9238538329955,805.1918018329889,,,,,x,1,0.2622892069921363,None,p2,001,2025-09-30_14h04.02.683,untitled,,2025.1.1,120.50279789496592,2025-09-30 14h04.18.850214 +0530,
-50,x,127,127,29,x,1,0.3874337910092436,None,,,,,29,127,127,0,805.2017229580088,,805.1923794999893,805.2017229580088,806.1911960830039,806.1911960830039,806.1911960830039,806.1911960830039,806.198016749986,807.181710667006,807.181710667006,807.5927825419931,,,,,x,1,0.3874337910092436,None,p2,001,2025-09-30_14h04.02.683,untitled,,2025.1.1,120.50279789496592,2025-09-30 14h04.18.850214 +0530,
-150,z,128,128,34,z,1,0.4328604570182506,None,,,,,34,128,128,3,807.6071972920035,,807.593464125006,807.6071972920035,808.589984124992,808.589984124992,808.589984124992,808.589984124992,808.5977839170082,809.6081857079989,809.6081857079989,810.0498432919849,,,,,z,1,0.4328604570182506,None,p2,001,2025-09-30_14h04.02.683,untitled,,2025.1.1,120.50279789496592,2025-09-30 14h04.18.850214 +0530,
50,c,129,129,35,c,1,0.4938087489863392,None,,,,,35,129,129,2,810.0601161250088,,810.0504294580023,810.0601161250088,811.0486107500037,811.0486107500037,811.0486107500037,811.0486107500037,811.0572943750012,812.0484775000077,812.0484775000077,812.5488982920069,,,,,c,1,0.4938087489863392,None,p2,001,2025-09-30_14h04.02.683,untitled,,2025.1.1,120.50279789496592,2025-09-30 14h04.18.850214 +0530,
-50,x,130,130,30,x,1,0.38007150002522394,None,,,,,30,130,130,0,812.5743795830058,,812.5494570829906,812.5743795830058,813.5491312920058,813.5491312920058,813.5491312920058,813.5491312920058,813.591845582996,814.5411341250001,814.5411341250001,814.9255709999998,,,,,x,1,0.38007150002522394,None,p2,001,2025-09-30_14h04.02.683,untitled,,2025.1.1,120.50279789496592,2025-09-30 14h04.18.850214 +0530,
150,v,131,131,29,v,1,0.29960012499941513,None,,,,,29,131,131,1,814.9359712500009,,814.9261805829883,814.9359712500009,815.9242792500008,815.9242792500008,815.9242792500008,815.9242792500008,815.9318526670104,816.9246153749991,816.9246153749991,817.2266453329939,,,,,v,1,0.29960012499941513,None,p2,001,2025-09-30_14h04.02.683,untitled,,2025.1.1,120.50279789496592,2025-09-30 14h04.18.850214 +0530,
-50,x,132,132,31,x,1,0.39382849901448935,None,,,,,31,132,132,0,817.2381997919874,,817.2273355830112,817.2381997919874,818.2245879170077,818.2245879170077,818.2245879170077,818.2245879170077,818.2313434169919,819.2247504580009,819.2247504580009,819.6262187919929,,,,,x,1,0.39382849901448935,None,p2,001,2025-09-30_14h04.02.683,untitled,,2025.1.1,120.50279789496592,2025-09-30 14h04.18.850214 +0530,
50,c,133,133,36,c,1,0.40046120699844323,None,,,,,36,133,133,2,819.6410249579931,,819.6268865829916,819.6410249579931,820.6249042919953,820.6249042919953,820.6249042919953,820.6249042919953,820.6320673750015,821.6417560830014,821.6417560830014,822.0598387499922,,,,,c,1,0.40046120699844323,None,p2,001,2025-09-30_14h04.02.683,untitled,,2025.1.1,120.50279789496592,2025-09-30 14h04.18.850214 +0530,
-50,x,134,134,32,x,1,0.5186694580188487,None,,,,,32,134,134,0,822.0744312499883,,822.0605606249883,822.0744312499883,823.0576132499846,823.0576132499846,823.0576132499846,823.0576132499846,823.0639671669924,824.0576638749917,824.0576638749917,824.5824110829853,,,,,x,1,0.5186694580188487,None,p2,001,2025-09-30_14h04.02.683,untitled,,2025.1.1,120.50279789496592,2025-09-30 14h04.18.850214 +0530,
50,c,135,135,37,c,1,0.34652883201488294,None,,,,,37,135,135,2,824.5917600829853,,824.5828625420108,824.5917600829853,825.5752132920024,825.5752132920024,825.5752132920024,825.5752132920024,825.5820558749838,826.5746492499893,826.5746492499893,826.9432269170065,,,,,c,1,0.34652883201488294,None,p2,001,2025-09-30_14h04.02.683,untitled,,2025.1.1,120.50279789496592,2025-09-30 14h04.18.850214 +0530,
-150,z,136,136,35,z,1,0.3861643739801366,None,,,,,35,136,136,3,826.9577015000104,,826.9439122919866,826.9577015000104,827.9414099580026,827.9414099580026,827.9414099580026,827.9414099580026,827.9484009580046,828.9411407499865,828.9411407499865,829.3325102920062,,,,,z,1,0.3861643739801366,None,p2,001,2025-09-30_14h04.02.683,untitled,,2025.1.1,120.50279789496592,2025-09-30 14h04.18.850214 +0530,
-50,x,137,137,33,x,1,0.49841874901903793,None,,,,,33,137,137,0,829.3412354580068,,829.3329711249971,829.3412354580068,830.342027000006,830.342027000006,830.342027000006,830.342027000006,830.342027000006,831.3327609999978,831.3327609999978,831.8340700829867,,,,,x,1,0.49841874901903793,None,p2,001,2025-09-30_14h04.02.683,untitled,,2025.1.1,120.50279789496592,2025-09-30 14h04.18.850214 +0530,
150,v,138,138,30,v,1,0.32713637498090975,None,,,,,30,138,138,1,831.8441348749911,,831.834648249991,831.8441348749911,832.8586609170015,832.8586609170015,832.8586609170015,832.8586609170015,832.8586609170015,833.8419936249848,833.8419936249848,834.1759129579877,,,,,v,1,0.32713637498090975,None,p2,001,2025-09-30_14h04.02.683,untitled,,2025.1.1,120.50279789496592,2025-09-30 14h04.18.850214 +0530,
-150,z,139,139,36,z,1,0.5095849159988575,None,,,,,36,139,139,3,834.1847793750057,,834.1763715000125,834.1847793750057,835.1662026669946,835.1662026669946,835.1662026669946,835.1662026669946,835.2087535829924,836.1745751249837,836.1745751249837,836.6926478749956,,,,,z,1,0.5095849159988575,None,p2,001,2025-09-30_14h04.02.683,untitled,,2025.1.1,120.50279789496592,2025-09-30 14h04.18.850214 +0530,
150,v,140,140,31,v,1,0.4297849159920588,None,,,,,31,140,140,1,836.7021179170115,,836.6931996670028,836.7021179170115,837.6915431669913,837.6915431669913,837.6915431669913,837.6915431669913,837.6981805420073,838.6845487499959,838.6845487499959,839.1164201670035,,,,,v,1,0.4297849159920588,None,p2,001,2025-09-30_14h04.02.683,untitled,,2025.1.1,120.50279789496592,2025-09-30 14h04.18.850214 +0530,
50,c,141,141,38,c,1,0.5251167080132291,None,,,,,38,141,141,2,839.1421681249922,,839.1169848749996,839.1421681249922,840.1087599169987,840.1087599169987,840.1087599169987,840.1087599169987,840.1316598749836,841.1080739999888,841.1080739999888,841.6427391670004,,,,,c,1,0.5251167080132291,None,p2,001,2025-09-30_14h04.02.683,untitled,,2025.1.1,120.50279789496592,2025-09-30 14h04.18.850214 +0530,
150,v,142,142,32,v,1,0.4581590409798082,None,,,,,32,142,142,1,841.6530396669987,,841.643295249989,841.6530396669987,842.642181083007,842.642181083007,842.642181083007,842.642181083007,842.6494736669993,843.6419844999909,843.6419844999909,844.1094334170048,,,,,v,1,0.4581590409798082,None,p2,001,2025-09-30_14h04.02.683,untitled,,2025.1.1,120.50279789496592,2025-09-30 14h04.18.850214 +0530,
-50,x,143,143,34,x,1,0.47581287400680594,None,,,,,34,143,143,0,844.1188772080059,,844.1099808749859,844.1188772080059,845.1085330419883,845.1085330419883,845.1085330419883,845.1085330419883,845.1158010830113,846.1084836669907,846.1084836669907,846.6102740830102,,,,,x,1,0.47581287400680594,None,p2,001,2025-09-30_14h04.02.683,untitled,,2025.1.1,120.50279789496592,2025-09-30 14h04.18.850214 +0530,
150,v,144,144,33,v,1,0.45737520698457956,None,,,,,33,144,144,1,846.6251154580095,,846.6109541250044,846.6251154580095,847.6085120830103,847.6085120830103,847.6085120830103,847.6085120830103,847.6159982499958,848.6080825829995,848.6080825829995,849.0762895829976,,,,,v,1,0.45737520698457956,None,p2,001,2025-09-30_14h04.02.683,untitled,,2025.1.1,120.50279789496592,2025-09-30 14h04.18.850214 +0530,
150,v,145,145,34,v,1,0.3796217500057537,None,,,,,34,145,145,1,849.0861252500035,,849.076833833009,849.0861252500035,850.0751080829941,850.0751080829941,850.0751080829941,850.0751080829941,850.0820846669958,851.0757202079985,851.0757202079985,851.4595711670117,,,,,v,1,0.3796217500057537,None,p2,001,2025-09-30_14h04.02.683,untitled,,2025.1.1,120.50279789496592,2025-09-30 14h04.18.850214 +0530,
150,v,146,146,35,v,1,0.368704708002042,None,,,,,35,146,146,1,851.4695288329967,,851.4601073749945,851.4695288329967,852.458851125004,852.458851125004,852.458851125004,852.458851125004,852.465527458,853.4586329169979,853.4586329169979,853.8333161250048,,,,,v,1,0.368704708002042,None,p2,001,2025-09-30_14h04.02.683,untitled,,2025.1.1,120.50279789496592,2025-09-30 14h04.18.850214 +0530,
50,c,147,147,39,c,1,0.7285259579948615,None,,,,,39,147,147,2,853.8593113329844,,853.8338809999987,853.8593113329844,854.8326357500046,854.8326357500046,854.8326357500046,854.8326357500046,854.8584690419957,855.8249791249982,855.8249791249982,856.5593289579847,,,,,c,1,0.7285259579948615,None,p2,001,2025-09-30_14h04.02.683,untitled,,2025.1.1,120.50279789496592,2025-09-30 14h04.18.850214 +0530,
150,v,148,148,36,v,1,0.4423152490053326,None,,,,,36,148,148,1,856.5690729579946,,856.5598576669872,856.5690729579946,857.5501452919852,857.5501452919852,857.5501452919852,857.5501452919852,857.592526708002,858.5490145419899,858.5490145419899,858.9934465420083,,,,,v,1,0.4423152490053326,None,p2,001,2025-09-30_14h04.02.683,untitled,,2025.1.1,120.50279789496592,2025-09-30 14h04.18.850214 +0530,
50,c,149,149,40,c,1,0.5428351240116172,None,,,,,40,149,149,2,859.0035702919995,,858.9940667499905,859.0035702919995,859.9917147500091,859.9917147500091,859.9917147500091,859.9917147500091,859.9986933750042,860.9925721249892,860.9925721249892,861.5432179580093,,,,,c,1,0.5428351240116172,None,p2,001,2025-09-30_14h04.02.683,untitled,,2025.1.1,120.50279789496592,2025-09-30 14h04.18.850214 +0530,
-150,z,150,150,37,z,1,0.35057262500049546,None,,,,,37,150,150,3,861.5529460000107,,861.5438255830086,861.5529460000107,862.5419079579879,862.5419079579879,862.5419079579879,862.5419079579879,862.5488694579981,863.5418458330096,863.5418458330096,863.89987212501,,,,,z,1,0.35057262500049546,None,p2,001,2025-09-30_14h04.02.683,untitled,,2025.1.1,120.50279789496592,2025-09-30 14h04.18.850214 +0530,
-50,x,151,151,35,x,1,0.4643802080245223,None,,,,,35,151,151,0,863.9253951669962,,863.9004393749929,863.9253951669962,864.8922798330022,864.8922798330022,864.8922798330022,864.8922798330022,864.9160655000014,865.891850999993,865.891850999993,866.3775251249899,,,,,x,1,0.4643802080245223,None,p2,001,2025-09-30_14h04.02.683,untitled,,2025.1.1,120.50279789496592,2025-09-30 14h04.18.850214 +0530,
150,v,152,152,37,v,1,0.4631713329872582,None,,,,,37,152,152,1,866.391870374995,,866.3782597499958,866.391870374995,867.3755381249939,867.3755381249939,867.3755381249939,867.3755381249939,867.3825612500077,868.3752613750112,868.3752613750112,868.8433307920059,,,,,v,1,0.4631713329872582,None,p2,001,2025-09-30_14h04.02.683,untitled,,2025.1.1,120.50279789496592,2025-09-30 14h04.18.850214 +0530,
-50,x,153,153,36,x,1,0.40688954101642594,None,,,,,36,153,153,0,868.8529082080058,,868.8439133329957,868.8529082080058,869.8332975420053,869.8332975420053,869.8332975420053,869.8332975420053,869.8510300419875,870.859479250008,870.859479250008,871.2768213329837,,,,,x,1,0.40688954101642594,None,p2,001,2025-09-30_14h04.02.683,untitled,,2025.1.1,120.50279789496592,2025-09-30 14h04.18.850214 +0530,
-50,x,154,154,37,x,1,0.44437170700985007,None,,,,,37,154,154,0,871.2869906669948,,871.2773965829983,871.2869906669948,872.2755214580102,872.2755214580102,872.2755214580102,872.2755214580102,872.2827406669967,873.2928938750119,873.2928938750119,873.743699624989,,,,,x,1,0.44437170700985007,None,p2,001,2025-09-30_14h04.02.683,untitled,,2025.1.1,120.50279789496592,2025-09-30 14h04.18.850214 +0530,
50,c,155,155,41,c,1,0.35963891600840725,None,,,,,41,155,155,2,873.7547686669859,,873.7443281669985,873.7547686669859,874.7424825830094,874.7424825830094,874.7424825830094,874.7424825830094,874.7494501250039,875.742654917005,875.742654917005,876.1102305829991,,,,,c,1,0.35963891600840725,None,p2,001,2025-09-30_14h04.02.683,untitled,,2025.1.1,120.50279789496592,2025-09-30 14h04.18.850214 +0530,
150,v,156,156,38,v,1,0.3920389990089461,None,,,,,38,156,156,1,876.1197907919995,,876.1108228749945,876.1197907919995,877.1094752500067,877.1094752500067,877.1094752500067,877.1094752500067,877.116106750007,878.1083004999964,878.1083004999964,878.5104238750064,,,,,v,1,0.3920389990089461,None,p2,001,2025-09-30_14h04.02.683,untitled,,2025.1.1,120.50279789496592,2025-09-30 14h04.18.850214 +0530,
50,c,157,157,42,c,1,0.4192215410002973,None,,,,,42,157,157,2,878.5199274999904,,878.5110137919837,878.5199274999904,879.5090876669856,879.5090876669856,879.5090876669856,879.5090876669856,879.5171030829952,880.5089776249952,880.5089776249952,880.9359234170115,,,,,c,1,0.4192215410002973,None,p2,001,2025-09-30_14h04.02.683,untitled,,2025.1.1,120.50279789496592,2025-09-30 14h04.18.850214 +0530,
-150,z,158,158,38,z,1,0.499559332994977,None,,,,,38,158,158,3,880.9457471669884,,880.9365315829928,880.9457471669884,881.9340384170064,881.9340384170064,881.9340384170064,881.9340384170064,881.9596005830099,882.9597428749839,882.9597428749839,883.4683467499854,,,,,z,1,0.499559332994977,None,p2,001,2025-09-30_14h04.02.683,untitled,,2025.1.1,120.50279789496592,2025-09-30 14h04.18.850214 +0530,
150,v,159,159,39,v,1,0.36409649898996577,None,,,,,39,159,159,1,883.4783907500096,,883.4689509169839,883.4783907500096,884.4677074170031,884.4677074170031,884.4677074170031,884.4677074170031,884.4929344579868,885.4683118329849,885.4683118329849,885.8338392919977,,,,,v,1,0.36409649898996577,None,p2,001,2025-09-30_14h04.02.683,untitled,,2025.1.1,120.50279789496592,2025-09-30 14h04.18.850214 +0530,
-50,x,160,160,38,x,1,0.35342591602238826,None,,,,,38,160,160,0,885.8423462919891,,885.8342741249944,885.8423462919891,886.8432532080042,886.8432532080042,886.8432532080042,886.8432532080042,886.8432532080042,887.8349186670093,887.8349186670093,888.1936939170118,,,,,x,1,0.35342591602238826,None,p2,001,2025-09-30_14h04.02.683,untitled,,2025.1.1,120.50279789496592,2025-09-30 14h04.18.850214 +0530,
150,v,161,161,40,v,1,0.3696872910077218,None,,,,,40,161,161,1,888.2028264580003,,888.194270500011,888.2028264580003,889.1932567920012,889.1932567920012,889.1932567920012,889.1932567920012,889.2004477919836,890.185665500001,890.185665500001,890.5601054999861,,,,,v,1,0.3696872910077218,None,p2,001,2025-09-30_14h04.02.683,untitled,,2025.1.1,120.50279789496592,2025-09-30 14h04.18.850214 +0530,
150,v,162,162,41,v,1,0.3715624989999924,None,,,,,41,162,162,1,890.5689360419929,,890.5605526670115,890.5689360419929,891.5602907080029,891.5602907080029,891.5602907080029,891.5602907080029,891.576627833012,892.5507445000112,892.5507445000112,892.9279107920011,,,,,v,1,0.3715624989999924,None,p2,001,2025-09-30_14h04.02.683,untitled,,2025.1.1,120.50279789496592,2025-09-30 14h04.18.850214 +0530,
50,c,163,163,43,c,1,0.46228354101185687,None,,,,,43,163,163,2,892.9433219170023,,892.9283839999989,892.9433219170023,893.926145083009,893.926145083009,893.926145083009,893.926145083009,893.9331796669867,894.9261860830011,894.9261860830011,895.3938501669909,,,,,c,1,0.46228354101185687,None,p2,001,2025-09-30_14h04.02.683,untitled,,2025.1.1,120.50279789496592,2025-09-30 14h04.18.850214 +0530,
-150,z,164,164,39,z,1,0.462789207987953,None,,,,,39,164,164,3,895.40409133301,,895.3944171250041,895.40409133301,896.3929341250041,896.3929341250041,896.3929341250041,896.3929341250041,896.4004348749877,897.3926194999949,897.3926194999949,897.8605867080041,,,,,z,1,0.462789207987953,None,p2,001,2025-09-30_14h04.02.683,untitled,,2025.1.1,120.50279789496592,2025-09-30 14h04.18.850214 +0530,
-50,x,165,165,39,x,1,0.42709374899277464,None,,,,,39,165,165,0,897.8703388749855,,897.8611621249875,897.8703388749855,898.8600908330118,898.8600908330118,898.8600908330118,898.8600908330118,898.8669192919915,899.8601935000042,899.8601935000042,900.2936650420015,,,,,x,1,0.42709374899277464,None,p2,001,2025-09-30_14h04.02.683,untitled,,2025.1.1,120.50279789496592,2025-09-30 14h04.18.850214 +0530,
50,c,166,166,44,c,1,0.47466154099674895,None,,,,,44,166,166,2,900.30144070799,,900.2940506250015,900.30144070799,901.2841725419858,901.2841725419858,901.2841725419858,901.2841725419858,901.2927142920089,902.2937030830071,902.2937030830071,902.7948518749909,,,,,c,1,0.47466154099674895,None,p2,001,2025-09-30_14h04.02.683,untitled,,2025.1.1,120.50279789496592,2025-09-30 14h04.18.850214 +0530,
-150,z,167,167,40,z,1,0.3576329159841407,None,,,,,40,167,167,3,902.8093600829889,,902.7955640830041,902.8093600829889,903.7929580420023,903.7929580420023,903.7929580420023,903.7929580420023,903.8006035829894,904.7927844169899,904.7927844169899,905.1610814580054,,,,,z,1,0.3576329159841407,None,p2,001,2025-09-30_14h04.02.683,untitled,,2025.1.1,120.50279789496592,2025-09-30 14h04.18.850214 +0530,
-150,z,168,168,41,z,1,0.45089266600552946,None,,,,,41,168,168,3,905.1714493329928,,905.1617198330059,905.1714493329928,906.1596187500108,906.1596187500108,906.1596187500108,906.1596187500108,906.1665354169963,907.1595044999849,907.1595044999849,907.6174647499865,,,,,z,1,0.45089266600552946,None,p2,001,2025-09-30_14h04.02.683,untitled,,2025.1.1,120.50279789496592,2025-09-30 14h04.18.850214 +0530,
150,v,169,169,42,v,1,0.33835020699189045,None,,,,,42,169,169,1,907.6431338329858,,907.6180307919858,907.6431338329858,908.6096073749941,908.6096073749941,908.6096073749941,908.6096073749941,908.6337637919933,909.6091237080109,909.6091237080109,909.951804457989,,,,,v,1,0.33835020699189045,None,p2,001,2025-09-30_14h04.02.683,untitled,,2025.1.1,120.50279789496592,2025-09-30 14h04.18.850214 +0530,
50,c,170,170,45,c,1,0.6044343329849653,None,,,,,45,170,170,2,909.9769300000044,,909.9522639579955,909.9769300000044,910.9604580419837,910.9604580419837,910.9604580419837,910.9604580419837,910.9671371669974,911.9509092080116,911.9509092080116,912.5608757080045,,,,,c,1,0.6044343329849653,None,p2,001,2025-09-30_14h04.02.683,untitled,,2025.1.1,120.50279789496592,2025-09-30 14h04.18.850214 +0530,
50,c,171,171,46,c,1,0.43663529100012966,None,,,,,46,171,171,2,912.5701302500092,,912.5614224580058,912.5701302500092,913.5599760829937,913.5599760829937,913.5599760829937,913.5599760829937,913.5671180000063,914.5768444169953,914.5768444169953,915.017774582986,,,,,c,1,0.43663529100012966,None,p2,001,2025-09-30_14h04.02.683,untitled,,2025.1.1,120.50279789496592,2025-09-30 14h04.18.850214 +0530,
-150,z,172,172,42,z,1,0.3359145830036141,None,,,,,42,172,172,3,915.0433356249996,,915.0183307080006,915.0433356249996,916.0097793329915,916.0097793329915,916.0097793329915,916.0097793329915,916.033714707999,917.0173956250073,917.0173956250073,917.3611325829988,,,,,z,1,0.3359145830036141,None,p2,001,2025-09-30_14h04.02.683,untitled,,2025.1.1,120.50279789496592,2025-09-30 14h04.18.850214 +0530,
50,c,173,173,47,c,1,0.32349883299320936,None,,,,,47,173,173,2,917.3702673329972,,917.361739666987,917.3702673329972,918.3598395420122,918.3598395420122,918.3598395420122,918.3598395420122,918.3665920420026,919.3598661249853,919.3598661249853,919.6944196670083,,,,,c,1,0.32349883299320936,None,p2,001,2025-09-30_14h04.02.683,untitled,,2025.1.1,120.50279789496592,2025-09-30 14h04.18.850214 +0530,
150,v,174,174,43,v,1,0.3887770829896908,None,,,,,43,174,174,1,919.7042896669882,,919.6949680830003,919.7042896669882,920.6933103750052,920.6933103750052,920.6933103750052,920.6933103750052,920.7008504999976,921.6935547080066,921.6935547080066,922.084691541997,,,,,v,1,0.3887770829896908,None,p2,001,2025-09-30_14h04.02.683,untitled,,2025.1.1,120.50279789496592,2025-09-30 14h04.18.850214 +0530,
-150,z,175,175,43,z,1,0.5110542909824289,None,,,,,43,175,175,3,922.0942502079997,,922.0852258329978,922.0942502079997,923.0846742920112,923.0846742920112,923.0846742920112,923.0846742920112,923.0846742920112,924.0767272500088,924.0767272500088,924.5950980419875,,,,,z,1,0.5110542909824289,None,p2,001,2025-09-30_14h04.02.683,untitled,,2025.1.1,120.50279789496592,2025-09-30 14h04.18.850214 +0530,
-50,x,176,176,40,x,1,0.4109086240059696,None,,,,,40,176,176,0,924.6102755419852,,924.5956956669979,924.6102755419852,925.5931243330124,925.5931243330124,925.5931243330124,925.5931243330124,925.6007088329934,926.6106225829863,926.6106225829863,927.0275874579966,,,,,x,1,0.4109086240059696,None,p2,001,2025-09-30_14h04.02.683,untitled,,2025.1.1,120.50279789496592,2025-09-30 14h04.18.850214 +0530,
-150,z,177,177,44,z,1,0.38262958300765604,None,,,,,44,177,177,3,927.0365379999857,,927.0280395419977,927.0365379999857,928.0182462499943,928.0182462499943,928.0182462499943,928.0182462499943,928.0607979999913,929.0196656670014,929.0196656670014,929.4113310829853,,,,,z,1,0.38262958300765604,None,p2,001,2025-09-30_14h04.02.683,untitled,,2025.1.1,120.50279789496592,2025-09-30 14h04.18.850214 +0530,
150,v,178,178,44,v,1,0.39434295799583197,None,,,,,44,178,178,1,929.4209022920113,,929.4118982499931,929.4209022920113,930.4100266250025,930.4100266250025,930.4100266250025,930.4100266250025,930.416713707993,931.4100223330024,931.4100223330024,931.8111767079972,,,,,v,1,0.39434295799583197,None,p2,001,2025-09-30_14h04.02.683,untitled,,2025.1.1,120.50279789496592,2025-09-30 14h04.18.850214 +0530,
150,v,179,179,45,v,1,0.32039924900163896,None,,,,,45,179,179,1,931.8203760829929,,931.8116157499899,931.8203760829929,932.8103422079876,932.8103422079876,932.8103422079876,932.8103422079876,932.817361333,933.8110551669961,933.8110551669961,934.1362714999996,,,,,v,1,0.32039924900163896,None,p2,001,2025-09-30_14h04.02.683,untitled,,2025.1.1,120.50279789496592,2025-09-30 14h04.18.850214 +0530,
-50,x,180,180,41,x,1,0.6414348319813143,None,,,,,41,180,180,0,934.1462556670012,,934.1367408749938,934.1462556670012,935.1354062499886,935.1354062499886,935.1354062499886,935.1354062499886,935.1439182079921,936.1339386249892,936.1339386249892,936.7780667920015,,,,,x,1,0.6414348319813143,None,p2,001,2025-09-30_14h04.02.683,untitled,,2025.1.1,120.50279789496592,2025-09-30 14h04.18.850214 +0530,
150,v,181,181,46,v,1,0.4052663749898784,None,,,,,46,181,181,1,936.7879415829957,,936.7786314580007,936.7879415829957,937.7687858330028,937.7687858330028,937.7687858330028,937.7687858330028,937.8110612919845,938.7771541250113,938.7771541250113,939.1855732919939,,,,,v,1,0.4052663749898784,None,p2,001,2025-09-30_14h04.02.683,untitled,,2025.1.1,120.50279789496592,2025-09-30 14h04.18.850214 +0530,
-50,x,182,182,42,x,1,0.5639047489967197,None,,,,,42,182,182,0,939.2104365830019,,939.1859937499976,939.2104365830019,940.1861746670038,940.1861746670038,940.1861746670038,940.1861746670038,940.2110005829891,941.1773871670011,941.1773871670011,941.7444894170039,,,,,x,1,0.5639047489967197,None,p2,001,2025-09-30_14h04.02.683,untitled,,2025.1.1,120.50279789496592,2025-09-30 14h04.18.850214 +0530,
150,v,183,183,47,v,1,0.34820966600091197,None,,,,,47,183,183,1,941.7511987079924,,941.7450237080047,941.7511987079924,942.7342300419987,942.7342300419987,942.7342300419987,942.7342300419987,942.7437767499941,943.7342404169904,943.7342404169904,944.0853539579839,,,,,v,1,0.34820966600091197,None,p2,001,2025-09-30_14h04.02.683,untitled,,2025.1.1,120.50279789496592,2025-09-30 14h04.18.850214 +0530,
150,v,184,184,48,v,1,0.3896989990025759,None,,,,,48,184,184,1,944.1106424169848,,944.0858099999896,944.1106424169848,945.0772382080031,945.0772382080031,945.0772382080031,945.0772382080031,945.1012470829883,946.0767357499863,946.0767357499863,946.4707274170069,,,,,v,1,0.3896989990025759,None,p2,001,2025-09-30_14h04.02.683,untitled,,2025.1.1,120.50279789496592,2025-09-30 14h04.18.850214 +0530,
-50,x,185,185,43,x,1,0.3204681659990456,None,,,,,43,185,185,0,946.479944916995,,946.4712157500035,946.479944916995,947.4681180419866,947.4681180419866,947.4681180419866,947.4681180419866,947.4770711250021,948.4779855829838,948.4779855829838,948.8019475420006,,,,,x,1,0.3204681659990456,None,p2,001,2025-09-30_14h04.02.683,untitled,,2025.1.1,120.50279789496592,2025-09-30 14h04.18.850214 +0530,
-150,z,186,186,45,z,1,0.450361831986811,None,,,,,45,186,186,3,948.8273288749915,,948.8024882919854,948.8273288749915,949.7942985419941,949.7942985419941,949.7942985419941,949.7942985419941,949.8172379169846,950.8029210419918,950.8029210419918,951.2618891669845,,,,,z,1,0.450361831986811,None,p2,001,2025-09-30_14h04.02.683,untitled,,2025.1.1,120.50279789496592,2025-09-30 14h04.18.850214 +0530,
-50,x,187,187,44,x,1,0.36910791601985693,None,,,,,44,187,187,0,951.2717702919908,,951.2624607920006,951.2717702919908,952.2607821249985,952.2607821249985,952.2607821249985,952.2607821249985,952.2683031669876,953.2614240830007,953.2614240830007,953.6351387079922,,,,,x,1,0.36910791601985693,None,p2,001,2025-09-30_14h04.02.683,untitled,,2025.1.1,120.50279789496592,2025-09-30 14h04.18.850214 +0530,
-50,x,188,188,45,x,1,0.4454780409869272,None,,,,,45,188,188,0,953.6606467079837,,953.6357019999996,953.6606467079837,954.6350979999988,954.6350979999988,954.6350979999988,954.6350979999988,954.6513855000085,955.6358760420117,955.6358760420117,956.0853037920024,,,,,x,1,0.4454780409869272,None,p2,001,2025-09-30_14h04.02.683,untitled,,2025.1.1,120.50279789496592,2025-09-30 14h04.18.850214 +0530,
-50,x,189,189,46,x,1,0.3201366660068743,None,,,,,46,189,189,0,956.1108277080057,,956.0860237919842,956.1108277080057,957.0783939579851,957.0783939579851,957.0783939579851,957.0783939579851,957.1282924579864,958.0773273330124,958.0773273330124,958.4025510420033,,,,,x,1,0.3201366660068743,None,p2,001,2025-09-30_14h04.02.683,untitled,,2025.1.1,120.50279789496592,2025-09-30 14h04.18.850214 +0530,
50,c,190,190,48,c,1,0.6375014990044292,None,,,,,48,190,190,2,958.4133706669963,,958.4030994999921,958.4133706669963,959.3946940419846,959.3946940419846,959.3946940419846,959.3946940419846,959.4109523330117,960.4020780829887,960.4020780829887,961.0449854579929,,,,,c,1,0.6375014990044292,None,p2,001,2025-09-30_14h04.02.683,untitled,,2025.1.1,120.50279789496592,2025-09-30 14h04.18.850214 +0530,
-50,x,191,191,47,x,1,0.4170223329856526,None,,,,,47,191,191,0,961.0542312919861,,961.0454152919992,961.0542312919861,962.0357180830033,962.0357180830033,962.0357180830033,962.0357180830033,962.0784586250084,963.0354433750035,963.0354433750035,963.4633686669986,,,,,x,1,0.4170223329856526,None,p2,001,2025-09-30_14h04.02.683,untitled,,2025.1.1,120.50279789496592,2025-09-30 14h04.18.850214 +0530,
-150,z,192,192,46,x,0,0.4026458320149686,None,,,,,46,192,192,3,963.4749934579886,,963.4640506670112,963.4749934579886,964.4610568330099,964.4610568330099,964.4610568330099,964.4610568330099,964.4684127499931,965.4607957499975,965.4607957499975,965.8706370829896,,,,,x,0,0.4026458320149686,None,p2,001,2025-09-30_14h04.02.683,untitled,,2025.1.1,120.50279789496592,2025-09-30 14h04.18.850214 +0530,
-150,z,193,193,47,z,1,0.379575290979119,None,,,,,47,193,193,3,965.8802704169939,,965.8711935000028,965.8802704169939,966.8689215829945,966.8689215829945,966.8689215829945,966.8689215829945,966.894645583001,967.8689644580008,967.8689644580008,968.2529363330104,,,,,z,1,0.379575290979119,None,p2,001,2025-09-30_14h04.02.683,untitled,,2025.1.1,120.50279789496592,2025-09-30 14h04.18.850214 +0530,
-50,x,194,194,48,x,1,0.6998898329911754,None,,,,,48,194,194,0,968.2782348330074,,968.2535057500063,968.2782348330074,969.2529475420015,969.2529475420015,969.2529475420015,969.2529475420015,969.2950095419947,970.2784891249903,970.2784891249903,970.9860672079958,,,,,x,1,0.6998898329911754,None,p2,001,2025-09-30_14h04.02.683,untitled,,2025.1.1,120.50279789496592,2025-09-30 14h04.18.850214 +0530,
-50,x,195,195,49,x,1,0.4172842080006376,None,,,,,49,195,195,0,971.0112018749933,,970.9865151249978,971.0112018749933,971.985536082997,971.985536082997,971.985536082997,971.985536082997,972.0021188750106,972.9871045000036,972.9871045000036,973.4299504579976,,,,,x,1,0.4172842080006376,None,p2,001,2025-09-30_14h04.02.683,untitled,,2025.1.1,120.50279789496592,2025-09-30 14h04.18.850214 +0530,
-150,z,196,196,48,z,1,0.5120684569992591,None,,,,,48,196,196,3,973.444338250003,,973.4308059579926,973.444338250003,974.4282824579859,974.4282824579859,974.4282824579859,974.4282824579859,974.4348924169899,975.4276500830019,975.4276500830019,975.9475437499932,,,,,z,1,0.5120684569992591,None,p2,001,2025-09-30_14h04.02.683,untitled,,2025.1.1,120.50279789496592,2025-09-30 14h04.18.850214 +0530,
-150,z,197,197,49,z,1,0.4252600409963634,None,,,,,49,197,197,3,975.9610283749935,,975.9481751669955,975.9610283749935,976.9619832499884,976.9619832499884,976.9619832499884,976.9619832499884,976.9619832499884,977.9541507920076,977.9541507920076,978.3863143750059,,,,,z,1,0.4252600409963634,None,p2,001,2025-09-30_14h04.02.683,untitled,,2025.1.1,120.50279789496592,2025-09-30 14h04.18.850214 +0530,
50,c,198,198,49,c,1,0.5167577499814797,None,,,,,49,198,198,2,978.4113549169851,,978.3867527919938,978.4113549169851,979.385659874999,979.385659874999,979.385659874999,979.385659874999,979.4020060419862,980.3848115830042,980.3848115830042,980.9139643329836,,,,,c,1,0.5167577499814797,None,p2,001,2025-09-30_14h04.02.683,untitled,,2025.1.1,120.50279789496592,2025-09-30 14h04.18.850214 +0530,
150,v,199,199,49,v,1,0.42827074899105355,None,,,,,49,199,199,1,980.925286749989,,980.914828582987,980.925286749989,981.911229749996,981.911229749996,981.911229749996,981.911229749996,981.9180537080101,982.9111824999854,982.9111824999854,983.3453469169908,,,,,v,1,0.42827074899105355,None,p2,001,2025-09-30_14h04.02.683,untitled,,2025.1.1,120.50279789496592,2025-09-30 14h04.18.850214 +0530,
