pos,corr_resp,thisN,thisTrialN,thisRepN,key_resp.keys,key_resp.corr,key_resp.rt,key_resp.duration,trials.thisRepN,trials.thisTrialN,trials.thisN,trials.thisIndex,trials_2.thisRepN,trials_2.thisTrialN,trials_2.thisN,trials_2.thisIndex,thisRow.t,notes,trial.started,fixation.started,line1.started,line2.started,line3.started,line4.started,fixation.stopped,probe.started,key_resp.started,trial.stopped,trials.key_resp.keys,trials.key_resp.corr,trials.key_resp.rt,trials.key_resp.duration,trials_2.key_resp.keys,trials_2.key_resp.corr,trials_2.key_resp.rt,trials_2.key_resp.duration,participant,session,date,expName,expVersion,psychopyVersion,frameRate,expStart,
-50,x,0,0,0,x,1,0.8587092499947175,None,0,0,0,0,,,,,0.05711016699206084,,0.046220207994338125,0.05711016699206084,1.008377041987842,1.008377041987842,1.008377041987842,1.008377041987842,1.050636832980672,1.9947023330023512,1.9947023330023512,3.172872625000309,x,1,0.8587092499947175,None,,,,,p3,001,2025-09-30_16h31.34.028,untitled,,2025.1.1,119.96107264275199,2025-09-30 16h31.48.791767 +0530,
150,v,1,1,0,v,1,0.9259315420058556,None,0,1,1,1,,,,,3.179102750000311,,3.1730793330061715,3.179102750000311,4.168015832983656,4.168015832983656,4.168015832983656,4.168015832983656,4.174804457987193,5.167442666977877,5.167442666977877,6.103366208000807,v,1,0.9259315420058556,None,,,,,p3,001,2025-09-30_16h31.34.028,untitled,,2025.1.1,119.96107264275199,2025-09-30 16h31.48.791767 +0530,
50,c,2,2,0,c,1,0.7124932499718852,None,0,2,2,2,,,,,6.117713457992068,,6.104284707980696,6.117713457992068,7.101654458005214,7.101654458005214,7.101654458005214,7.101654458005214,7.109443958004704,8.101531082997099,8.101531082997099,8.818967083003372,c,1,0.7124932499718852,None,,,,,p3,001,2025-09-30_16h31.34.028,untitled,,2025.1.1,119.96107264275199,2025-09-30 16h31.48.791767 +0530,
-150,z,3,3,0,z,1,0.7414778329839464,None,0,3,3,3,,,,,8.82829308300279,,8.819519249984296,8.82829308300279,9.818272791977506,9.818272791977506,9.818272791977506,9.818272791977506,9.825394791987492,10.817599707981572,10.817599707981572,11.569090667006094,z,1,0.7414778329839464,None,,,,,p3,001,2025-09-30_16h31.34.028,untitled,,2025.1.1,119.96107264275199,2025-09-30 16h31.48.791767 +0530,
-50,x,4,0,1,x,1,0.7224970000097528,None,1,0,4,0,,,,,11.578302457986865,,11.569633707986213,11.578302457986865,12.57599804198253,12.57599804198253,12.57599804198253,12.57599804198253,12.57599804198253,13.567576083005406,13.567576083005406,14.303762916999403,x,1,0.7224970000097528,None,,,,,p3,001,2025-09-30_16h31.34.028,untitled,,2025.1.1,119.96107264275199,2025-09-30 16h31.48.791767 +0530,
150,v,5,1,1,v,1,0.7583373750094324,None,1,1,5,1,,,,,14.314388250000775,,14.30442737499834,14.314388250000775,15.301150999992387,15.301150999992387,15.301150999992387,15.301150999992387,15.30907620798098,16.301780249981675,16.301780249981675,17.069902874995023,v,1,0.7583373750094324,None,,,,,p3,001,2025-09-30_16h31.34.028,untitled,,2025.1.1,119.96107264275199,2025-09-30 16h31.48.791767 +0530,
50,c,6,2,1,c,1,0.8847659580060281,None,1,2,6,2,,,,,17.07936916698236,,17.070470292004757,17.07936916698236,18.06789145799121,18.06789145799121,18.06789145799121,18.06789145799121,18.074859666987322,19.08527908299584,19.08527908299584,19.97668550000526,c,1,0.8847659580060281,None,,,,,p3,001,2025-09-30_16h31.34.028,untitled,,2025.1.1,119.96107264275199,2025-09-30 16h31.48.791767 +0530,
-150,z,7,3,1,z,1,1.2872979170060717,None,1,3,7,3,,,,,20.00203416700242,,19.977137374982703,20.00203416700242,20.975891207985114,20.975891207985114,20.975891207985114,20.975891207985114,20.99240554199787,21.97483774999273,21.97483774999273,23.268737707985565,z,1,1.2872979170060717,None,,,,,p3,001,2025-09-30_16h31.34.028,untitled,,2025.1.1,119.96107264275199,2025-09-30 16h31.48.791767 +0530,
-50,x,8,0,2,x,1,0.7522383329924196,None,2,0,8,0,,,,,23.27796062498237,,23.269177457987098,23.27796062498237,24.268786500004353,24.268786500004353,24.268786500004353,24.268786500004353,24.27605412498815,25.26881162499194,25.26881162499194,26.027905208000448,x,1,0.7522383329924196,None,,,,,p3,001,2025-09-30_16h31.34.028,untitled,,2025.1.1,119.96107264275199,2025-09-30 16h31.48.791767 +0530,
150,v,9,1,2,v,1,0.7669730829948094,None,2,1,9,1,,,,,26.037759917002404,,26.028456291998737,26.037759917002404,27.025551832979545,27.025551832979545,27.025551832979545,27.025551832979545,27.034925832995214,28.02558562500053,28.02558562500053,28.803877333004493,v,1,0.7669730829948094,None,,,,,p3,001,2025-09-30_16h31.34.028,untitled,,2025.1.1,119.96107264275199,2025-09-30 16h31.48.791767 +0530,
50,c,10,2,2,c,1,0.8096170419885311,None,2,2,10,2,,,,,28.81807174999267,,28.804599124996457,28.81807174999267,29.801463041978423,29.801463041978423,29.801463041978423,29.801463041978423,29.808897499984596,30.801449041988235,30.801449041988235,31.619546874979278,c,1,0.8096170419885311,None,,,,,p3,001,2025-09-30_16h31.34.028,untitled,,2025.1.1,119.96107264275199,2025-09-30 16h31.48.791767 +0530,
-150,z,11,3,2,z,1,0.9208541669941042,None,2,3,11,3,,,,,31.628731042001164,,31.620091416989453,31.628731042001164,32.61935991697828,32.61935991697828,32.61935991697828,32.61935991697828,32.635844624979654,33.619271457981085,33.619271457981085,34.54454691699357,z,1,0.9208541669941042,None,,,,,p3,001,2025-09-30_16h31.34.028,untitled,,2025.1.1,119.96107264275199,2025-09-30 16h31.48.791767 +0530,
-50,x,12,0,3,x,1,0.6702549580077175,None,3,0,12,0,,,,,34.55435824999586,,34.545098792004865,34.55435824999586,35.543257166980766,35.543257166980766,35.543257166980766,35.543257166980766,35.56880858298973,36.5439469999983,36.5439469999983,37.22160124999937,x,1,0.6702549580077175,None,,,,,p3,001,2025-09-30_16h31.34.028,untitled,,2025.1.1,119.96107264275199,2025-09-30 16h31.48.791767 +0530,
150,v,13,1,3,v,1,0.6046461669902783,None,3,1,13,1,,,,,37.23507933298242,,37.22252862498863,37.23507933298242,38.218986583000515,38.218986583000515,38.218986583000515,38.218986583000515,38.22569224998006,39.23554537500604,39.23554537500604,39.854263874993194,v,1,0.6046461669902783,None,,,,,p3,001,2025-09-30_16h31.34.028,untitled,,2025.1.1,119.96107264275199,2025-09-30 16h31.48.791767 +0530,
50,c,14,2,3,c,1,0.7515035830147099,None,3,2,14,2,,,,,39.86605454198434,,39.85493812500499,39.86605454198434,40.8610204999859,40.8610204999859,40.8610204999859,40.8610204999859,40.8610204999859,41.86077629198553,41.86077629198553,42.61982900000294,c,1,0.7515035830147099,None,,,,,p3,001,2025-09-30_16h31.34.028,untitled,,2025.1.1,119.96107264275199,2025-09-30 16h31.48.791767 +0530,
-150,z,15,3,3,z,1,0.48375495898653753,None,3,3,15,3,,,,,42.62918804198853,,42.620286874996964,42.62918804198853,43.619265166984405,43.619265166984405,43.619265166984405,43.619265166984405,43.62627616699319,44.618422832980286,44.618422832980286,45.1208437079913,z,1,0.48375495898653753,None,,,,,p3,001,2025-09-30_16h31.34.028,untitled,,2025.1.1,119.96107264275199,2025-09-30 16h31.48.791767 +0530,
-50,x,16,0,4,x,1,0.8235400420089718,None,4,0,16,0,,,,,45.135162791993935,,45.121529708005255,45.135162791993935,46.13593229200342,46.13593229200342,46.13593229200342,46.13593229200342,46.15281299999333,47.13570533299935,47.13570533299935,47.96949195797788,x,1,0.8235400420089718,None,,,,,p3,001,2025-09-30_16h31.34.028,untitled,,2025.1.1,119.96107264275199,2025-09-30 16h31.48.791767 +0530,
150,v,17,1,4,v,1,0.5079401660186704,None,4,1,17,1,,,,,47.97934795799665,,47.97003187498194,47.97934795799665,48.959613041981356,48.959613041981356,48.959613041981356,48.959613041981356,48.976030457997695,49.969584832986584,49.969584832986584,50.48755062499549,v,1,0.5079401660186704,None,,,,,p3,001,2025-09-30_16h31.34.028,untitled,,2025.1.1,119.96107264275199,2025-09-30 16h31.48.791767 +0530,
50,c,18,2,4,c,1,0.5220944579923525,None,4,2,18,2,,,,,50.501907500001835,,50.48831279200385,50.501907500001835,51.48537924999255,51.48537924999255,51.48537924999255,51.48537924999255,51.49197591698612,52.48521483299555,52.48521483299555,53.01133912499063,c,1,0.5220944579923525,None,,,,,p3,001,2025-09-30_16h31.34.028,untitled,,2025.1.1,119.96107264275199,2025-09-30 16h31.48.791767 +0530,
-150,z,19,3,4,z,1,0.7157228750002105,None,4,3,19,3,,,,,53.02131129198824,,53.011892624985194,53.02131129198824,54.01054274998023,54.01054274998023,54.01054274998023,54.01054274998023,54.036270124983275,55.01053770800354,55.01053770800354,55.729471500002546,z,1,0.7157228750002105,None,,,,,p3,001,2025-09-30_16h31.34.028,untitled,,2025.1.1,119.96107264275199,2025-09-30 16h31.48.791767 +0530,
-50,x,20,0,5,x,1,0.8993892919970676,None,5,0,20,0,,,,,55.73927795799682,,55.73002899999847,55.73927795799682,56.727061166981,56.727061166981,56.727061166981,56.727061166981,56.75272912500077,57.75280975000351,57.75280975000351,58.66028887499124,x,1,0.8993892919970676,None,,,,,p3,001,2025-09-30_16h31.34.028,untitled,,2025.1.1,119.96107264275199,2025-09-30 16h31.48.791767 +0530,
150,v,21,1,5,v,1,0.5247047500160988,None,5,1,21,1,,,,,58.685720416979166,,58.660875874978956,58.685720416979166,59.66974483299418,59.66974483299418,59.66974483299418,59.66974483299418,59.686587374977535,60.66941487498116,60.66941487498116,61.204005207982846,v,1,0.5247047500160988,None,,,,,p3,001,2025-09-30_16h31.34.028,untitled,,2025.1.1,119.96107264275199,2025-09-30 16h31.48.791767 +0530,
50,c,22,2,5,c,1,0.610493582993513,None,5,2,22,2,,,,,61.21233474998735,,61.20438183299848,61.21233474998735,62.20333016698714,62.20333016698714,62.20333016698714,62.20333016698714,62.210252999997465,63.20284595800331,63.20284595800331,63.82023608300369,c,1,0.610493582993513,None,,,,,p3,001,2025-09-30_16h31.34.028,untitled,,2025.1.1,119.96107264275199,2025-09-30 16h31.48.791767 +0530,
-150,z,23,3,5,z,1,0.4579450830060523,None,5,3,23,3,,,,,63.82986279198667,,63.82086529198568,63.82986279198667,64.81946766699548,64.81946766699548,64.81946766699548,64.81946766699548,64.82698320798227,65.8193751249928,65.8193751249928,66.28707779198885,z,1,0.4579450830060523,None,,,,,p3,001,2025-09-30_16h31.34.028,untitled,,2025.1.1,119.96107264275199,2025-09-30 16h31.48.791767 +0530,
-50,x,24,0,6,x,1,0.5835468749864958,None,6,0,24,0,,,,,66.29661258298438,,66.28767637498095,66.29661258298438,67.28580749998218,67.28580749998218,67.28580749998218,67.28580749998218,67.293409624981,68.2857903749973,68.2857903749973,68.87771608299227,x,1,0.5835468749864958,None,,,,,p3,001,2025-09-30_16h31.34.028,untitled,,2025.1.1,119.96107264275199,2025-09-30 16h31.48.791767 +0530,
150,v,25,1,6,v,1,0.6336148749978747,None,6,1,25,1,,,,,68.90327770798467,,68.87828108298709,68.90327770798467,69.87747845798731,69.87747845798731,69.87747845798731,69.87747845798731,69.9199947080051,70.86965374997817,70.86965374997817,71.51122191699687,v,1,0.6336148749978747,None,,,,,p3,001,2025-09-30_16h31.34.028,untitled,,2025.1.1,119.96107264275199,2025-09-30 16h31.48.791767 +0530,
50,c,26,2,6,c,1,0.802294916997198,None,6,2,26,2,,,,,71.53661087498767,,71.51177787498455,71.53661087498767,72.51106395799434,72.51106395799434,72.51106395799434,72.51106395799434,72.55352091699024,73.52004591698642,73.52004591698642,74.32840141700581,c,1,0.802294916997198,None,,,,,p3,001,2025-09-30_16h31.34.028,untitled,,2025.1.1,119.96107264275199,2025-09-30 16h31.48.791767 +0530,
-150,z,27,3,6,z,1,0.3812950409774203,None,6,3,27,3,,,,,74.33821137499763,,74.32895108297816,74.33821137499763,75.32891483299318,75.32891483299318,75.32891483299318,75.32891483299318,75.33789191700635,76.3271037079976,76.3271037079976,76.71048687500297,z,1,0.3812950409774203,None,,,,,p3,001,2025-09-30_16h31.34.028,untitled,,2025.1.1,119.96107264275199,2025-09-30 16h31.48.791767 +0530,
-50,x,28,0,7,x,1,1.1130711250007153,None,7,0,28,0,,,,,76.71931304200552,,76.71093099997961,76.71931304200552,77.70299387499108,77.70299387499108,77.70299387499108,77.70299387499108,77.71011733298656,78.70272462497815,78.70272462497815,79.8220211250009,x,1,1.1130711250007153,None,,,,,p3,001,2025-09-30_16h31.34.028,untitled,,2025.1.1,119.96107264275199,2025-09-30 16h31.48.791767 +0530,
150,v,29,1,7,v,1,0.4972870410128962,None,7,1,29,1,,,,,79.83603379200213,,79.82281983300345,79.83603379200213,80.82048754199059,80.82048754199059,80.82048754199059,80.82048754199059,80.83722762498655,81.82005437498447,81.82005437498447,82.32053583298693,v,1,0.4972870410128962,None,,,,,p3,001,2025-09-30_16h31.34.028,untitled,,2025.1.1,119.96107264275199,2025-09-30 16h31.48.791767 +0530,
50,c,30,2,7,c,1,0.900900750013534,None,7,2,30,2,,,,,82.3293828330061,,82.32101200000034,82.3293828330061,83.3198880830023,83.3198880830023,83.3198880830023,83.3198880830023,83.32687212500605,84.31945262500085,84.31945262500085,85.22842229198432,c,1,0.900900750013534,None,,,,,p3,001,2025-09-30_16h31.34.028,untitled,,2025.1.1,119.96107264275199,2025-09-30 16h31.48.791767 +0530,
-150,z,31,3,7,z,1,0.4175162080209702,None,7,3,31,3,,,,,85.23875662498176,,85.22897491700132,85.23875662498176,86.22795220799162,86.22795220799162,86.22795220799162,86.22795220799162,86.2366485419916,87.22977187499055,87.22977187499055,87.65415137499804,z,1,0.4175162080209702,None,,,,,p3,001,2025-09-30_16h31.34.028,untitled,,2025.1.1,119.96107264275199,2025-09-30 16h31.48.791767 +0530,
-50,x,32,0,8,x,1,0.699209750018781,None,8,0,32,0,,,,,87.66369504199247,,87.65471312499722,87.66369504199247,88.65323691698723,88.65323691698723,88.65323691698723,88.65323691698723,88.6601509579923,89.64524574999814,89.64524574999814,90.35560158299631,x,1,0.699209750018781,None,,,,,p3,001,2025-09-30_16h31.34.028,untitled,,2025.1.1,119.96107264275199,2025-09-30 16h31.48.791767 +0530,
150,v,33,1,8,v,1,0.5375142500270158,None,8,1,33,1,,,,,90.36998195797787,,90.35629687499022,90.36998195797787,91.35364104199107,91.35364104199107,91.35364104199107,91.35364104199107,91.36049479199573,92.37081558298087,92.37081558298087,92.91241554199951,v,1,0.5375142500270158,None,,,,,p3,001,2025-09-30_16h31.34.028,untitled,,2025.1.1,119.96107264275199,2025-09-30 16h31.48.791767 +0530,
50,c,34,2,8,c,1,0.5261219580133911,None,8,2,34,2,,,,,92.92261895799311,,92.9130174999882,92.92261895799311,93.91070929198759,93.91070929198759,93.91070929198759,93.91070929198759,93.91971770799137,94.91030479199253,94.91030479199253,95.4452847079956,c,1,0.5261219580133911,None,,,,,p3,001,2025-09-30_16h31.34.028,untitled,,2025.1.1,119.96107264275199,2025-09-30 16h31.48.791767 +0530,
-150,z,35,3,8,z,1,0.4843858749954961,None,8,3,35,3,,,,,95.45524962499621,,95.44583641699865,95.45524962499621,96.45412424998358,96.45412424998358,96.45412424998358,96.45412424998358,96.46206129199709,97.4540369999886,97.4540369999886,97.94561216697912,z,1,0.4843858749954961,None,,,,,p3,001,2025-09-30_16h31.34.028,untitled,,2025.1.1,119.96107264275199,2025-09-30 16h31.48.791767 +0530,
-50,x,36,0,9,x,1,0.6874104580201674,None,9,0,36,0,,,,,97.95561899998575,,97.94615708300262,97.95561899998575,98.94443179198424,98.94443179198424,98.94443179198424,98.94443179198424,98.95312550000381,99.95402712500072,99.95402712500072,100.64449987499393,x,1,0.6874104580201674,None,,,,,p3,001,2025-09-30_16h31.34.028,untitled,,2025.1.1,119.96107264275199,2025-09-30 16h31.48.791767 +0530,
150,v,37,1,9,v,1,0.5203966250119265,None,9,1,37,1,,,,,100.65382641699398,,100.6449559579778,100.65382641699398,101.64423204198829,101.64423204198829,101.64423204198829,101.64423204198829,101.64423204198829,102.63710458300193,102.63710458300193,103.1631654999801,v,1,0.5203966250119265,None,,,,,p3,001,2025-09-30_16h31.34.028,untitled,,2025.1.1,119.96107264275199,2025-09-30 16h31.48.791767 +0530,
50,c,38,2,9,c,1,0.5159106659993995,None,9,2,38,2,,,,,103.17251616698923,,103.163660582999,103.17251616698923,104.16121274998295,104.16121274998295,104.16121274998295,104.16121274998295,104.17013287500595,105.1607340000046,105.1607340000046,105.67829008298577,c,1,0.5159106659993995,None,,,,,p3,001,2025-09-30_16h31.34.028,untitled,,2025.1.1,119.96107264275199,2025-09-30 16h31.48.791767 +0530,
-150,z,39,3,9,z,1,0.4800692919816356,None,9,3,39,3,,,,,105.68662558298092,,105.67871616699267,105.68662558298092,106.6778325419873,106.6778325419873,106.6778325419873,106.6778325419873,106.6778325419873,107.67929854200338,107.67929854200338,108.16159579198575,z,1,0.4800692919816356,None,,,,,p3,001,2025-09-30_16h31.34.028,untitled,,2025.1.1,119.96107264275199,2025-09-30 16h31.48.791767 +0530,
-50,x,40,0,10,x,1,0.3527735829993617,None,10,0,40,0,,,,,108.18694387498545,,108.16214866700466,108.18694387498545,109.15423033299157,109.15423033299157,109.15423033299157,109.15423033299157,109.17707375000464,110.17063516698545,110.17063516698545,110.53016979197855,x,1,0.3527735829993617,None,,,,,p3,001,2025-09-30_16h31.34.028,untitled,,2025.1.1,119.96107264275199,2025-09-30 16h31.48.791767 +0530,
150,v,41,1,10,v,1,0.38323008400038816,None,10,1,41,1,,,,,110.53984499999206,,110.5307331669901,110.53984499999206,111.52763758299989,111.52763758299989,111.52763758299989,111.52763758299989,111.53683854200062,112.52740383299533,112.52740383299533,112.92185941699427,v,1,0.38323008400038816,None,,,,,p3,001,2025-09-30_16h31.34.028,untitled,,2025.1.1,119.96107264275199,2025-09-30 16h31.48.791767 +0530,
50,c,42,2,10,c,1,0.3234836670162622,None,10,2,42,2,,,,,112.93209216700052,,112.92244799999753,112.93209216700052,113.92167787498329,113.92167787498329,113.92167787498329,113.92167787498329,113.93777349998709,114.93803391698748,114.93803391698748,115.2716050829913,c,1,0.3234836670162622,None,,,,,p3,001,2025-09-30_16h31.34.028,untitled,,2025.1.1,119.96107264275199,2025-09-30 16h31.48.791767 +0530,
-150,z,43,3,10,z,1,0.32506058301078156,None,10,3,43,3,,,,,115.28123066699482,,115.27218133298447,115.28123066699482,116.26989354199031,116.26989354199031,116.26989354199031,116.26989354199031,116.27798595800414,117.27127583298716,117.27127583298716,117.60478624998359,z,1,0.32506058301078156,None,,,,,p3,001,2025-09-30_16h31.34.028,untitled,,2025.1.1,119.96107264275199,2025-09-30 16h31.48.791767 +0530,
-50,x,44,0,11,x,1,0.39869895798619837,None,11,0,44,0,,,,,117.61384133298998,,117.60522949998267,117.61384133298998,118.60366404199158,118.60366404199158,118.60366404199158,118.60366404199158,118.61018412499106,119.59486991699669,119.59486991699669,119.99548654200044,x,1,0.39869895798619837,None,,,,,p3,001,2025-09-30_16h31.34.028,untitled,,2025.1.1,119.96107264275199,2025-09-30 16h31.48.791767 +0530,
150,v,45,1,11,v,1,0.41824329199153,None,11,1,45,1,,,,,120.0036583750043,,119.99601258299663,120.0036583750043,120.99493229200016,120.99493229200016,120.99493229200016,120.99493229200016,120.99493229200016,121.99636662498233,121.99636662498233,122.42200399999274,v,1,0.41824329199153,None,,,,,p3,001,2025-09-30_16h31.34.028,untitled,,2025.1.1,119.96107264275199,2025-09-30 16h31.48.791767 +0530,
50,c,46,2,11,c,1,0.4186579170054756,None,11,2,46,2,,,,,122.43178966699634,,122.42247804198996,122.43178966699634,123.42091033299221,123.42091033299221,123.42091033299221,123.42091033299221,123.42747366699041,124.41994954200345,124.41994954200345,124.8560261669918,c,1,0.4186579170054756,None,,,,,p3,001,2025-09-30_16h31.34.028,untitled,,2025.1.1,119.96107264275199,2025-09-30 16h31.48.791767 +0530,
-150,z,47,3,11,z,1,0.3639444170112256,None,11,3,47,3,,,,,124.87050616700435,,124.85671387499315,124.87050616700435,125.85397137497785,125.85397137497785,125.85397137497785,125.85397137497785,125.86061712499941,126.86360870799399,126.86360870799399,127.25506166700507,z,1,0.3639444170112256,None,,,,,p3,001,2025-09-30_16h31.34.028,untitled,,2025.1.1,119.96107264275199,2025-09-30 16h31.48.791767 +0530,
-50,x,48,0,12,x,1,0.3663524590083398,None,12,0,48,0,,,,,127.26143083299394,,127.25561887500226,127.26143083299394,128.2551822079986,128.2551822079986,128.2551822079986,128.2551822079986,128.27151341698482,129.27119262499036,129.27119262499036,129.64612891699653,x,1,0.3663524590083398,None,,,,,p3,001,2025-09-30_16h31.34.028,untitled,,2025.1.1,119.96107264275199,2025-09-30 16h31.48.791767 +0530,
150,v,49,1,12,v,1,0.3364082500047516,None,12,1,49,1,,,,,129.67143020799267,,129.6466966669832,129.67143020799267,130.64560604200233,130.64560604200233,130.64560604200233,130.64560604200233,130.66111941699637,131.6470967500063,131.6470967500063,131.9886672499997,v,1,0.3364082500047516,None,,,,,p3,001,2025-09-30_16h31.34.028,untitled,,2025.1.1,119.96107264275199,2025-09-30 16h31.48.791767 +0530,
50,c,50,2,12,c,1,0.4502951249887701,None,12,2,50,2,,,,,131.99810670799343,,131.98922658298397,131.99810670799343,132.98735916698934,132.98735916698934,132.98735916698934,132.98735916698934,132.99400287499884,133.98735662500258,133.98735662500258,134.43996066699037,c,1,0.4502951249887701,None,,,,,p3,001,2025-09-30_16h31.34.028,untitled,,2025.1.1,119.96107264275199,2025-09-30 16h31.48.791767 +0530,
-150,z,51,3,12,z,1,0.42747254102141596,None,12,3,51,3,,,,,134.45407700000214,,134.44079808300012,134.45407700000214,135.45503062498756,135.45503062498756,135.45503062498756,135.45503062498756,135.45503062498756,136.45501654199325,136.45501654199325,136.88878912499058,z,1,0.42747254102141596,None,,,,,p3,001,2025-09-30_16h31.34.028,untitled,,2025.1.1,119.96107264275199,2025-09-30 16h31.48.791767 +0530,
-50,x,52,0,13,x,1,0.559675333002815,None,13,0,52,0,,,,,136.89781337499153,,136.88934920798056,136.89781337499153,137.88767216698034,137.88767216698034,137.88767216698034,137.88767216698034,137.89470862498274,138.8799500419991,138.8799500419991,139.44579920798424,x,1,0.559675333002815,None,,,,,p3,001,2025-09-30_16h31.34.028,untitled,,2025.1.1,119.96107264275199,2025-09-30 16h31.48.791767 +0530,
150,v,53,1,13,v,1,0.36195174997556023,None,13,1,53,1,,,,,139.47121095799957,,139.4463424999849,139.47121095799957,140.44592962498427,140.44592962498427,140.44592962498427,140.44592962498427,140.48851491700043,141.4547867079964,141.4547867079964,141.82232524998835,v,1,0.36195174997556023,None,,,,,p3,001,2025-09-30_16h31.34.028,untitled,,2025.1.1,119.96107264275199,2025-09-30 16h31.48.791767 +0530,
50,c,54,2,13,c,1,0.34280254199984483,None,13,2,54,2,,,,,141.83247254198068,,141.82305387497763,141.83247254198068,142.8215949999867,142.8215949999867,142.8215949999867,142.8215949999867,142.82943308298127,143.82188587498968,143.82188587498968,144.189266166999,c,1,0.34280254199984483,None,,,,,p3,001,2025-09-30_16h31.34.028,untitled,,2025.1.1,119.96107264275199,2025-09-30 16h31.48.791767 +0530,
-150,z,55,3,13,z,1,0.42145600001094863,None,13,3,55,3,,,,,144.20501262499602,,144.18982129200594,144.20501262499602,145.18034620798426,145.18034620798426,145.18034620798426,145.18034620798426,145.2050079999899,146.1872610829887,146.1872610829887,146.61278370799846,z,1,0.42145600001094863,None,,,,,p3,001,2025-09-30_16h31.34.028,untitled,,2025.1.1,119.96107264275199,2025-09-30 16h31.48.791767 +0530,
-50,x,56,0,14,x,1,0.5714071660186164,None,14,0,56,0,,,,,146.63791941700038,,146.61320949997753,146.63791941700038,147.61196516698692,147.61196516698692,147.61196516698692,147.61196516698692,147.6286331669835,148.60432691700407,148.60432691700407,149.17938808299368,x,1,0.5714071660186164,None,,,,,p3,001,2025-09-30_16h31.34.028,untitled,,2025.1.1,119.96107264275199,2025-09-30 16h31.48.791767 +0530,
150,v,57,1,14,v,1,0.3587496660184115,None,14,1,57,1,,,,,149.20508674997836,,149.17991645800066,149.20508674997836,150.1795148329984,150.1795148329984,150.1795148329984,150.1795148329984,150.2219909580017,151.18080154198105,151.18080154198105,151.5458430419967,v,1,0.3587496660184115,None,,,,,p3,001,2025-09-30_16h31.34.028,untitled,,2025.1.1,119.96107264275199,2025-09-30 16h31.48.791767 +0530,
50,c,58,2,14,c,1,0.45618537499103695,None,14,2,58,2,,,,,151.55510641698493,,151.54640637498233,151.55510641698493,152.54572320799343,152.54572320799343,152.54572320799343,152.54572320799343,152.54572320799343,153.55550554199726,153.55550554199726,154.02291029199841,c,1,0.45618537499103695,None,,,,,p3,001,2025-09-30_16h31.34.028,untitled,,2025.1.1,119.96107264275199,2025-09-30 16h31.48.791767 +0530,
-150,z,59,3,14,z,1,0.4244201669935137,None,14,3,59,3,,,,,154.03387420799118,,154.02352641700418,154.03387420799118,155.02124395800638,155.02124395800638,155.02124395800638,155.02124395800638,155.02784958298435,156.02118791698013,156.02118791698013,156.44708733298467,z,1,0.4244201669935137,None,,,,,p3,001,2025-09-30_16h31.34.028,untitled,,2025.1.1,119.96107264275199,2025-09-30 16h31.48.791767 +0530,
-50,x,60,0,15,x,1,0.713129999989178,None,15,0,60,0,,,,,156.45733154198388,,156.4476274579938,156.45733154198388,157.44542779200128,157.44542779200128,157.44542779200128,157.44542779200128,157.4547008749796,158.44651599999634,158.44651599999634,159.16312362498138,x,1,0.713129999989178,None,,,,,p3,001,2025-09-30_16h31.34.028,untitled,,2025.1.1,119.96107264275199,2025-09-30 16h31.48.791767 +0530,
150,v,61,1,15,v,1,0.36384883301798254,None,15,1,61,1,,,,,159.17430512499413,,159.1637169169844,159.17430512499413,160.16375870798947,160.16375870798947,160.16375870798947,160.16375870798947,160.17368354200153,161.1721267499961,161.1721267499961,161.53942037498928,v,1,0.36384883301798254,None,,,,,p3,001,2025-09-30_16h31.34.028,untitled,,2025.1.1,119.96107264275199,2025-09-30 16h31.48.791767 +0530,
50,c,62,2,15,c,1,0.5844199160055723,None,15,2,62,2,,,,,161.54836166699533,,161.5399467079842,161.54836166699533,162.5388859169907,162.5388859169907,162.5388859169907,162.5388859169907,162.54567774999305,163.53932620800333,163.53932620800333,164.12966633299948,c,1,0.5844199160055723,None,,,,,p3,001,2025-09-30_16h31.34.028,untitled,,2025.1.1,119.96107264275199,2025-09-30 16h31.48.791767 +0530,
-150,z,63,3,15,z,1,0.29425712500233203,None,15,3,63,3,,,,,164.1552795000025,,164.13020404198323,164.1552795000025,165.12253966700519,165.12253966700519,165.12253966700519,165.12253966700519,165.1457186669868,166.12211083300645,166.12211083300645,166.42365779198008,z,1,0.29425712500233203,None,,,,,p3,001,2025-09-30_16h31.34.028,untitled,,2025.1.1,119.96107264275199,2025-09-30 16h31.48.791767 +0530,
-50,x,64,0,16,x,1,0.27723325000260957,None,16,0,64,0,,,,,166.43866924999747,,166.4243236669863,166.43866924999747,167.42253370798426,167.42253370798426,167.42253370798426,167.42253370798426,167.4295984999917,168.42149304199847,168.42149304199847,168.70613733297796,x,1,0.27723325000260957,None,,,,,p3,001,2025-09-30_16h31.34.028,untitled,,2025.1.1,119.96107264275199,2025-09-30 16h31.48.791767 +0530,
150,v,65,1,16,v,1,0.3645600840100087,None,16,1,65,1,,,,,168.71588133298792,,168.70658174998243,168.71588133298792,169.69563433298026,169.69563433298026,169.69563433298026,169.69563433298026,169.71198170798016,170.70506933299475,170.70506933299475,171.07324329199037,v,1,0.3645600840100087,None,,,,,p3,001,2025-09-30_16h31.34.028,untitled,,2025.1.1,119.96107264275199,2025-09-30 16h31.48.791767 +0530,
50,c,66,2,16,c,1,0.28647391599952243,None,16,2,66,2,,,,,171.09936070800177,,171.07380508299684,171.09936070800177,172.07241712498944,172.07241712498944,172.07241712498944,172.07241712498944,172.09603308298392,173.0893702500034,173.0893702500034,173.37998445800622,c,1,0.28647391599952243,None,,,,,p3,001,2025-09-30_16h31.34.028,untitled,,2025.1.1,119.96107264275199,2025-09-30 16h31.48.791767 +0530,
-150,z,67,3,16,z,1,0.3193052079877816,None,16,3,67,3,,,,,173.40586891700514,,173.38053399999626,173.40586891700514,174.38115741699585,174.38115741699585,174.38115741699585,174.38115741699585,174.4057343750028,175.37249754200457,175.37249754200457,175.69715562500642,z,1,0.3193052079877816,None,,,,,p3,001,2025-09-30_16h31.34.028,untitled,,2025.1.1,119.96107264275199,2025-09-30 16h31.48.791767 +0530,
-50,x,68,0,17,x,1,0.30176020800718106,None,17,0,68,0,,,,,175.72202299998025,,175.69758999999613,175.72202299998025,176.6962339580059,176.6962339580059,176.6962339580059,176.6962339580059,176.71217029198306,177.70603812500485,177.70603812500485,178.01350929198088,x,1,0.30176020800718106,None,,,,,p3,001,2025-09-30_16h31.34.028,untitled,,2025.1.1,119.96107264275199,2025-09-30 16h31.48.791767 +0530,
150,v,69,1,17,v,1,0.1938071249751374,None,17,1,69,1,,,,,178.03945441698306,,178.01407604198903,178.03945441698306,179.0137797500065,179.0137797500065,179.0137797500065,179.0137797500065,179.02982983298716,180.0228399579937,180.0228399579937,180.22443737499998,v,1,0.1938071249751374,None,,,,,p3,001,2025-09-30_16h31.34.028,untitled,,2025.1.1,119.96107264275199,2025-09-30 16h31.48.791767 +0530,
50,c,70,2,17,c,1,0.5704646249942016,None,17,2,70,2,,,,,180.23586866699043,,180.22512066698982,180.23586866699043,181.22203895798884,181.22203895798884,181.22203895798884,181.22203895798884,181.22880070799147,182.22143679199507,182.22143679199507,182.79678729199804,c,1,0.5704646249942016,None,,,,,p3,001,2025-09-30_16h31.34.028,untitled,,2025.1.1,119.96107264275199,2025-09-30 16h31.48.791767 +0530,
-150,z,71,3,17,z,1,0.28288254200015217,None,17,3,71,3,,,,,182.80562254198594,,182.79724245797843,182.80562254198594,183.79624416699517,183.79624416699517,183.79624416699517,183.79624416699517,183.79624416699517,184.8059441249934,184.8059441249934,185.09142549999524,z,1,0.28288254200015217,None,,,,,p3,001,2025-09-30_16h31.34.028,untitled,,2025.1.1,119.96107264275199,2025-09-30 16h31.48.791767 +0530,
-50,x,72,0,18,v,0,0.15394579200074077,None,18,0,72,0,,,,,185.1020967499935,,185.092053417,185.1020967499935,186.1063662499946,186.1063662499946,186.1063662499946,186.1063662499946,186.1063662499946,187.08880291698733,187.08880291698733,187.24729079200188,v,0,0.15394579200074077,None,,,,,p3,001,2025-09-30_16h31.34.028,untitled,,2025.1.1,119.96107264275199,2025-09-30 16h31.48.791767 +0530,
150,v,73,1,18,v,1,0.95887900001253,None,18,1,73,1,,,,,187.27279212500434,,187.24783999999636,187.27279212500434,188.23932774999412,188.23932774999412,188.23932774999412,188.23932774999412,188.26299124999787,189.24599441699684,189.24599441699684,190.20688099999097,v,1,0.95887900001253,None,,,,,p3,001,2025-09-30_16h31.34.028,untitled,,2025.1.1,119.96107264275199,2025-09-30 16h31.48.791767 +0530,
50,c,74,2,18,c,1,0.47975495900027454,None,18,2,74,2,,,,,190.21710941698984,,190.20743091698387,190.21710941698984,191.20588454199606,191.20588454199606,191.20588454199606,191.20588454199606,191.2127559579967,192.20506645800197,192.20506645800197,192.69061020799563,c,1,0.47975495900027454,None,,,,,p3,001,2025-09-30_16h31.34.028,untitled,,2025.1.1,119.96107264275199,2025-09-30 16h31.48.791767 +0530,
-150,z,75,3,18,z,1,0.2962323749961797,None,18,3,75,3,,,,,192.70107716700295,,192.6912921250041,192.70107716700295,193.68956712499494,193.68956712499494,193.68956712499494,193.68956712499494,193.69622470799368,194.706539042003,194.706539042003,195.0070047499903,z,1,0.2962323749961797,None,,,,,p3,001,2025-09-30_16h31.34.028,untitled,,2025.1.1,119.96107264275199,2025-09-30 16h31.48.791767 +0530,
-50,x,76,0,19,x,1,0.40540299998247065,None,19,0,76,0,,,,,195.01657612499548,,195.00754654197954,195.01657612499548,196.00605991698103,196.00605991698103,196.00605991698103,196.00605991698103,196.0135524579964,197.00555025000358,197.00555025000358,197.4138237919833,x,1,0.40540299998247065,None,,,,,p3,001,2025-09-30_16h31.34.028,untitled,,2025.1.1,119.96107264275199,2025-09-30 16h31.48.791767 +0530,
150,v,77,1,19,v,1,0.1079944999946747,None,19,1,77,1,,,,,197.4391774169926,,197.41435695800465,197.4391774169926,198.40506074999576,198.40506074999576,198.40506074999576,198.40506074999576,198.42948204200366,199.4229405419901,199.4229405419901,199.54034974999377,v,1,0.1079944999946747,None,,,,,p3,001,2025-09-30_16h31.34.028,untitled,,2025.1.1,119.96107264275199,2025-09-30 16h31.48.791767 +0530,
50,c,78,2,19,c,1,0.34891720800078474,None,19,2,78,2,,,,,199.55026229200303,,199.54087841699948,199.55026229200303,200.53997912499472,200.53997912499472,200.53997912499472,200.53997912499472,200.5475911249814,201.53902945798473,201.53902945798473,201.89062491699588,c,1,0.34891720800078474,None,,,,,p3,001,2025-09-30_16h31.34.028,untitled,,2025.1.1,119.96107264275199,2025-09-30 16h31.48.791767 +0530,
-150,z,79,3,19,z,1,0.2881291250232607,None,19,3,79,3,,,,,201.90090491698356,,201.8912844999868,201.90090491698356,202.89005479199113,202.89005479199113,202.89005479199113,202.89005479199113,202.89672758299275,203.88998549999087,203.88998549999087,204.19151283300016,z,1,0.2881291250232607,None,,,,,p3,001,2025-09-30_16h31.34.028,untitled,,2025.1.1,119.96107264275199,2025-09-30 16h31.48.791767 +0530,
-50,x,80,0,20,x,1,0.3035762500076089,None,20,0,80,0,,,,,204.20580104200053,,204.19237224999233,204.20580104200053,205.18975074999616,205.18975074999616,205.18975074999616,205.18975074999616,205.19746049999958,206.2067364169925,206.2067364169925,206.51517354199314,x,1,0.3035762500076089,None,,,,,p3,001,2025-09-30_16h31.34.028,untitled,,2025.1.1,119.96107264275199,2025-09-30 16h31.48.791767 +0530,
150,v,81,1,20,v,1,0.32699900001171045,None,20,1,81,1,,,,,206.52515433297958,,206.51578133300063,206.52515433297958,207.51502854199498,207.51502854199498,207.51502854199498,207.51502854199498,207.52451358299004,208.51406079198932,208.51406079198932,208.8580138749967,v,1,0.32699900001171045,None,,,,,p3,001,2025-09-30_16h31.34.028,untitled,,2025.1.1,119.96107264275199,2025-09-30 16h31.48.791767 +0530,
50,c,82,2,20,c,1,0.3527844170166645,None,20,2,82,2,,,,,208.87273308300064,,208.8586954170023,208.87273308300064,209.85600474997773,209.85600474997773,209.85600474997773,209.85600474997773,209.86340737499995,210.856115417002,210.856115417002,211.22560412497842,c,1,0.3527844170166645,None,,,,,p3,001,2025-09-30_16h31.34.028,untitled,,2025.1.1,119.96107264275199,2025-09-30 16h31.48.791767 +0530,
-150,z,83,3,20,z,1,0.5102933339949232,None,20,3,83,3,,,,,211.3788612499775,,211.22633295800188,211.3788612499775,212.22278295797878,212.22278295797878,212.22278295797878,212.22278295797878,212.37265308300266,213.22267812499194,213.22267812499194,213.7406077499909,z,1,0.5102933339949232,None,,,,,p3,001,2025-09-30_16h31.34.028,untitled,,2025.1.1,119.96107264275199,2025-09-30 16h31.48.791767 +0530,
-50,x,84,0,21,x,1,0.43918200000189245,None,21,0,84,0,,,,,213.74974187498447,,213.74105849998887,213.74974187498447,214.73976579197915,214.73976579197915,214.73976579197915,214.73976579197915,214.74734487498063,215.73978779200115,215.73978779200115,216.18106000000262,x,1,0.43918200000189245,None,,,,,p3,001,2025-09-30_16h31.34.028,untitled,,2025.1.1,119.96107264275199,2025-09-30 16h31.48.791767 +0530,
150,v,85,1,21,v,1,0.2959713749878574,None,21,1,85,1,,,,,216.18950066698017,,216.18159308299073,216.18950066698017,217.1729969169828,217.1729969169828,217.1729969169828,217.1729969169828,217.17941741700633,218.1731286669965,218.1731286669965,218.47415029199328,v,1,0.2959713749878574,None,,,,,p3,001,2025-09-30_16h31.34.028,untitled,,2025.1.1,119.96107264275199,2025-09-30 16h31.48.791767 +0530,
50,c,86,2,21,c,1,0.3193111250002403,None,21,2,86,2,,,,,218.48408166700392,,218.47470145800617,218.48408166700392,219.47304179199273,219.47304179199273,219.47304179199273,219.47304179199273,219.4805597079976,220.49062487500487,220.49062487500487,220.815126417001,c,1,0.3193111250002403,None,,,,,p3,001,2025-09-30_16h31.34.028,untitled,,2025.1.1,119.96107264275199,2025-09-30 16h31.48.791767 +0530,
-150,z,87,3,21,z,1,0.3295615419920068,None,21,3,87,3,,,,,220.82607304200064,,220.81568212498678,220.82607304200064,221.8141329579812,221.8141329579812,221.8141329579812,221.8141329579812,221.82292745797895,222.81336237498908,222.81336237498908,223.14942775000236,z,1,0.3295615419920068,None,,,,,p3,001,2025-09-30_16h31.34.028,untitled,,2025.1.1,119.96107264275199,2025-09-30 16h31.48.791767 +0530,
-50,x,88,0,22,x,1,0.5191266250039916,None,22,0,88,0,,,,,223.15943295799661,,223.15002333300072,223.15943295799661,224.17372829199303,224.17372829199303,224.17372829199303,224.17372829199303,224.17372829199303,225.14673799998127,225.14673799998127,225.6747829169908,x,1,0.5191266250039916,None,,,,,p3,001,2025-09-30_16h31.34.028,untitled,,2025.1.1,119.96107264275199,2025-09-30 16h31.48.791767 +0530,
150,v,89,1,22,v,1,0.4929267920088023,None,22,1,89,1,,,,,225.68519508300233,,225.6753802500025,225.68519508300233,226.67317870800616,226.67317870800616,226.67317870800616,226.67317870800616,226.68080391699914,227.6729819579923,227.6729819579923,228.17457666699192,v,1,0.4929267920088023,None,,,,,p3,001,2025-09-30_16h31.34.028,untitled,,2025.1.1,119.96107264275199,2025-09-30 16h31.48.791767 +0530,
50,c,90,2,22,c,1,0.3888334590010345,None,22,2,90,2,,,,,228.185171582998,,228.17515937497956,228.185171582998,229.1731969169923,229.1731969169923,229.1731969169923,229.1731969169923,229.18032245797804,230.17312691698316,230.17312691698316,230.56461187498644,c,1,0.3888334590010345,None,,,,,p3,001,2025-09-30_16h31.34.028,untitled,,2025.1.1,119.96107264275199,2025-09-30 16h31.48.791767 +0530,
-150,z,91,3,22,z,1,0.3881540419824887,None,22,3,91,3,,,,,230.5899727079959,,230.5651578749821,230.5899727079959,231.556791082985,231.556791082985,231.556791082985,231.556791082985,231.5807998329983,232.556865999999,232.556865999999,232.94985516698216,z,1,0.3881540419824887,None,,,,,p3,001,2025-09-30_16h31.34.028,untitled,,2025.1.1,119.96107264275199,2025-09-30 16h31.48.791767 +0530,
-50,x,92,0,23,x,1,0.4520604590070434,None,23,0,92,0,,,,,232.95950450000237,,232.95032187498873,232.95950450000237,233.9484891250031,233.9484891250031,233.9484891250031,233.9484891250031,233.97376324998913,234.97402237498318,234.97402237498318,235.43210249999538,x,1,0.4520604590070434,None,,,,,p3,001,2025-09-30_16h31.34.028,untitled,,2025.1.1,119.96107264275199,2025-09-30 16h31.48.791767 +0530,
150,v,93,1,23,v,1,0.0294099579914473,None,23,1,93,1,,,,,235.4574921669846,,235.43252924998524,235.4574921669846,236.44086462497944,236.44086462497944,236.44086462497944,236.44086462497944,236.4488298749784,237.4408234579896,237.4408234579896,237.475549958006,v,1,0.0294099579914473,None,,,,,p3,001,2025-09-30_16h31.34.028,untitled,,2025.1.1,119.96107264275199,2025-09-30 16h31.48.791767 +0530,
50,c,94,2,23,c,1,1.0508096660196315,None,23,2,94,2,,,,,237.48993391697877,,237.47622791698086,237.48993391697877,238.49071691700374,238.49071691700374,238.49071691700374,238.49071691700374,238.50757337498362,239.4733469169878,239.4733469169878,240.53265020798426,c,1,1.0508096660196315,None,,,,,p3,001,2025-09-30_16h31.34.028,untitled,,2025.1.1,119.96107264275199,2025-09-30 16h31.48.791767 +0530,
-150,z,95,3,23,z,1,0.27333604099112563,None,23,3,95,3,,,,,240.54244329198264,,240.53320695800357,240.54244329198264,241.53119983299985,241.53119983299985,241.53119983299985,241.53119983299985,241.54010600000038,242.53169387500384,242.53169387500384,242.80810679198476,z,1,0.27333604099112563,None,,,,,p3,001,2025-09-30_16h31.34.028,untitled,,2025.1.1,119.96107264275199,2025-09-30 16h31.48.791767 +0530,
-50,x,96,0,24,x,1,0.2958785000082571,None,24,0,96,0,,,,,242.81747612499748,,242.80863358298666,242.81747612499748,243.80684245799785,243.80684245799785,243.80684245799785,243.80684245799785,243.8133648329822,244.8061465419887,244.8061465419887,245.10792208299972,x,1,0.2958785000082571,None,,,,,p3,001,2025-09-30_16h31.34.028,untitled,,2025.1.1,119.96107264275199,2025-09-30 16h31.48.791767 +0530,
150,v,97,1,24,v,1,0.28300070800469257,None,24,1,97,1,,,,,245.11706591700204,,245.108354957978,245.11706591700204,246.1245233329828,246.1245233329828,246.1245233329828,246.1245233329828,246.1245233329828,247.1241489579843,247.1241489579843,247.41625308297807,v,1,0.28300070800469257,None,,,,,p3,001,2025-09-30_16h31.34.028,untitled,,2025.1.1,119.96107264275199,2025-09-30 16h31.48.791767 +0530,
50,c,98,2,24,c,1,0.2767077919852454,None,24,2,98,2,,,,,247.4265125829843,,247.41686841699993,247.4265125829843,248.41482662499766,248.41482662499766,248.41482662499766,248.41482662499766,248.42371420798008,249.4142972919799,249.4142972919799,249.6988822919957,c,1,0.2767077919852454,None,,,,,p3,001,2025-09-30_16h31.34.028,untitled,,2025.1.1,119.96107264275199,2025-09-30 16h31.48.791767 +0530,
-150,z,99,3,24,z,1,0.37219654201180674,None,24,3,99,3,,,,,249.70972504199017,,249.69944979198044,249.70972504199017,250.69016495798132,250.69016495798132,250.69016495798132,250.69016495798132,250.70687554200413,251.70791224998538,251.70791224998538,252.08252845800598,z,1,0.37219654201180674,None,,,,,p3,001,2025-09-30_16h31.34.028,untitled,,2025.1.1,119.96107264275199,2025-09-30 16h31.48.791767 +0530,
-50,x,100,0,25,x,1,0.41132562499842606,None,25,0,100,0,,,,,252.09305370799848,,252.08316899999045,252.09305370799848,253.08166895798058,253.08166895798058,253.08166895798058,253.08166895798058,253.09043266699882,254.08364879200235,254.08364879200235,254.4998659999983,x,1,0.41132562499842606,None,,,,,p3,001,2025-09-30_16h31.34.028,untitled,,2025.1.1,119.96107264275199,2025-09-30 16h31.48.791767 +0530,
150,v,101,1,25,v,1,0.2909323329804465,None,25,1,101,1,,,,,254.50987220800016,,254.5003446250048,254.50987220800016,255.49804824998137,255.49804824998137,255.49804824998137,255.49804824998137,255.50696837500436,256.49921245800215,256.49921245800215,256.791764041991,v,1,0.2909323329804465,None,,,,,p3,001,2025-09-30_16h31.34.028,untitled,,2025.1.1,119.96107264275199,2025-09-30 16h31.48.791767 +0530,
50,c,102,2,25,c,1,0.3293217499740422,None,25,2,102,2,,,,,256.8014132499811,,256.792323917005,256.8014132499811,257.7910555829876,257.7910555829876,257.7910555829876,257.7910555829876,257.79785270799766,258.7909658330027,258.7909658330027,259.12468983299914,c,1,0.3293217499740422,None,,,,,p3,001,2025-09-30_16h31.34.028,untitled,,2025.1.1,119.96107264275199,2025-09-30 16h31.48.791767 +0530,
-150,z,103,3,25,z,1,0.3086130830051843,None,25,3,103,3,,,,,259.1305430420034,,259.125210416998,259.1305430420034,260.11508870800026,260.11508870800026,260.11508870800026,260.11508870800026,260.1238265419961,261.1145407499862,261.1145407499862,261.42476079199696,z,1,0.3086130830051843,None,,,,,p3,001,2025-09-30_16h31.34.028,untitled,,2025.1.1,119.96107264275199,2025-09-30 16h31.48.791767 +0530,
-50,x,104,0,26,x,1,0.3514025409822352,None,26,0,104,0,,,,,261.4308892079862,,261.4253004579805,261.4308892079862,262.41711933299666,262.41711933299666,262.41711933299666,262.41711933299666,262.4259171249869,263.42478358300286,263.42478358300286,263.7821653749852,x,1,0.3514025409822352,None,,,,,p3,001,2025-09-30_16h31.34.028,untitled,,2025.1.1,119.96107264275199,2025-09-30 16h31.48.791767 +0530,
150,v,105,1,26,v,1,0.32001937497989275,None,26,1,105,1,,,,,263.80814433298656,,263.782713958004,263.80814433298656,264.7825724580034,264.7825724580034,264.7825724580034,264.7825724580034,264.82480099998065,265.78314087499166,265.78314087499166,266.10915895798826,v,1,0.32001937497989275,None,,,,,p3,001,2025-09-30_16h31.34.028,untitled,,2025.1.1,119.96107264275199,2025-09-30 16h31.48.791767 +0530,
50,c,106,2,26,c,1,0.3651427080039866,None,26,2,106,2,,,,,266.1185648329847,,266.1097155829775,266.1185648329847,267.1078076249978,267.1078076249978,267.1078076249978,267.1078076249978,267.1148041669803,268.12501629200415,268.12501629200415,268.49226716699195,c,1,0.3651427080039866,None,,,,,p3,001,2025-09-30_16h31.34.028,untitled,,2025.1.1,119.96107264275199,2025-09-30 16h31.48.791767 +0530,
-150,z,107,3,26,z,1,0.3172652500215918,None,26,3,107,3,,,,,268.5026017079945,,268.4928344999789,268.5026017079945,269.4917175830051,269.4917175830051,269.4917175830051,269.4917175830051,269.4988305000006,270.4909410830005,270.4909410830005,270.81006737498683,z,1,0.3172652500215918,None,,,,,p3,001,2025-09-30_16h31.34.028,untitled,,2025.1.1,119.96107264275199,2025-09-30 16h31.48.791767 +0530,
-50,x,108,0,27,x,1,0.3915681669896003,None,27,0,108,0,,,,,270.8219977080007,,270.81085266699665,270.8219977080007,271.8076137919852,271.8076137919852,271.8076137919852,271.8076137919852,271.8146383749845,272.807478792005,272.807478792005,273.2085836670012,x,1,0.3915681669896003,None,,,,,p3,001,2025-09-30_16h31.34.028,untitled,,2025.1.1,119.96107264275199,2025-09-30 16h31.48.791767 +0530,
150,v,109,1,27,v,1,0.2039088330056984,None,27,1,109,1,,,,,273.21753479199833,,273.20903649998945,273.21753479199833,274.1994598750025,274.1994598750025,274.1994598750025,274.1994598750025,274.2417765419814,275.20832762500504,275.20832762500504,275.41570520799723,v,1,0.2039088330056984,None,,,,,p3,001,2025-09-30_16h31.34.028,untitled,,2025.1.1,119.96107264275199,2025-09-30 16h31.48.791767 +0530,
50,c,110,2,27,c,1,0.34078120900085196,None,27,2,110,2,,,,,275.4411887919996,,275.41622879198985,275.4411887919996,276.40793279200443,276.40793279200443,276.40793279200443,276.40793279200443,276.43193245798466,277.4153413329914,277.4153413329914,277.77650658300263,c,1,0.34078120900085196,None,,,,,p3,001,2025-09-30_16h31.34.028,untitled,,2025.1.1,119.96107264275199,2025-09-30 16h31.48.791767 +0530,
-150,z,111,3,27,z,1,0.34297854200121947,None,27,3,111,3,,,,,277.7910700829816,,277.7771741669858,277.7910700829816,278.7749463329965,278.7749463329965,278.7749463329965,278.7749463329965,278.7823116249929,279.7743193329952,279.7743193329952,280.12539691699203,z,1,0.34297854200121947,None,,,,,p3,001,2025-09-30_16h31.34.028,untitled,,2025.1.1,119.96107264275199,2025-09-30 16h31.48.791767 +0530,
-50,x,112,0,28,x,1,0.38783762499224395,None,28,0,112,0,,,,,280.1346623330028,,280.125835874991,280.1346623330028,281.11570537497755,281.11570537497755,281.11570537497755,281.11570537497755,281.1324621249805,282.12443495797925,282.12443495797925,282.515971832996,x,1,0.38783762499224395,None,,,,,p3,001,2025-09-30_16h31.34.028,untitled,,2025.1.1,119.96107264275199,2025-09-30 16h31.48.791767 +0530,
150,v,113,1,28,v,1,0.2941254999896046,None,28,1,113,1,,,,,282.52711845800513,,282.5165686669934,282.52711845800513,283.5077438330045,283.5077438330045,283.5077438330045,283.5077438330045,283.5245207079861,284.5250481249823,284.5250481249823,284.82560920799733,v,1,0.2941254999896046,None,,,,,p3,001,2025-09-30_16h31.34.028,untitled,,2025.1.1,119.96107264275199,2025-09-30 16h31.48.791767 +0530,
50,c,114,2,28,c,1,0.20183512498624623,None,28,2,114,2,,,,,284.8348366669961,,284.8260462079779,284.8348366669961,285.8255272919778,285.8255272919778,285.8255272919778,285.8255272919778,285.833252041979,286.8244854169898,286.8244854169898,287.0326069169969,c,1,0.20183512498624623,None,,,,,p3,001,2025-09-30_16h31.34.028,untitled,,2025.1.1,119.96107264275199,2025-09-30 16h31.48.791767 +0530,
-150,z,115,3,28,z,1,0.3359652079816442,None,28,3,115,3,,,,,287.0581202079775,,287.03308183298213,287.0581202079775,288.04211787498207,288.04211787498207,288.04211787498207,288.04211787498207,288.05002529200283,289.04229995800415,289.04229995800415,289.3836637919885,z,1,0.3359652079816442,None,,,,,p3,001,2025-09-30_16h31.34.028,untitled,,2025.1.1,119.96107264275199,2025-09-30 16h31.48.791767 +0530,
-50,x,116,0,29,x,1,0.34037641700706445,None,29,0,116,0,,,,,289.3946571669949,,289.38419449998764,289.3946571669949,290.3826357499929,290.3826357499929,290.3826357499929,290.3826357499929,290.3912011249922,291.3918807079899,291.3918807079899,291.7341861249879,x,1,0.34037641700706445,None,,,,,p3,001,2025-09-30_16h31.34.028,untitled,,2025.1.1,119.96107264275199,2025-09-30 16h31.48.791767 +0530,
150,v,117,1,29,v,1,0.4320299169921782,None,29,1,117,1,,,,,291.74396204200457,,291.7347324999864,291.74396204200457,292.73282879198086,292.73282879198086,292.73282879198086,292.73282879198086,292.7417245830002,293.72513649999746,293.72513649999746,294.17703270798665,v,1,0.4320299169921782,None,,,,,p3,001,2025-09-30_16h31.34.028,untitled,,2025.1.1,119.96107264275199,2025-09-30 16h31.48.791767 +0530,
50,c,118,2,29,c,1,0.5513101250107866,None,29,2,118,2,,,,,294.1913649170019,,294.1778177919914,294.1913649170019,295.17469449999044,295.17469449999044,295.17469449999044,295.17469449999044,295.18120520800585,296.1759636249917,296.1759636249917,296.7334279999777,c,1,0.5513101250107866,None,,,,,p3,001,2025-09-30_16h31.34.028,untitled,,2025.1.1,119.96107264275199,2025-09-30 16h31.48.791767 +0530,
-150,z,119,3,29,z,1,0.4304282919911202,None,29,3,119,3,,,,,296.75874349998776,,296.73395216697827,296.75874349998776,297.73248008298106,297.73248008298106,297.73248008298106,297.73248008298106,297.77562216698425,298.73272649999126,298.73272649999126,299.1776775829785,z,1,0.4304282919911202,None,,,,,p3,001,2025-09-30_16h31.34.028,untitled,,2025.1.1,119.96107264275199,2025-09-30 16h31.48.791767 +0530,
-50,x,120,0,30,x,1,0.4077460000116844,None,30,0,120,0,,,,,299.19159333300195,,299.1784125419799,299.19159333300195,300.1751560829871,300.1751560829871,300.1751560829871,300.1751560829871,300.182192999986,301.17557170797954,301.17557170797954,301.59360500000184,x,1,0.4077460000116844,None,,,,,p3,001,2025-09-30_16h31.34.028,untitled,,2025.1.1,119.96107264275199,2025-09-30 16h31.48.791767 +0530,
150,v,121,1,30,v,1,0.2679942919930909,None,30,1,121,1,,,,,301.60833954199916,,301.59429787498084,301.60833954199916,302.5916411249782,302.5916411249782,302.5916411249782,302.5916411249782,302.59981795799104,303.59232129200245,303.59232129200245,303.86731970799156,v,1,0.2679942919930909,None,,,,,p3,001,2025-09-30_16h31.34.028,untitled,,2025.1.1,119.96107264275199,2025-09-30 16h31.48.791767 +0530,
50,c,122,2,30,c,1,0.36426283401669934,None,30,2,122,2,,,,,303.87776025000494,,303.86786304198904,303.87776025000494,304.87613945797784,304.87613945797784,304.87613945797784,304.87613945797784,304.89269774997956,305.87615466699935,305.87615466699935,306.24441283298074,c,1,0.36426283401669934,None,,,,,p3,001,2025-09-30_16h31.34.028,untitled,,2025.1.1,119.96107264275199,2025-09-30 16h31.48.791767 +0530,
-150,z,123,3,30,z,1,0.31490324999322183,None,30,3,123,3,,,,,306.25834983299137,,306.24501449998934,306.25834983299137,307.25963274997775,307.25963274997775,307.25963274997775,307.25963274997775,307.25963274997775,308.2595178329793,308.2595178329793,308.57781841699034,z,1,0.31490324999322183,None,,,,,p3,001,2025-09-30_16h31.34.028,untitled,,2025.1.1,119.96107264275199,2025-09-30 16h31.48.791767 +0530,
-50,x,124,0,31,x,1,0.3456956660083961,None,31,0,124,0,,,,,308.59186254200176,,308.57850362500176,308.59186254200176,309.59283020798466,309.59283020798466,309.59283020798466,309.59283020798466,309.59283020798466,310.5925789169851,310.5925789169851,310.94459991698386,x,1,0.3456956660083961,None,,,,,p3,001,2025-09-30_16h31.34.028,untitled,,2025.1.1,119.96107264275199,2025-09-30 16h31.48.791767 +0530,
150,v,125,1,31,v,1,0.26779966699541546,None,31,1,125,1,,,,,310.95849616700434,,310.94517720799195,310.95849616700434,311.94214883298264,311.94214883298264,311.94214883298264,311.94214883298264,311.9492825419875,312.94240758300293,312.94240758300293,313.21710658300435,v,1,0.26779966699541546,None,,,,,p3,001,2025-09-30_16h31.34.028,untitled,,2025.1.1,119.96107264275199,2025-09-30 16h31.48.791767 +0530,
50,c,126,2,31,c,1,0.32887362499604933,None,31,2,126,2,,,,,313.22809062499437,,313.21769208298065,313.22809062499437,314.21440487500513,314.21440487500513,314.21440487500513,314.21440487500513,314.2254782920063,315.2164150829776,315.2164150829776,315.5512322919967,c,1,0.32887362499604933,None,,,,,p3,001,2025-09-30_16h31.34.028,untitled,,2025.1.1,119.96107264275199,2025-09-30 16h31.48.791767 +0530,
-150,z,127,3,31,z,1,0.356228666001698,None,31,3,127,3,,,,,315.5610963329964,,315.55176299999584,315.5610963329964,316.56007012497867,316.56007012497867,316.56007012497867,316.56007012497867,316.5766038750007,317.5491027919925,317.5491027919925,317.90999937499873,z,1,0.356228666001698,None,,,,,p3,001,2025-09-30_16h31.34.028,untitled,,2025.1.1,119.96107264275199,2025-09-30 16h31.48.791767 +0530,
-50,x,128,0,32,x,1,0.34258116700220853,None,32,0,128,0,,,,,317.91948016698007,,317.91057137498865,317.91948016698007,318.9090055419947,318.9090055419947,318.9090055419947,318.9090055419947,318.9161026249931,319.9097182919795,319.9097182919795,320.2614957919868,x,1,0.34258116700220853,None,,,,,p3,001,2025-09-30_16h31.34.028,untitled,,2025.1.1,119.96107264275199,2025-09-30 16h31.48.791767 +0530,
150,v,129,1,32,v,1,0.3741532919812016,None,32,1,129,1,,,,,320.2713102499838,,320.262208250002,320.2713102499838,321.25916508299997,321.25916508299997,321.25916508299997,321.25916508299997,321.2662917919806,322.2765311669791,322.2765311669791,322.6613574170042,v,1,0.3741532919812016,None,,,,,p3,001,2025-09-30_16h31.34.028,untitled,,2025.1.1,119.96107264275199,2025-09-30 16h31.48.791767 +0530,
50,c,130,2,32,c,1,0.39261287500266917,None,32,2,130,2,,,,,322.67561408298207,,322.66195983299986,322.67561408298207,323.6766706669878,323.6766706669878,323.6766706669878,323.6766706669878,323.6766706669878,324.67662954199477,324.67662954199477,325.0943280420033,c,1,0.39261287500266917,None,,,,,p3,001,2025-09-30_16h31.34.028,untitled,,2025.1.1,119.96107264275199,2025-09-30 16h31.48.791767 +0530,
-150,z,131,3,32,z,1,0.3402511659951415,None,32,3,131,3,,,,,325.10878333298024,,325.0949461249984,325.10878333298024,326.11008958300226,326.11008958300226,326.11008958300226,326.11008958300226,326.11008958300226,327.11009437500616,327.11009437500616,327.4612080829975,z,1,0.3402511659951415,None,,,,,p3,001,2025-09-30_16h31.34.028,untitled,,2025.1.1,119.96107264275199,2025-09-30 16h31.48.791767 +0530,
-50,x,132,0,33,x,1,0.41353070898912847,None,33,0,132,0,,,,,327.47317970800214,,327.46179545798805,327.47317970800214,328.4767076249991,328.4767076249991,328.4767076249991,328.4767076249991,328.4767076249991,329.4767327919835,329.4767327919835,329.89365012498456,x,1,0.41353070898912847,None,,,,,p3,001,2025-09-30_16h31.34.028,untitled,,2025.1.1,119.96107264275199,2025-09-30 16h31.48.791767 +0530,
150,v,133,1,33,v,1,0.2781141669838689,None,33,1,133,1,,,,,329.9027364999929,,329.8941955420014,329.9027364999929,330.8931212919997,330.8931212919997,330.8931212919997,330.8931212919997,330.9006213329849,331.8922204169794,331.8922204169794,332.17654266700265,v,1,0.2781141669838689,None,,,,,p3,001,2025-09-30_16h31.34.028,untitled,,2025.1.1,119.96107264275199,2025-09-30 16h31.48.791767 +0530,
50,c,134,2,33,c,1,0.4539609999919776,None,33,2,134,2,,,,,332.18533029200626,,332.17695379198994,332.18533029200626,333.1665578749962,333.1665578749962,333.1665578749962,333.1665578749962,333.1824795829889,334.17654799998854,334.17654799998854,334.63481633298215,c,1,0.4539609999919776,None,,,,,p3,001,2025-09-30_16h31.34.028,untitled,,2025.1.1,119.96107264275199,2025-09-30 16h31.48.791767 +0530,
-150,z,135,3,33,z,1,0.31849820900242776,None,33,3,135,3,,,,,334.6449647079862,,334.6353554579837,334.6449647079862,335.633512417,335.633512417,335.633512417,335.633512417,335.64239341698703,336.6338703329966,336.6338703329966,336.9607691669953,z,1,0.31849820900242776,None,,,,,p3,001,2025-09-30_16h31.34.028,untitled,,2025.1.1,119.96107264275199,2025-09-30 16h31.48.791767 +0530,
-50,x,136,0,34,x,1,0.43858441698830575,None,34,0,136,0,,,,,336.97628170799,,336.9611877919815,336.97628170799,337.95926283299923,337.95926283299923,337.95926283299923,337.95926283299923,337.9658433329896,338.95969358299044,338.95969358299044,339.40293208300136,x,1,0.43858441698830575,None,,,,,p3,001,2025-09-30_16h31.34.028,untitled,,2025.1.1,119.96107264275199,2025-09-30 16h31.48.791767 +0530,
150,v,137,1,34,v,1,0.3212134170171339,None,34,1,137,1,,,,,339.4122114999918,,339.40337562499917,339.4122114999918,340.40006349998293,340.40006349998293,340.40006349998293,340.40006349998293,340.40911879198393,341.40018704198883,341.40018704198883,341.7271397500008,v,1,0.3212134170171339,None,,,,,p3,001,2025-09-30_16h31.34.028,untitled,,2025.1.1,119.96107264275199,2025-09-30 16h31.48.791767 +0530,
50,c,138,2,34,c,1,0.3661035409895703,None,34,2,138,2,,,,,341.7372625829885,,341.72769229198457,341.7372625829885,342.74335862498265,342.74335862498265,342.74335862498265,342.74335862498265,342.74335862498265,343.71822799998336,343.71822799998336,344.09400891698897,c,1,0.3661035409895703,None,,,,,p3,001,2025-09-30_16h31.34.028,untitled,,2025.1.1,119.96107264275199,2025-09-30 16h31.48.791767 +0530,
-150,z,139,3,34,z,1,0.30642470900784247,None,34,3,139,3,,,,,344.1031068750017,,344.0945461249794,344.1031068750017,345.09205883299,345.09205883299,345.09205883299,345.09205883299,345.0995465419837,346.09296799998265,346.09296799998265,346.4017321669962,z,1,0.30642470900784247,None,,,,,p3,001,2025-09-30_16h31.34.028,untitled,,2025.1.1,119.96107264275199,2025-09-30 16h31.48.791767 +0530,
-50,x,140,0,35,x,1,0.3364933750126511,None,35,0,140,0,,,,,346.41241154199815,,346.4022354579938,346.41241154199815,347.4006387919944,347.4006387919944,347.4006387919944,347.4006387919944,347.40935412500403,348.40989445798914,348.40989445798914,348.7620162499952,x,1,0.3364933750126511,None,,,,,p3,001,2025-09-30_16h31.34.028,untitled,,2025.1.1,119.96107264275199,2025-09-30 16h31.48.791767 +0530,
150,v,141,1,35,v,1,0.29924833300174214,None,35,1,141,1,,,,,348.7738452499907,,348.7627229579957,348.7738452499907,349.75947529199766,349.75947529199766,349.75947529199766,349.75947529199766,349.76666887500323,350.7593352079857,350.7593352079857,351.06184325000504,v,1,0.29924833300174214,None,,,,,p3,001,2025-09-30_16h31.34.028,untitled,,2025.1.1,119.96107264275199,2025-09-30 16h31.48.791767 +0530,
50,c,142,2,35,c,1,0.4421967499947641,None,35,2,142,2,,,,,351.07373449997976,,351.06251341698226,351.07373449997976,352.0591468749917,352.0591468749917,352.0591468749917,352.0591468749917,352.06716624999535,353.06832241700613,353.06832241700613,353.5282774170046,c,1,0.4421967499947641,None,,,,,p3,001,2025-09-30_16h31.34.028,untitled,,2025.1.1,119.96107264275199,2025-09-30 16h31.48.791767 +0530,
-150,z,143,3,35,z,1,0.5155677500006277,None,35,3,143,3,,,,,353.5428896670055,,353.52892141698976,353.5428896670055,354.5265650829824,354.5265650829824,354.5265650829824,354.5265650829824,354.53416241699597,355.53491204199963,355.53491204199963,356.0611325420032,z,1,0.5155677500006277,None,,,,,p3,001,2025-09-30_16h31.34.028,untitled,,2025.1.1,119.96107264275199,2025-09-30 16h31.48.791767 +0530,
-50,x,144,0,36,x,1,0.9839652090158779,None,36,0,144,0,,,,,356.0703134999785,,356.06172254198464,356.0703134999785,357.05211579200113,357.05211579200113,357.05211579200113,357.05211579200113,357.0767893329903,358.05960670800414,358.05960670800414,359.0513852919976,x,1,0.9839652090158779,None,,,,,p3,001,2025-09-30_16h31.34.028,untitled,,2025.1.1,119.96107264275199,2025-09-30 16h31.48.791767 +0530,
150,v,145,1,36,v,1,0.4680740000039805,None,36,1,145,1,,,,,359.0628503749904,,359.05200024999795,359.0628503749904,360.04390220798086,360.04390220798086,360.04390220798086,360.04390220798086,360.05961779199424,361.0513972079789,361.0513972079789,361.52758854199783,v,1,0.4680740000039805,None,,,,,p3,001,2025-09-30_16h31.34.028,untitled,,2025.1.1,119.96107264275199,2025-09-30 16h31.48.791767 +0530,
50,c,146,2,36,c,1,0.4881692499911878,None,36,2,146,2,,,,,361.53698249999434,,361.52817533299094,361.53698249999434,362.5274455829931,362.5274455829931,362.5274455829931,362.5274455829931,362.5440130420029,363.5263412499917,363.5263412499917,364.01769604199217,c,1,0.4881692499911878,None,,,,,p3,001,2025-09-30_16h31.34.028,untitled,,2025.1.1,119.96107264275199,2025-09-30 16h31.48.791767 +0530,
-150,z,147,3,36,z,1,0.4235456669994164,None,36,3,147,3,,,,,364.02670804198715,,364.0182367079833,364.02670804198715,365.0174745830009,365.0174745830009,365.0174745830009,365.0174745830009,365.0174745830009,366.01904358298634,366.01904358298634,366.4443599169899,z,1,0.4235456669994164,None,,,,,p3,001,2025-09-30_16h31.34.028,untitled,,2025.1.1,119.96107264275199,2025-09-30 16h31.48.791767 +0530,
-50,x,148,0,37,x,1,0.942418541002553,None,37,0,148,0,,,,,366.4540609169926,,366.44487733297865,366.4540609169926,367.44320249999873,367.44320249999873,367.44320249999873,367.44320249999873,367.45000658297795,368.44313941698056,368.44313941698056,369.3956205419963,x,1,0.942418541002553,None,,,,,p3,001,2025-09-30_16h31.34.028,untitled,,2025.1.1,119.96107264275199,2025-09-30 16h31.48.791767 +0530,
150,v,149,1,37,v,1,0.45897775000776164,None,37,1,149,1,,,,,369.40599466700223,,369.39619762499933,369.40599466700223,370.3932560829853,370.3932560829853,370.3932560829853,370.3932560829853,370.4012612919905,371.41056629200466,371.41056629200466,371.87763137498405,v,1,0.45897775000776164,None,,,,,p3,001,2025-09-30_16h31.34.028,untitled,,2025.1.1,119.96107264275199,2025-09-30 16h31.48.791767 +0530,
50,c,150,2,37,c,1,0.431842374993721,None,37,2,150,2,,,,,371.8867610830057,,371.8780667499814,371.8867610830057,372.86785345798125,372.86785345798125,372.86785345798125,372.86785345798125,372.88369245798094,373.86823237498174,373.86823237498174,374.3025469580025,c,1,0.431842374993721,None,,,,,p3,001,2025-09-30_16h31.34.028,untitled,,2025.1.1,119.96107264275199,2025-09-30 16h31.48.791767 +0530,
-150,z,151,3,37,z,1,0.3637076249870006,None,37,3,151,3,,,,,374.31214841699693,,374.30309629198746,374.31214841699693,375.3008359579835,375.3008359579835,375.3008359579835,375.3008359579835,375.30993608298013,376.30180608297815,376.30180608297815,376.6684345829999,z,1,0.3637076249870006,None,,,,,p3,001,2025-09-30_16h31.34.028,untitled,,2025.1.1,119.96107264275199,2025-09-30 16h31.48.791767 +0530,
-50,x,152,0,38,x,1,0.948380834015552,None,38,0,152,0,,,,,376.6787944579846,,376.6689442920033,376.6787944579846,377.6679530419933,377.6679530419933,377.6679530419933,377.6679530419933,377.67676883298554,378.66724279199843,378.66724279199843,379.61946170800366,x,1,0.948380834015552,None,,,,,p3,001,2025-09-30_16h31.34.028,untitled,,2025.1.1,119.96107264275199,2025-09-30 16h31.48.791767 +0530,
150,v,153,1,38,v,1,0.39432116600801237,None,38,1,153,1,,,,,379.6294093329925,,379.6200162919995,379.6294093329925,380.6181016670016,380.6181016670016,380.6181016670016,380.6181016670016,380.6266549580032,381.6172523749992,381.6172523749992,382.0182536249922,v,1,0.39432116600801237,None,,,,,p3,001,2025-09-30_16h31.34.028,untitled,,2025.1.1,119.96107264275199,2025-09-30 16h31.48.791767 +0530,
50,c,154,2,38,c,1,0.35502187500242144,None,38,2,154,2,,,,,382.02764349998324,,382.0187523329805,382.02764349998324,383.0178543329821,383.0178543329821,383.0178543329821,383.0178543329821,383.0178543329821,384.010657249979,384.010657249979,384.37951387499925,c,1,0.35502187500242144,None,,,,,p3,001,2025-09-30_16h31.34.028,untitled,,2025.1.1,119.96107264275199,2025-09-30 16h31.48.791767 +0530,
-150,z,155,3,38,z,1,0.5891962080204394,None,38,3,155,3,,,,,384.3908124169975,,384.3802152919816,384.3908124169975,385.3769416669966,385.3769416669966,385.3769416669966,385.3769416669966,385.3835360420053,386.39425012498396,386.39425012498396,386.98516499999096,z,1,0.5891962080204394,None,,,,,p3,001,2025-09-30_16h31.34.028,untitled,,2025.1.1,119.96107264275199,2025-09-30 16h31.48.791767 +0530,
-50,x,156,0,39,x,1,0.3544594999984838,None,39,0,156,0,,,,,387.01113487497787,,386.98569320800016,387.01113487497787,387.98444954198203,387.98444954198203,387.98444954198203,387.98444954198203,387.99982141700457,388.97720908297924,388.97720908297924,389.33503824999207,x,1,0.3544594999984838,None,,,,,p3,001,2025-09-30_16h31.34.028,untitled,,2025.1.1,119.96107264275199,2025-09-30 16h31.48.791767 +0530,
150,v,157,1,39,v,1,0.3412972499791067,None,39,1,157,1,,,,,389.3606185419776,,389.3355761669809,389.3606185419776,390.32775008300086,390.32775008300086,390.32775008300086,390.32775008300086,390.35197308298666,391.334282374999,391.334282374999,391.67837779200636,v,1,0.3412972499791067,None,,,,,p3,001,2025-09-30_16h31.34.028,untitled,,2025.1.1,119.96107264275199,2025-09-30 16h31.48.791767 +0530,
50,c,158,2,39,c,1,0.3794530410086736,None,39,2,158,2,,,,,391.68755716699525,,391.6788934999786,391.68755716699525,392.6777929170057,392.6777929170057,392.6777929170057,392.6777929170057,392.6855534169881,393.6771582499787,393.6771582499787,394.06310787500115,c,1,0.3794530410086736,None,,,,,p3,001,2025-09-30_16h31.34.028,untitled,,2025.1.1,119.96107264275199,2025-09-30 16h31.48.791767 +0530,
-150,z,159,3,39,z,1,0.35523383400868624,None,39,3,159,3,,,,,394.0747854579822,,394.063893707993,394.0747854579822,395.0604564170062,395.0604564170062,395.0604564170062,395.0604564170062,395.06803783299983,396.0604769169877,396.0604769169877,396.4187072920031,z,1,0.35523383400868624,None,,,,,p3,001,2025-09-30_16h31.34.028,untitled,,2025.1.1,119.96107264275199,2025-09-30 16h31.48.791767 +0530,
-50,x,160,0,40,x,1,0.4614481249882374,None,40,0,160,0,,,,,396.44415008299984,,396.41922308297944,396.44415008299984,397.41827774999547,397.41827774999547,397.41827774999547,397.41827774999547,397.43475279200356,398.41122995800106,398.41122995800106,398.87850175000494,x,1,0.4614481249882374,None,,,,,p3,001,2025-09-30_16h31.34.028,untitled,,2025.1.1,119.96107264275199,2025-09-30 16h31.48.791767 +0530,
150,v,161,1,40,v,1,0.2541257920092903,None,40,1,161,1,,,,,398.8881168329972,,398.8790473330009,398.8881168329972,399.87724491700646,399.87724491700646,399.87724491700646,399.87724491700646,399.88379745799466,400.8775349999778,400.8775349999778,401.1362374169985,v,1,0.2541257920092903,None,,,,,p3,001,2025-09-30_16h31.34.028,untitled,,2025.1.1,119.96107264275199,2025-09-30 16h31.48.791767 +0530,
50,c,162,2,40,c,1,0.3680728340114001,None,40,2,162,2,,,,,401.1467835420044,,401.13681554200593,401.1467835420044,402.1357723749825,402.1357723749825,402.1357723749825,402.1357723749825,402.16121537500294,403.14449824998155,403.14449824998155,403.51389691699296,c,1,0.3680728340114001,None,,,,,p3,001,2025-09-30_16h31.34.028,untitled,,2025.1.1,119.96107264275199,2025-09-30 16h31.48.791767 +0530,
-150,z,163,3,40,z,1,0.4286589580005966,None,40,3,163,3,,,,,403.52758616697975,,403.51432883300004,403.52758616697975,404.5283338330046,404.5283338330046,404.5283338330046,404.5283338330046,404.5283338330046,405.5110407079919,405.5110407079919,405.9631496249931,z,1,0.4286589580005966,None,,,,,p3,001,2025-09-30_16h31.34.028,untitled,,2025.1.1,119.96107264275199,2025-09-30 16h31.48.791767 +0530,
-50,x,164,0,41,x,1,0.421053791011218,None,41,0,164,0,,,,,405.977345124993,,405.9639704999863,405.977345124993,406.9621130419837,406.9621130419837,406.9621130419837,406.9621130419837,406.9691807499912,407.9705819579831,407.9705819579831,408.3957510420005,x,1,0.421053791011218,None,,,,,p3,001,2025-09-30_16h31.34.028,untitled,,2025.1.1,119.96107264275199,2025-09-30 16h31.48.791767 +0530,
150,v,165,1,41,v,1,0.41095979197416455,None,41,1,165,1,,,,,408.4061389169947,,408.39633862499613,408.4061389169947,409.39449916698504,409.39449916698504,409.39449916698504,409.39449916698504,409.4014556669863,410.39478191698436,410.39478191698436,410.8119324579893,v,1,0.41095979197416455,None,,,,,p3,001,2025-09-30_16h31.34.028,untitled,,2025.1.1,119.96107264275199,2025-09-30 16h31.48.791767 +0530,
50,c,166,2,41,c,1,0.30508641700726,None,41,2,166,2,,,,,410.82039508299204,,410.81237216698355,410.82039508299204,411.80479162497795,411.80479162497795,411.80479162497795,411.80479162497795,411.81325783298234,412.80265979198157,412.80265979198157,413.11208566700225,c,1,0.30508641700726,None,,,,,p3,001,2025-09-30_16h31.34.028,untitled,,2025.1.1,119.96107264275199,2025-09-30 16h31.48.791767 +0530,
-150,z,167,3,41,z,1,0.5658836670045275,None,41,3,167,3,,,,,413.1213650830032,,413.11260449999827,413.1213650830032,414.11094470799435,414.11094470799435,414.11094470799435,414.11094470799435,414.1184982919949,415.11096525000175,415.11096525000175,415.67931783298263,z,1,0.5658836670045275,None,,,,,p3,001,2025-09-30_16h31.34.028,untitled,,2025.1.1,119.96107264275199,2025-09-30 16h31.48.791767 +0530,
-50,x,168,0,42,x,1,0.35361316698254086,None,42,0,168,0,,,,,415.6895378329791,,415.67988012498245,415.6895378329791,416.67881625000155,416.67881625000155,416.67881625000155,416.67881625000155,416.69531429198105,417.687117458001,417.687117458001,418.0456800419779,x,1,0.35361316698254086,None,,,,,p3,001,2025-09-30_16h31.34.028,untitled,,2025.1.1,119.96107264275199,2025-09-30 16h31.48.791767 +0530,
150,v,169,1,42,v,1,0.49850345801678486,None,42,1,169,1,,,,,418.0557086250046,,418.04623012497905,418.0557086250046,419.04468233298394,419.04468233298394,419.04468233298394,419.04468233298394,419.0521529580001,420.0372671249788,420.0372671249788,420.5458188749908,v,1,0.49850345801678486,None,,,,,p3,001,2025-09-30_16h31.34.028,untitled,,2025.1.1,119.96107264275199,2025-09-30 16h31.48.791767 +0530,
50,c,170,2,42,c,1,0.6076023339992389,None,42,2,170,2,,,,,420.5554369580059,,420.5463619999937,420.5554369580059,421.5455543329881,421.5455543329881,421.5455543329881,421.5455543329881,421.5622540829936,422.5620538329822,422.5620538329822,423.1789093329862,c,1,0.6076023339992389,None,,,,,p3,001,2025-09-30_16h31.34.028,untitled,,2025.1.1,119.96107264275199,2025-09-30 16h31.48.791767 +0530,
-150,z,171,3,42,z,1,0.4549383329867851,None,42,3,171,3,,,,,423.1882347499777,,423.17934470798355,423.1882347499777,424.1688087079965,424.1688087079965,424.1688087079965,424.1688087079965,424.18529716698686,425.17788370800554,425.17788370800554,425.6360126249783,z,1,0.4549383329867851,None,,,,,p3,001,2025-09-30_16h31.34.028,untitled,,2025.1.1,119.96107264275199,2025-09-30 16h31.48.791767 +0530,
-50,x,172,0,43,x,1,0.41096037498209625,None,43,0,172,0,,,,,425.6614218329778,,425.63657595799305,425.6614218329778,426.6281645419949,426.6281645419949,426.6281645419949,426.6281645419949,426.6511030419788,427.63585816699197,427.63585816699197,428.063769957982,x,1,0.41096037498209625,None,,,,,p3,001,2025-09-30_16h31.34.028,untitled,,2025.1.1,119.96107264275199,2025-09-30 16h31.48.791767 +0530,
150,v,173,1,43,v,1,0.2936824170174077,None,43,1,173,1,,,,,428.0778840419953,,428.0643691669975,428.0778840419953,429.07863958299276,429.07863958299276,429.07863958299276,429.07863958299276,429.09556545800297,430.0619993750006,430.0619993750006,430.36422024999047,v,1,0.2936824170174077,None,,,,,p3,001,2025-09-30_16h31.34.028,untitled,,2025.1.1,119.96107264275199,2025-09-30 16h31.48.791767 +0530,
50,c,174,2,43,c,1,0.4410114169877488,None,43,2,174,2,,,,,430.3740394579945,,430.36477449999074,430.3740394579945,431.361524042004,431.361524042004,431.361524042004,431.361524042004,431.36842320798314,432.36184412500006,432.36184412500006,432.81286287499825,c,1,0.4410114169877488,None,,,,,p3,001,2025-09-30_16h31.34.028,untitled,,2025.1.1,119.96107264275199,2025-09-30 16h31.48.791767 +0530,
-150,z,175,3,43,z,1,1.0894045830063988,None,43,3,175,3,,,,,432.8229031249939,,432.81360216697794,432.8229031249939,433.8120113329787,433.8120113329787,433.8120113329787,433.8120113329787,433.8188837500056,434.811463207996,434.811463207996,435.91380554198986,z,1,1.0894045830063988,None,,,,,p3,001,2025-09-30_16h31.34.028,untitled,,2025.1.1,119.96107264275199,2025-09-30 16h31.48.791767 +0530,
-50,x,176,0,44,x,1,0.8771778330265079,None,44,0,176,0,,,,,435.9282884999993,,435.914488541981,435.9282884999993,436.9117157080036,436.9117157080036,436.9117157080036,436.9117157080036,436.9202381669893,437.9115162919916,437.9115162919916,438.7961391249846,x,1,0.8771778330265079,None,,,,,p3,001,2025-09-30_16h31.34.028,untitled,,2025.1.1,119.96107264275199,2025-09-30 16h31.48.791767 +0530,
150,v,177,1,44,v,1,0.21156320799491368,None,44,1,177,1,,,,,438.80532679200405,,438.79667874998995,438.80532679200405,439.795355499984,439.795355499984,439.795355499984,439.795355499984,439.8125335829973,440.78719099998125,440.78719099998125,441.002619707986,v,1,0.21156320799491368,None,,,,,p3,001,2025-09-30_16h31.34.028,untitled,,2025.1.1,119.96107264275199,2025-09-30 16h31.48.791767 +0530,
50,c,178,2,44,c,1,0.33528408300480805,None,44,2,178,2,,,,,441.02920704198186,,441.00315666699316,441.02920704198186,441.9951921669999,441.9951921669999,441.9951921669999,441.9951921669999,442.0282450829982,442.9954704999982,442.9954704999982,443.34769291698467,c,1,0.33528408300480805,None,,,,,p3,001,2025-09-30_16h31.34.028,untitled,,2025.1.1,119.96107264275199,2025-09-30 16h31.48.791767 +0530,
-150,z,179,3,44,z,1,0.27543429197976366,None,44,3,179,3,,,,,443.3594692919869,,443.3484048329992,443.3594692919869,444.36279645797913,444.36279645797913,444.36279645797913,444.36279645797913,444.36279645797913,445.36249199998565,445.36249199998565,445.6476891670027,z,1,0.27543429197976366,None,,,,,p3,001,2025-09-30_16h31.34.028,untitled,,2025.1.1,119.96107264275199,2025-09-30 16h31.48.791767 +0530,
-50,x,180,0,45,x,1,0.3086639999819454,None,45,0,180,0,,,,,445.65897525000037,,445.6483712079935,445.65897525000037,446.64506554199033,446.64506554199033,446.64506554199033,446.64506554199033,446.6523491249827,447.66220508300466,447.66220508300466,447.9972746249987,x,1,0.3086639999819454,None,,,,,p3,001,2025-09-30_16h31.34.028,untitled,,2025.1.1,119.96107264275199,2025-09-30 16h31.48.791767 +0530,
150,v,181,1,45,v,1,0.4123266250244342,None,45,1,181,1,,,,,448.0116962920001,,447.9979740419949,448.0116962920001,448.9961505419924,448.9961505419924,448.9961505419924,448.9961505419924,449.00332379198517,449.9956602919847,449.9956602919847,450.4128296249837,v,1,0.4123266250244342,None,,,,,p3,001,2025-09-30_16h31.34.028,untitled,,2025.1.1,119.96107264275199,2025-09-30 16h31.48.791767 +0530,
50,c,182,2,45,c,1,0.3282822499750182,None,45,2,182,2,,,,,450.4189288329799,,450.4132642079785,450.4189288329799,451.4035219170037,451.4035219170037,451.4035219170037,451.4035219170037,451.42893674998777,452.40259541699197,452.40259541699197,452.73685012498754,c,1,0.3282822499750182,None,,,,,p3,001,2025-09-30_16h31.34.028,untitled,,2025.1.1,119.96107264275199,2025-09-30 16h31.48.791767 +0530,
-150,z,183,3,45,z,1,0.40917529197758995,None,45,3,183,3,,,,,452.76212958298856,,452.7372831669927,452.76212958298856,453.73730866698315,453.73730866698315,453.73730866698315,453.73730866698315,453.7796913750062,454.7387903750059,454.7387903750059,455.1535045419878,z,1,0.40917529197758995,None,,,,,p3,001,2025-09-30_16h31.34.028,untitled,,2025.1.1,119.96107264275199,2025-09-30 16h31.48.791767 +0530,
-50,x,184,0,46,x,1,0.7514618750137743,None,46,0,184,0,,,,,455.1788882499968,,455.15404287498677,455.1788882499968,456.1461840419797,456.1461840419797,456.1461840419797,456.1461840419797,456.16944095797953,457.1523978750047,457.1523978750047,457.91353804199025,x,1,0.7514618750137743,None,,,,,p3,001,2025-09-30_16h31.34.028,untitled,,2025.1.1,119.96107264275199,2025-09-30 16h31.48.791767 +0530,
150,v,185,1,46,v,1,0.3799625840038061,None,46,1,185,1,,,,,457.92388824999216,,457.9141622919997,457.92388824999216,458.9122612919891,458.9122612919891,458.9122612919891,458.9122612919891,458.91888887499226,459.91190679199644,459.91190679199644,460.29686524998397,v,1,0.3799625840038061,None,,,,,p3,001,2025-09-30_16h31.34.028,untitled,,2025.1.1,119.96107264275199,2025-09-30 16h31.48.791767 +0530,
50,c,186,2,46,c,1,0.302834083995549,None,46,2,186,2,,,,,460.30623904199456,,460.2973807079834,460.30623904199456,461.31308049999643,461.31308049999643,461.31308049999643,461.31308049999643,461.31308049999643,462.2876022080018,462.2876022080018,462.59652895800536,c,1,0.302834083995549,None,,,,,p3,001,2025-09-30_16h31.34.028,untitled,,2025.1.1,119.96107264275199,2025-09-30 16h31.48.791767 +0530,
-150,z,187,3,46,z,1,0.3643716670048889,None,46,3,187,3,,,,,462.60586358298315,,462.59697916699224,462.60586358298315,463.5865094999899,463.5865094999899,463.5865094999899,463.5865094999899,463.60314795799786,464.59546979199513,464.59546979199513,464.9634091669868,z,1,0.3643716670048889,None,,,,,p3,001,2025-09-30_16h31.34.028,untitled,,2025.1.1,119.96107264275199,2025-09-30 16h31.48.791767 +0530,
-50,x,188,0,47,x,1,0.5757052920234855,None,47,0,188,0,,,,,464.97295558298356,,464.96394349998445,464.97295558298356,465.9625610829971,465.9625610829971,465.9625610829971,465.9625610829971,465.96964283299167,466.9622762920044,466.9622762920044,467.54670754200197,x,1,0.5757052920234855,None,,,,,p3,001,2025-09-30_16h31.34.028,untitled,,2025.1.1,119.96107264275199,2025-09-30 16h31.48.791767 +0530,
150,v,189,1,47,v,1,0.13068804200156592,None,47,1,189,1,,,,,467.55630654198467,,467.5472237079812,467.55630654198467,468.54579583299346,468.54579583299346,468.54579583299346,468.54579583299346,468.5528071669978,469.5455999999831,469.5455999999831,469.68049149998114,v,1,0.13068804200156592,None,,,,,p3,001,2025-09-30_16h31.34.028,untitled,,2025.1.1,119.96107264275199,2025-09-30 16h31.48.791767 +0530,
50,c,190,2,47,c,1,0.3780421249975916,None,47,2,190,2,,,,,469.6905352920003,,469.68103779200464,469.6905352920003,470.67913958299323,470.67913958299323,470.67913958299323,470.67913958299323,470.6862412079936,471.67898504200275,471.67898504200275,472.0635645419825,c,1,0.3780421249975916,None,,,,,p3,001,2025-09-30_16h31.34.028,untitled,,2025.1.1,119.96107264275199,2025-09-30 16h31.48.791767 +0530,
-150,z,191,3,47,z,1,0.4037944590090774,None,47,3,191,3,,,,,472.07273858299595,,472.06410187500296,472.07273858299595,473.06238020799356,473.06238020799356,473.06238020799356,473.06238020799356,473.0697812080034,474.0622554169968,474.0622554169968,474.4704614999937,z,1,0.4037944590090774,None,,,,,p3,001,2025-09-30_16h31.34.028,untitled,,2025.1.1,119.96107264275199,2025-09-30 16h31.48.791767 +0530,
-50,x,192,0,48,x,1,0.3710246249975171,None,48,0,192,0,,,,,474.4958967079874,,474.47098541699233,474.4958967079874,475.46283583299373,475.46283583299373,475.46283583299373,475.46283583299373,475.48551758300164,476.4628921249823,476.4628921249823,476.83712170799845,x,1,0.3710246249975171,None,,,,,p3,001,2025-09-30_16h31.34.028,untitled,,2025.1.1,119.96107264275199,2025-09-30 16h31.48.791767 +0530,
150,v,193,1,48,v,1,0.4380901249824092,None,48,1,193,1,,,,,476.84625341699575,,476.83755608298816,476.84625341699575,477.83636570800445,477.83636570800445,477.83636570800445,477.83636570800445,477.83636570800445,478.82980020798277,478.82980020798277,479.2711944579787,v,1,0.4380901249824092,None,,,,,p3,001,2025-09-30_16h31.34.028,untitled,,2025.1.1,119.96107264275199,2025-09-30 16h31.48.791767 +0530,
50,c,194,2,48,c,1,0.3911506249860395,None,48,2,194,2,,,,,479.2816128330014,,479.27174424999976,479.2816128330014,480.27084120799555,480.27084120799555,480.27084120799555,480.27084120799555,480.29645120797795,481.2796942080022,481.2796942080022,481.68040233300417,c,1,0.3911506249860395,None,,,,,p3,001,2025-09-30_16h31.34.028,untitled,,2025.1.1,119.96107264275199,2025-09-30 16h31.48.791767 +0530,
-150,z,195,3,48,z,1,0.368380584026454,None,48,3,195,3,,,,,481.6901357919851,,481.68093549998594,481.6901357919851,482.67100308299996,482.67100308299996,482.67100308299996,482.67100308299996,482.7135474579991,483.6797157499823,483.6797157499823,484.0550959169923,z,1,0.368380584026454,None,,,,,p3,001,2025-09-30_16h31.34.028,untitled,,2025.1.1,119.96107264275199,2025-09-30 16h31.48.791767 +0530,
-50,x,196,0,49,x,1,0.3455167910142336,None,49,0,196,0,,,,,484.06571158298175,,484.05562329199165,484.06571158298175,485.05476070797886,485.05476070797886,485.05476070797886,485.05476070797886,485.07993966698996,486.04547970800195,486.04547970800195,486.3978851249849,x,1,0.3455167910142336,None,,,,,p3,001,2025-09-30_16h31.34.028,untitled,,2025.1.1,119.96107264275199,2025-09-30 16h31.48.791767 +0530,
150,v,197,1,49,v,1,0.3311951250070706,None,49,1,197,1,,,,,486.40783520799596,,486.39843233299325,486.40783520799596,487.39609612498316,487.39609612498316,487.39609612498316,487.39609612498316,487.4029908749799,488.39680416698684,488.39680416698684,488.73073879198637,v,1,0.3311951250070706,None,,,,,p3,001,2025-09-30_16h31.34.028,untitled,,2025.1.1,119.96107264275199,2025-09-30 16h31.48.791767 +0530,
50,c,198,2,49,c,1,0.267079624987673,None,49,2,198,2,,,,,488.7371823749854,,488.7312762499787,488.7371823749854,489.7300986670016,489.7300986670016,489.7300986670016,489.7300986670016,489.7300986670016,490.7289265829895,490.7289265829895,491.0155732499843,c,1,0.267079624987673,None,,,,,p3,001,2025-09-30_16h31.34.028,untitled,,2025.1.1,119.96107264275199,2025-09-30 16h31.48.791767 +0530,
-150,z,199,3,49,z,1,0.3367739170207642,None,49,3,199,3,,,,,491.02995187498163,,491.0165652919968,491.02995187498163,492.01343954200274,492.01343954200274,492.01343954200274,492.01343954200274,492.020205082983,493.01316199998837,493.01316199998837,493.36555391698494,z,1,0.3367739170207642,None,,,,,p3,001,2025-09-30_16h31.34.028,untitled,,2025.1.1,119.96107264275199,2025-09-30 16h31.48.791767 +0530,
-50,x,0,0,0,x,1,0.2970737919968087,None,,,,,0,0,0,0,493.4063590419828,,493.3981160830008,493.4063590419828,494.3628836669959,494.3628836669959,494.3628836669959,494.3628836669959,494.4038090419781,495.3628894999856,495.3628894999856,495.66419824998593,,,,,x,1,0.2970737919968087,None,p3,001,2025-09-30_16h31.34.028,untitled,,2025.1.1,119.96107264275199,2025-09-30 16h31.48.791767 +0530,
50,c,1,1,0,c,1,0.8160170000046492,None,,,,,0,1,1,2,495.6704077500035,,495.664748582989,495.6704077500035,496.66311629198026,496.66311629198026,496.66311629198026,496.66311629198026,496.66311629198026,497.66296395799145,497.66296395799145,498.4986217499827,,,,,c,1,0.8160170000046492,None,p3,001,2025-09-30_16h31.34.028,untitled,,2025.1.1,119.96107264275199,2025-09-30 16h31.48.791767 +0530,
50,c,2,2,1,c,1,0.7442538329923991,None,,,,,1,2,2,2,498.51297541699023,,498.4993465000007,498.51297541699023,499.4968117499957,499.4968117499957,499.4968117499957,499.4968117499957,499.50463016697904,500.4969133749837,500.4969133749837,501.2486388749967,,,,,c,1,0.7442538329923991,None,p3,001,2025-09-30_16h31.34.028,untitled,,2025.1.1,119.96107264275199,2025-09-30 16h31.48.791767 +0530,
-150,z,3,3,0,z,1,0.3736483750108164,None,,,,,0,3,3,3,501.2630562080012,,501.24944533300004,501.2630562080012,502.24653379200026,502.24653379200026,502.24653379200026,502.24653379200026,502.2534385829931,503.24641870800406,503.24641870800406,503.6325273749826,,,,,z,1,0.3736483750108164,None,p3,001,2025-09-30_16h31.34.028,untitled,,2025.1.1,119.96107264275199,2025-09-30 16h31.48.791767 +0530,
-50,x,4,4,1,x,1,0.3718326659873128,None,,,,,1,4,4,0,503.6465359169815,,503.63315170799615,503.6465359169815,504.62980558298295,504.62980558298295,504.62980558298295,504.62980558298295,504.63619091699366,505.6303026249807,505.6303026249807,506.0053028749826,,,,,x,1,0.3718326659873128,None,p3,001,2025-09-30_16h31.34.028,untitled,,2025.1.1,119.96107264275199,2025-09-30 16h31.48.791767 +0530,
150,v,5,5,0,v,1,0.3937914999842178,None,,,,,0,5,5,1,506.01549045799766,,506.0058949170052,506.01549045799766,507.00505554198753,507.00505554198753,507.00505554198753,507.00505554198753,507.0303837499814,508.00523462498677,508.00523462498677,508.40723562499625,,,,,v,1,0.3937914999842178,None,p3,001,2025-09-30_16h31.34.028,untitled,,2025.1.1,119.96107264275199,2025-09-30 16h31.48.791767 +0530,
50,c,6,6,2,c,1,0.6872914169798605,None,,,,,2,6,6,2,508.41685729200253,,508.40780595800607,508.41685729200253,509.40442149998853,509.40442149998853,509.40442149998853,509.40442149998853,509.41322608297924,510.4307919580024,510.4307919580024,511.12158895799075,,,,,c,1,0.6872914169798605,None,p3,001,2025-09-30_16h31.34.028,untitled,,2025.1.1,119.96107264275199,2025-09-30 16h31.48.791767 +0530,
150,v,7,7,1,v,1,0.6656736670120154,None,,,,,1,7,7,1,511.1472916670027,,511.1221322079946,511.1472916670027,512.1141459579812,512.1141459579812,512.1141459579812,512.1141459579812,512.1377332919801,513.1204060000018,513.1204060000018,513.7889353749924,,,,,v,1,0.6656736670120154,None,p3,001,2025-09-30_16h31.34.028,untitled,,2025.1.1,119.96107264275199,2025-09-30 16h31.48.791767 +0530,
50,c,8,8,3,c,1,0.7771955420030281,None,,,,,3,8,8,2,513.7994957499905,,513.7894802079827,513.7994957499905,514.7886722919939,514.7886722919939,514.7886722919939,514.7886722919939,514.8139033750049,515.7879305829993,515.7879305829993,516.5733897500031,,,,,c,1,0.7771955420030281,None,p3,001,2025-09-30_16h31.34.028,untitled,,2025.1.1,119.96107264275199,2025-09-30 16h31.48.791767 +0530,
50,c,9,9,4,c,1,0.483834915998159,None,,,,,4,9,9,2,516.5831776249979,,516.5739667080052,516.5831776249979,517.5711926249787,517.5711926249787,517.5711926249787,517.5711926249787,517.5802373749902,518.5712047079869,518.5712047079869,519.0649540000013,,,,,c,1,0.483834915998159,None,p3,001,2025-09-30_16h31.34.028,untitled,,2025.1.1,119.96107264275199,2025-09-30 16h31.48.791767 +0530,
-50,x,10,10,2,x,1,0.49855741701321676,None,,,,,2,10,10,0,519.0754439169832,,519.0655761669914,519.0754439169832,520.0636972920038,520.0636972920038,520.0636972920038,520.0636972920038,520.0708191669837,521.0635297919798,521.0635297919798,521.564838708,,,,,x,1,0.49855741701321676,None,p3,001,2025-09-30_16h31.34.028,untitled,,2025.1.1,119.96107264275199,2025-09-30 16h31.48.791767 +0530,
-150,z,11,11,1,z,1,0.5660967500007246,None,,,,,1,11,11,3,521.574265082978,,521.5654021670052,521.574265082978,522.5639310829865,522.5639310829865,522.5639310829865,522.5639310829865,522.571531249996,523.5641122919915,523.5641122919915,524.1383141249826,,,,,z,1,0.5660967500007246,None,p3,001,2025-09-30_16h31.34.028,untitled,,2025.1.1,119.96107264275199,2025-09-30 16h31.48.791767 +0530,
-150,z,12,12,2,z,1,0.5232030419865623,None,,,,,2,12,12,3,524.1638572079828,,524.1389552920009,524.1638572079828,525.1378872919886,525.1378872919886,525.1378872919886,525.1378872919886,525.1538795829983,526.1478405419912,526.1478405419912,526.6815966669819,,,,,z,1,0.5232030419865623,None,p3,001,2025-09-30_16h31.34.028,untitled,,2025.1.1,119.96107264275199,2025-09-30 16h31.48.791767 +0530,
50,c,13,13,5,c,1,0.5838636250118725,None,,,,,5,13,13,2,526.6909167080012,,526.6821494579781,526.6909167080012,527.6978335829917,527.6978335829917,527.6978335829917,527.6978335829917,527.6978335829917,528.6813262499927,528.6813262499927,529.2721640829986,,,,,c,1,0.5838636250118725,None,p3,001,2025-09-30_16h31.34.028,untitled,,2025.1.1,119.96107264275199,2025-09-30 16h31.48.791767 +0530,
150,v,14,14,2,v,1,0.5917662080028094,None,,,,,2,14,14,1,529.2977129170031,,529.2727823749883,529.2977129170031,530.2813256669906,530.2813256669906,530.2813256669906,530.2813256669906,530.2887710419891,531.2643712499994,531.2643712499994,531.865192792,,,,,v,1,0.5917662080028094,None,p3,001,2025-09-30_16h31.34.028,untitled,,2025.1.1,119.96107264275199,2025-09-30 16h31.48.791767 +0530,
-150,z,15,15,3,z,1,0.32049379200907424,None,,,,,3,15,15,3,531.874859582982,,531.8657690419932,531.874859582982,532.8644127080042,532.8644127080042,532.8644127080042,532.8644127080042,532.8714373749972,533.8638355419971,533.8638355419971,534.1888308329799,,,,,z,1,0.32049379200907424,None,p3,001,2025-09-30_16h31.34.028,untitled,,2025.1.1,119.96107264275199,2025-09-30 16h31.48.791767 +0530,
50,c,16,16,6,c,1,0.5331759590189904,None,,,,,6,16,16,2,534.2145369169884,,534.1893953749968,534.2145369169884,535.1813142919855,535.1813142919855,535.1813142919855,535.1813142919855,535.2046520829899,536.1810143750045,536.1810143750045,536.7227217920008,,,,,c,1,0.5331759590189904,None,p3,001,2025-09-30_16h31.34.028,untitled,,2025.1.1,119.96107264275199,2025-09-30 16h31.48.791767 +0530,
-150,z,17,17,4,z,1,0.5073456669924781,None,,,,,4,17,17,3,536.7333993329958,,536.7233360419923,536.7333993329958,537.721718707995,537.721718707995,537.721718707995,537.721718707995,537.7307219579816,538.7317156250065,538.7317156250065,539.2490187920048,,,,,z,1,0.5073456669924781,None,p3,001,2025-09-30_16h31.34.028,untitled,,2025.1.1,119.96107264275199,2025-09-30 16h31.48.791767 +0530,
50,c,18,18,7,c,1,0.44093116698786616,None,,,,,7,18,18,2,539.2592297079973,,539.2496113749803,539.2592297079973,540.2473059170006,540.2473059170006,540.2473059170006,540.2473059170006,540.2541404579824,541.2472679170023,541.2472679170023,541.6911807500001,,,,,c,1,0.44093116698786616,None,p3,001,2025-09-30_16h31.34.028,untitled,,2025.1.1,119.96107264275199,2025-09-30 16h31.48.791767 +0530,
150,v,19,19,3,v,1,0.6466448749997653,None,,,,,3,19,19,1,541.7011987500009,,541.6917576669948,541.7011987500009,542.6884777079977,542.6884777079977,542.6884777079977,542.6884777079977,542.6974705419852,543.6886054999777,543.6886054999777,544.3500059169892,,,,,v,1,0.6466448749997653,None,p3,001,2025-09-30_16h31.34.028,untitled,,2025.1.1,119.96107264275199,2025-09-30 16h31.48.791767 +0530,
-50,x,20,20,3,x,1,0.6227700420131441,None,,,,,3,20,20,0,544.3614902079862,,544.3507057079987,544.3614902079862,545.3475511249853,545.3475511249853,545.3475511249853,545.3475511249853,545.3546043329989,546.3474818329851,546.3474818329851,546.9723763749935,,,,,x,1,0.6227700420131441,None,p3,001,2025-09-30_16h31.34.028,untitled,,2025.1.1,119.96107264275199,2025-09-30 16h31.48.791767 +0530,
-50,x,21,21,4,x,1,0.4819795420044102,None,,,,,4,21,21,0,546.9808404170035,,546.9729211249796,546.9808404170035,547.9718974579882,547.9718974579882,547.9718974579882,547.9718974579882,547.9718974579882,548.9642195829947,548.9642195829947,549.4486884999787,,,,,x,1,0.4819795420044102,None,p3,001,2025-09-30_16h31.34.028,untitled,,2025.1.1,119.96107264275199,2025-09-30 16h31.48.791767 +0530,
-50,x,22,22,5,x,1,0.3618467499909457,None,,,,,5,22,22,0,549.4583716669877,,549.4492086249811,549.4583716669877,550.4482710000011,550.4482710000011,550.4482710000011,550.4482710000011,550.4553282079869,551.4649846669927,551.4649846669927,551.8322017919854,,,,,x,1,0.3618467499909457,None,p3,001,2025-09-30_16h31.34.028,untitled,,2025.1.1,119.96107264275199,2025-09-30 16h31.48.791767 +0530,
-150,z,23,23,5,z,1,0.46894045898807235,None,,,,,5,23,23,3,551.841981125006,,551.832765500003,551.841981125006,552.8310415419983,552.8310415419983,552.8310415419983,552.8310415419983,552.8383784579928,553.8304506249842,553.8304506249842,554.3056742500048,,,,,z,1,0.46894045898807235,None,p3,001,2025-09-30_16h31.34.028,untitled,,2025.1.1,119.96107264275199,2025-09-30 16h31.48.791767 +0530,
150,v,24,24,4,v,1,0.566507665993413,None,,,,,4,24,24,1,554.3152908329794,,554.306218999991,554.3152908329794,555.2977915419906,555.2977915419906,555.2977915419906,555.2977915419906,555.3049814169935,556.2977933749789,556.2977933749789,556.8656807499938,,,,,v,1,0.566507665993413,None,p3,001,2025-09-30_16h31.34.028,untitled,,2025.1.1,119.96107264275199,2025-09-30 16h31.48.791767 +0530,
-150,z,25,25,6,z,1,0.3736869169806596,None,,,,,6,25,25,3,556.8717024170037,,556.8662215829827,556.8717024170037,557.8645867499872,557.8645867499872,557.8645867499872,557.8645867499872,557.8645867499872,558.8645143749891,558.8645143749891,559.2490748749988,,,,,z,1,0.3736869169806596,None,p3,001,2025-09-30_16h31.34.028,untitled,,2025.1.1,119.96107264275199,2025-09-30 16h31.48.791767 +0530,
-50,x,26,26,6,x,1,0.6806069579906762,None,,,,,6,26,26,0,559.2586620829825,,559.2496030420007,559.2586620829825,560.2482931249833,560.2482931249833,560.2482931249833,560.2482931249833,560.2556178329978,561.247744332999,561.247744332999,561.9325696669985,,,,,x,1,0.6806069579906762,None,p3,001,2025-09-30_16h31.34.028,untitled,,2025.1.1,119.96107264275199,2025-09-30 16h31.48.791767 +0530,
150,v,27,27,5,v,1,0.5301009170070756,None,,,,,5,27,27,1,561.9424707079888,,561.9331290419796,561.9424707079888,562.9317832079832,562.9317832079832,562.9317832079832,562.9317832079832,562.9385919999913,563.9311948749819,563.9311948749819,564.4654421669838,,,,,v,1,0.5301009170070756,None,p3,001,2025-09-30_16h31.34.028,untitled,,2025.1.1,119.96107264275199,2025-09-30 16h31.48.791767 +0530,
-150,z,28,28,7,z,1,0.3648651669791434,None,,,,,7,28,28,3,564.4715370829799,,564.4659801670059,564.4715370829799,565.4557005829993,565.4557005829993,565.4557005829993,565.4557005829993,565.4645173749886,566.4565530830005,566.4565530830005,566.8237309579854,,,,,z,1,0.3648651669791434,None,p3,001,2025-09-30_16h31.34.028,untitled,,2025.1.1,119.96107264275199,2025-09-30 16h31.48.791767 +0530,
-150,z,29,29,8,z,1,0.6112867080082651,None,,,,,8,29,29,3,566.8484662499977,,566.8242504999798,566.8484662499977,567.8226275829948,567.8226275829948,567.8226275829948,567.8226275829948,567.86556895799,568.822958832985,568.822958832985,569.4397658749949,,,,,z,1,0.6112867080082651,None,p3,001,2025-09-30_16h31.34.028,untitled,,2025.1.1,119.96107264275199,2025-09-30 16h31.48.791767 +0530,
150,v,30,30,6,v,1,0.6055474169843365,None,,,,,6,30,30,1,569.4656146669877,,569.4402839169779,569.4656146669877,570.4320537919994,570.4320537919994,570.4320537919994,570.4320537919994,570.4822576250008,571.4408411250042,571.4408411250042,572.0492368330015,,,,,v,1,0.6055474169843365,None,p3,001,2025-09-30_16h31.34.028,untitled,,2025.1.1,119.96107264275199,2025-09-30 16h31.48.791767 +0530,
150,v,31,31,7,v,1,1.0880512500007171,None,,,,,7,31,31,1,572.0573229579895,,572.0497322919837,572.0573229579895,573.0484332919877,573.0484332919877,573.0484332919877,573.0484332919877,573.0556070829916,574.0402440000034,574.0402440000034,575.132906999992,,,,,v,1,1.0880512500007171,None,p3,001,2025-09-30_16h31.34.028,untitled,,2025.1.1,119.96107264275199,2025-09-30 16h31.48.791767 +0530,
-50,x,32,32,7,x,1,1.295976833003806,None,,,,,7,32,32,0,575.1428580000065,,575.1335165829805,575.1428580000065,576.1487344579946,576.1487344579946,576.1487344579946,576.1487344579946,576.1655839580053,577.1315777919954,577.1315777919954,578.4329173750011,,,,,x,1,1.295976833003806,None,p3,001,2025-09-30_16h31.34.028,untitled,,2025.1.1,119.96107264275199,2025-09-30 16h31.48.791767 +0530,
50,c,33,33,8,c,1,0.8858020409825258,None,,,,,8,33,33,2,578.442590791994,,578.4335078749864,578.442590791994,579.4320956669981,579.4320956669981,579.4320956669981,579.4320956669981,579.4390349999885,580.4325644999917,580.4325644999917,581.3230602499971,,,,,c,1,0.8858020409825258,None,p3,001,2025-09-30_16h31.34.028,untitled,,2025.1.1,119.96107264275199,2025-09-30 16h31.48.791767 +0530,
50,c,34,34,9,c,1,0.7756500830000732,None,,,,,9,34,34,2,581.3491078329971,,581.323629999999,581.3491078329971,582.3230237919779,582.3230237919779,582.3230237919779,582.3230237919779,582.3395641249954,583.3326389169961,583.3326389169961,584.1172404999961,,,,,c,1,0.7756500830000732,None,p3,001,2025-09-30_16h31.34.028,untitled,,2025.1.1,119.96107264275199,2025-09-30 16h31.48.791767 +0530,
50,c,35,35,10,c,1,0.5186501249845605,None,,,,,10,35,35,2,584.1264446249988,,584.1177205829881,584.1264446249988,585.1163579580025,585.1163579580025,585.1163579580025,585.1163579580025,585.1327560420032,586.1167682920059,586.1167682920059,586.6411734169815,,,,,c,1,0.5186501249845605,None,p3,001,2025-09-30_16h31.34.028,untitled,,2025.1.1,119.96107264275199,2025-09-30 16h31.48.791767 +0530,
-150,z,36,36,9,z,1,0.58117374998983,None,,,,,9,36,36,3,586.6518405829847,,586.6418502079905,586.6518405829847,587.6492520419997,587.6492520419997,587.6492520419997,587.6492520419997,587.6559639579791,588.6421887079778,588.6421887079778,589.2249842500023,,,,,z,1,0.58117374998983,None,p3,001,2025-09-30_16h31.34.028,untitled,,2025.1.1,119.96107264275199,2025-09-30 16h31.48.791767 +0530,
-150,z,37,37,10,z,1,0.6183858329895884,None,,,,,10,37,37,3,589.2350043329934,,589.2255727500014,589.2350043329934,590.2236119169975,590.2236119169975,590.2236119169975,590.2236119169975,590.2489589999896,591.2249722919951,591.2249722919951,591.8497510419984,,,,,z,1,0.6183858329895884,None,p3,001,2025-09-30_16h31.34.028,untitled,,2025.1.1,119.96107264275199,2025-09-30 16h31.48.791767 +0530,
150,v,38,38,8,v,1,1.0134703749790788,None,,,,,8,38,38,1,591.8589762919873,,591.8502336670063,591.8589762919873,592.849289374979,592.849289374979,592.849289374979,592.849289374979,592.856079249992,593.8658727080037,593.8658727080037,594.8834174579824,,,,,v,1,1.0134703749790788,None,p3,001,2025-09-30_16h31.34.028,untitled,,2025.1.1,119.96107264275199,2025-09-30 16h31.48.791767 +0530,
-50,x,39,39,8,x,1,1.0826263330236543,None,,,,,8,39,39,0,594.8927933329833,,594.8839866250055,594.8927933329833,595.8822777080059,595.8822777080059,595.8822777080059,595.8822777080059,595.8904912080034,596.8827646669815,596.8827646669815,597.9735321250046,,,,,x,1,1.0826263330236543,None,p3,001,2025-09-30_16h31.34.028,untitled,,2025.1.1,119.96107264275199,2025-09-30 16h31.48.791767 +0530,
50,c,40,40,11,c,1,0.7060297499992885,None,,,,,11,40,40,2,597.9854452500003,,597.9740989579877,597.9854452500003,598.9731548749842,598.9731548749842,598.9731548749842,598.9731548749842,598.981942457991,599.9654485420033,599.9654485420033,600.6751940419781,,,,,c,1,0.7060297499992885,None,p3,001,2025-09-30_16h31.34.028,untitled,,2025.1.1,119.96107264275199,2025-09-30 16h31.48.791767 +0530,
50,c,41,41,12,c,1,0.6788362090010196,None,,,,,12,41,41,2,600.684831541992,,600.6757010000001,600.684831541992,601.6744844579953,601.6744844579953,601.6744844579953,601.6744844579953,601.6994229579868,602.6726130000025,602.6726130000025,603.3581800419779,,,,,c,1,0.6788362090010196,None,p3,001,2025-09-30_16h31.34.028,untitled,,2025.1.1,119.96107264275199,2025-09-30 16h31.48.791767 +0530,
-50,x,42,42,9,x,1,0.512920542008942,None,,,,,9,42,42,0,603.3684006249823,,603.3587362919934,603.3684006249823,604.3665558749926,604.3665558749926,604.3665558749926,604.3665558749926,604.3735892080003,605.3564804579946,605.3564804579946,605.8735410829831,,,,,x,1,0.512920542008942,None,p3,001,2025-09-30_16h31.34.028,untitled,,2025.1.1,119.96107264275199,2025-09-30 16h31.48.791767 +0530,
50,c,43,43,13,c,1,0.720838957990054,None,,,,,13,43,43,2,605.8831273329852,,605.8740314999886,605.8831273329852,606.8733567080053,606.8733567080053,606.8733567080053,606.8733567080053,606.8733567080053,607.8655941250036,607.8655941250036,608.6012251249922,,,,,c,1,0.720838957990054,None,p3,001,2025-09-30_16h31.34.028,untitled,,2025.1.1,119.96107264275199,2025-09-30 16h31.48.791767 +0530,
50,c,44,44,14,c,1,0.3991250839899294,None,,,,,14,44,44,2,608.6156365420029,,608.601947291987,608.6156365420029,609.5990215000056,609.5990215000056,609.5990215000056,609.5990215000056,609.6054954169958,610.5994836250029,610.5994836250029,611.0003606249811,,,,,c,1,0.3991250839899294,None,p3,001,2025-09-30_16h31.34.028,untitled,,2025.1.1,119.96107264275199,2025-09-30 16h31.48.791767 +0530,
-50,x,45,45,10,x,1,0.7895348749880213,None,,,,,10,45,45,0,611.0101212080044,,611.0009473329992,611.0101212080044,611.9993695830053,611.9993695830053,611.9993695830053,611.9993695830053,612.0068473749852,612.9998180419789,612.9998180419789,613.8011967919883,,,,,x,1,0.7895348749880213,None,p3,001,2025-09-30_16h31.34.028,untitled,,2025.1.1,119.96107264275199,2025-09-30 16h31.48.791767 +0530,
150,v,46,46,9,v,1,0.42043841700069606,None,,,,,9,46,46,1,613.8108142919955,,613.8018207919959,613.8108142919955,614.7993751670001,614.7993751670001,614.7993751670001,614.7993751670001,614.8072719170013,615.8086623749987,615.8086623749987,616.2338038329908,,,,,v,1,0.42043841700069606,None,p3,001,2025-09-30_16h31.34.028,untitled,,2025.1.1,119.96107264275199,2025-09-30 16h31.48.791767 +0530,
-150,z,47,47,11,z,1,0.407282625004882,None,,,,,11,47,47,3,616.2431170829805,,616.2343604170019,616.2431170829805,617.2419935420039,617.2419935420039,617.2419935420039,617.2419935420039,617.2419935420039,618.2332373749814,618.2332373749814,618.6502500420029,,,,,z,1,0.407282625004882,None,p3,001,2025-09-30_16h31.34.028,untitled,,2025.1.1,119.96107264275199,2025-09-30 16h31.48.791767 +0530,
-150,z,48,48,12,z,1,0.422384334000526,None,,,,,12,48,48,3,618.6590221670049,,618.6506849169964,618.6590221670049,619.640867249982,619.640867249982,619.640867249982,619.640867249982,619.6835191249847,620.6500689169916,620.6500689169916,621.085297957994,,,,,z,1,0.422384334000526,None,p3,001,2025-09-30_16h31.34.028,untitled,,2025.1.1,119.96107264275199,2025-09-30 16h31.48.791767 +0530,
-150,z,49,49,13,z,1,0.8076471670065075,None,,,,,13,49,49,3,621.0964658329904,,621.0860087919864,621.0964658329904,622.0825682919822,622.0825682919822,622.0825682919822,622.0825682919822,622.0891931669903,623.0829067919985,623.0829067919985,623.9007608749962,,,,,z,1,0.8076471670065075,None,p3,001,2025-09-30_16h31.34.028,untitled,,2025.1.1,119.96107264275199,2025-09-30 16h31.48.791767 +0530,
50,c,50,50,15,c,1,0.9342750000068918,None,,,,,15,50,50,2,623.9104803329974,,623.9013394999783,623.9104803329974,624.8998988749809,624.8998988749809,624.8998988749809,624.8998988749809,624.9069493330026,625.9002658749814,625.9002658749814,626.8416769169853,,,,,c,1,0.9342750000068918,None,p3,001,2025-09-30_16h31.34.028,untitled,,2025.1.1,119.96107264275199,2025-09-30 16h31.48.791767 +0530,
50,c,51,51,16,c,1,0.5369386250094976,None,,,,,16,51,51,2,626.8520469169889,,626.8421483749989,626.8520469169889,627.8405922919919,627.8405922919919,627.8405922919919,627.8405922919919,627.8492832919874,628.8505238329817,628.8505238329817,629.3908613749954,,,,,c,1,0.5369386250094976,None,p3,001,2025-09-30_16h31.34.028,untitled,,2025.1.1,119.96107264275199,2025-09-30 16h31.48.791767 +0530,
150,v,52,52,10,v,1,0.5578344159875996,None,,,,,10,52,52,1,629.4163868750038,,629.3914282079786,629.4163868750038,630.3835207079828,630.3835207079828,630.3835207079828,630.3835207079828,630.4071533329843,631.3927072079969,631.3927072079969,631.9577512919786,,,,,v,1,0.5578344159875996,None,p3,001,2025-09-30_16h31.34.028,untitled,,2025.1.1,119.96107264275199,2025-09-30 16h31.48.791767 +0530,
-150,z,53,53,14,z,1,0.5324766669946257,None,,,,,14,53,53,3,631.9831632919959,,631.9583466250042,631.9831632919959,632.9576371249859,632.9576371249859,632.9576371249859,632.9576371249859,632.974177541997,633.9491150829999,633.9491150829999,634.4839272079989,,,,,z,1,0.5324766669946257,None,p3,001,2025-09-30_16h31.34.028,untitled,,2025.1.1,119.96107264275199,2025-09-30 16h31.48.791767 +0530,
50,c,54,54,17,c,1,1.0752889160066843,None,,,,,17,54,54,2,634.4898380420054,,634.4843706669926,634.4898380420054,635.4741738330049,635.4741738330049,635.4741738330049,635.4741738330049,635.4827706670039,636.5001532500028,636.5001532500028,637.5838600419811,,,,,c,1,1.0752889160066843,None,p3,001,2025-09-30_16h31.34.028,untitled,,2025.1.1,119.96107264275199,2025-09-30 16h31.48.791767 +0530,
50,c,55,55,18,c,1,0.505892874993151,None,,,,,18,55,55,2,637.5936663750035,,637.5843887499941,637.5936663750035,638.5837972500012,638.5837972500012,638.5837972500012,638.5837972500012,638.5909272919816,639.583814291982,639.583814291982,640.1010736250028,,,,,c,1,0.505892874993151,None,p3,001,2025-09-30_16h31.34.028,untitled,,2025.1.1,119.96107264275199,2025-09-30 16h31.48.791767 +0530,
150,v,56,56,11,v,1,0.4833671249798499,None,,,,,11,56,56,1,640.1106890829979,,640.1016381669906,640.1106890829979,641.1004874169885,641.1004874169885,641.1004874169885,641.1004874169885,641.1073709579941,642.0995060419955,642.0995060419955,642.5843906249793,,,,,v,1,0.4833671249798499,None,p3,001,2025-09-30_16h31.34.028,untitled,,2025.1.1,119.96107264275199,2025-09-30 16h31.48.791767 +0530,
50,c,57,57,19,c,1,0.8014795000199229,None,,,,,19,57,57,2,642.5907337499957,,642.5849449170055,642.5907337499957,643.5753784999833,643.5753784999833,643.5753784999833,643.5753784999833,643.5852024169872,644.5831227499875,644.5831227499875,645.3910038750037,,,,,c,1,0.8014795000199229,None,p3,001,2025-09-30_16h31.34.028,untitled,,2025.1.1,119.96107264275199,2025-09-30 16h31.48.791767 +0530,
150,v,58,58,12,v,1,0.4293682080169674,None,,,,,12,58,58,1,645.4000396250049,,645.3914447499847,645.4000396250049,646.3840588330058,646.3840588330058,646.3840588330058,646.3840588330058,646.3912993329868,647.383168832981,647.383168832981,647.8178216670058,,,,,v,1,0.4293682080169674,None,p3,001,2025-09-30_16h31.34.028,untitled,,2025.1.1,119.96107264275199,2025-09-30 16h31.48.791767 +0530,
-50,x,59,59,11,x,1,0.9105189170222729,None,,,,,11,59,59,0,647.8278601669881,,647.8183558330056,647.8278601669881,648.8167108329944,648.8167108329944,648.8167108329944,648.8167108329944,648.8234959580004,649.8170709580008,649.8170709580008,650.7346729580022,,,,,x,1,0.9105189170222729,None,p3,001,2025-09-30_16h31.34.028,untitled,,2025.1.1,119.96107264275199,2025-09-30 16h31.48.791767 +0530,
-150,z,60,60,15,z,1,0.3883712909882888,None,,,,,15,60,60,3,650.7445608749986,,650.7352179999871,650.7445608749986,651.7257354999892,651.7257354999892,651.7257354999892,651.7257354999892,651.7505530829949,652.733354875003,652.733354875003,653.1258756669995,,,,,z,1,0.3883712909882888,None,p3,001,2025-09-30_16h31.34.028,untitled,,2025.1.1,119.96107264275199,2025-09-30 16h31.48.791767 +0530,
-150,z,61,61,16,z,1,0.36796270799823105,None,,,,,16,61,61,3,653.1365704170021,,653.1265523329785,653.1365704170021,654.1249965000025,654.1249965000025,654.1249965000025,654.1249965000025,654.1506342919893,655.124684999988,655.124684999988,655.5014819579956,,,,,z,1,0.36796270799823105,None,p3,001,2025-09-30_16h31.34.028,untitled,,2025.1.1,119.96107264275199,2025-09-30 16h31.48.791767 +0530,
-150,z,62,62,17,z,1,0.2939227909955662,None,,,,,17,62,62,3,655.510541124997,,655.5020761250053,655.510541124997,656.5004664169974,656.5004664169974,656.5004664169974,656.5004664169974,656.5074847079813,657.5006877080014,657.5006877080014,657.801280041982,,,,,z,1,0.2939227909955662,None,p3,001,2025-09-30_16h31.34.028,untitled,,2025.1.1,119.96107264275199,2025-09-30 16h31.48.791767 +0530,
-50,x,63,63,12,x,1,0.859958374989219,None,,,,,12,63,63,0,657.8106460419949,,657.8017268749827,657.8106460419949,658.7918140419933,658.7918140419933,658.7918140419933,658.7918140419933,658.8342889999913,659.7916262919898,659.7916262919898,660.658978833002,,,,,x,1,0.859958374989219,None,p3,001,2025-09-30_16h31.34.028,untitled,,2025.1.1,119.96107264275199,2025-09-30 16h31.48.791767 +0530,
150,v,64,64,13,v,1,0.4848097499925643,None,,,,,13,64,64,1,660.6693594999961,,660.6595460419776,660.6693594999961,661.6583476249943,661.6583476249943,661.6583476249943,661.6583476249943,661.6840636249981,662.667779499985,662.667779499985,663.1693704999925,,,,,v,1,0.4848097499925643,None,p3,001,2025-09-30_16h31.34.028,untitled,,2025.1.1,119.96107264275199,2025-09-30 16h31.48.791767 +0530,
-150,z,65,65,18,z,1,0.40684816701104864,None,,,,,18,65,65,3,663.1800513329799,,663.1701118749916,663.1800513329799,664.1679198329803,664.1679198329803,664.1679198329803,664.1679198329803,664.1743134169956,665.1668718750007,665.1668718750007,665.5847408749978,,,,,z,1,0.40684816701104864,None,p3,001,2025-09-30_16h31.34.028,untitled,,2025.1.1,119.96107264275199,2025-09-30 16h31.48.791767 +0530,
150,v,66,66,14,v,1,0.3847517920075916,None,,,,,14,66,66,1,665.5944683749985,,665.5853140830004,665.5944683749985,666.5756586669886,666.5756586669886,666.5756586669886,666.5756586669886,666.6009850419941,667.5838980829867,667.5838980829867,667.9753152079938,,,,,v,1,0.3847517920075916,None,p3,001,2025-09-30_16h31.34.028,untitled,,2025.1.1,119.96107264275199,2025-09-30 16h31.48.791767 +0530,
150,v,67,67,15,v,1,0.7521339590020943,None,,,,,15,67,67,1,668.000675999996,,667.9758578749897,668.000675999996,668.9671743749932,668.9671743749932,668.9671743749932,668.9671743749932,668.9911723749829,669.9744384170044,669.9744384170044,670.7348307920038,,,,,v,1,0.7521339590020943,None,p3,001,2025-09-30_16h31.34.028,untitled,,2025.1.1,119.96107264275199,2025-09-30 16h31.48.791767 +0530,
50,c,68,68,20,c,1,1.5640483750030398,None,,,,,20,68,68,2,670.7439357079857,,670.7352597499848,670.7439357079857,671.7345649999916,671.7345649999916,671.7345649999916,671.7345649999916,671.7418986249832,672.7346140419831,672.7346140419831,674.3018467079964,,,,,c,1,1.5640483750030398,None,p3,001,2025-09-30_16h31.34.028,untitled,,2025.1.1,119.96107264275199,2025-09-30 16h31.48.791767 +0530,
150,v,69,69,16,v,1,0.5401750000019092,None,,,,,16,69,69,1,674.3118731249997,,674.3024021250021,674.3118731249997,675.3006858750014,675.3006858750014,675.3006858750014,675.3006858750014,675.3084045419819,676.3005599580065,676.3005599580065,676.8536642079998,,,,,v,1,0.5401750000019092,None,p3,001,2025-09-30_16h31.34.028,untitled,,2025.1.1,119.96107264275199,2025-09-30 16h31.48.791767 +0530,
150,v,70,70,17,v,1,0.421212542016292,None,,,,,17,70,70,1,676.8677290829946,,676.8541148329969,676.8677290829946,677.850685582991,677.850685582991,677.850685582991,677.850685582991,677.8581891669892,678.8505656670022,678.8505656670022,679.2756005419942,,,,,v,1,0.421212542016292,None,p3,001,2025-09-30_16h31.34.028,untitled,,2025.1.1,119.96107264275199,2025-09-30 16h31.48.791767 +0530,
-50,x,71,71,13,x,1,0.9320642499951646,None,,,,,13,71,71,0,679.3008769580047,,679.2760609579855,679.3008769580047,680.2680007079907,680.2680007079907,680.2680007079907,680.2680007079907,680.3182793330052,681.2846393749933,681.2846393749933,682.2187209169788,,,,,x,1,0.9320642499951646,None,p3,001,2025-09-30_16h31.34.028,untitled,,2025.1.1,119.96107264275199,2025-09-30 16h31.48.791767 +0530,
150,v,72,72,18,v,1,0.6588069580029696,None,,,,,18,72,72,1,682.2279399999825,,682.2192564169818,682.2279399999825,683.2182554579922,683.2182554579922,683.2182554579922,683.2182554579922,683.2249859999865,684.2182472919812,684.2182472919812,684.8861170829914,,,,,v,1,0.6588069580029696,None,p3,001,2025-09-30_16h31.34.028,untitled,,2025.1.1,119.96107264275199,2025-09-30 16h31.48.791767 +0530,
50,c,73,73,21,c,1,0.9456735419807956,None,,,,,21,73,73,2,684.901083292003,,684.8869069170032,684.901083292003,685.8841693330032,685.8841693330032,685.8841693330032,685.8841693330032,685.8909241670044,686.8841736250033,686.8841736250033,687.8356217499822,,,,,c,1,0.9456735419807956,None,p3,001,2025-09-30_16h31.34.028,untitled,,2025.1.1,119.96107264275199,2025-09-30 16h31.48.791767 +0530,
-150,z,74,74,19,z,1,0.8793935420108028,None,,,,,19,74,74,3,687.8452891669876,,687.8362174170034,687.8452891669876,688.8344082499971,688.8344082499971,688.8344082499971,688.8344082499971,688.8411883329973,689.8344408749836,689.8344408749836,690.7186317500018,,,,,z,1,0.8793935420108028,None,p3,001,2025-09-30_16h31.34.028,untitled,,2025.1.1,119.96107264275199,2025-09-30 16h31.48.791767 +0530,
50,c,75,75,22,c,1,0.8132677499961574,None,,,,,22,75,75,2,690.7281067500007,,690.7191636670032,690.7281067500007,691.7086838329851,691.7086838329851,691.7086838329851,691.7086838329851,691.7253018329793,692.7086522500031,692.7086522500031,693.5271077079815,,,,,c,1,0.8132677499961574,None,p3,001,2025-09-30_16h31.34.028,untitled,,2025.1.1,119.96107264275199,2025-09-30 16h31.48.791767 +0530,
-150,z,76,76,20,z,1,0.39041749999159947,None,,,,,20,76,76,3,693.5366897079803,,693.5276533330034,693.5366897079803,694.5255952079897,694.5255952079897,694.5255952079897,694.5255952079897,694.5343080419989,695.5353135829791,695.5353135829791,695.935689417005,,,,,z,1,0.39041749999159947,None,p3,001,2025-09-30_16h31.34.028,untitled,,2025.1.1,119.96107264275199,2025-09-30 16h31.48.791767 +0530,
-50,x,77,77,14,x,1,0.6130314169859048,None,,,,,14,77,77,0,695.9449449169915,,695.9362354170007,695.9449449169915,696.9344949169899,696.9344949169899,696.9344949169899,696.9344949169899,696.9403365829785,697.9516936249856,697.9516936249856,698.5691342499922,,,,,x,1,0.6130314169859048,None,p3,001,2025-09-30_16h31.34.028,untitled,,2025.1.1,119.96107264275199,2025-09-30 16h31.48.791767 +0530,
150,v,78,78,19,v,1,0.5558423330076039,None,,,,,19,78,78,1,698.5786907500005,,698.5697030829906,698.5786907500005,699.5677744580025,699.5677744580025,699.5677744580025,699.5677744580025,699.5742779999855,700.5849917499872,700.5849917499872,701.144546083,,,,,v,1,0.5558423330076039,None,p3,001,2025-09-30_16h31.34.028,untitled,,2025.1.1,119.96107264275199,2025-09-30 16h31.48.791767 +0530,
150,v,79,79,20,v,1,0.6452665000106208,None,,,,,20,79,79,1,701.1542198329989,,701.1451314169972,701.1542198329989,702.1426430830033,702.1426430830033,702.1426430830033,702.1426430830033,702.1511724999873,703.14360320798,703.14360320798,703.7952555420052,,,,,v,1,0.6452665000106208,None,p3,001,2025-09-30_16h31.34.028,untitled,,2025.1.1,119.96107264275199,2025-09-30 16h31.48.791767 +0530,
-50,x,80,80,15,x,1,0.861703790986212,None,,,,,15,80,80,0,703.8048975830025,,703.7958009169961,703.8048975830025,704.7928892920027,704.7928892920027,704.7928892920027,704.7928892920027,704.8184476250026,705.7932483329787,705.7932483329787,706.659449083003,,,,,x,1,0.861703790986212,None,p3,001,2025-09-30_16h31.34.028,untitled,,2025.1.1,119.96107264275199,2025-09-30 16h31.48.791767 +0530,
50,c,81,81,23,c,1,0.9691044579958543,None,,,,,23,81,81,2,706.684938166989,,706.660015417001,706.684938166989,707.6519797499932,707.6519797499932,707.6519797499932,707.6519797499932,707.6756750000059,708.6687805419788,708.6687805419788,709.6433601669851,,,,,c,1,0.9691044579958543,None,p3,001,2025-09-30_16h31.34.028,untitled,,2025.1.1,119.96107264275199,2025-09-30 16h31.48.791767 +0530,
-150,z,82,82,21,z,1,0.3872180419857614,None,,,,,21,82,82,3,709.6687810419826,,709.6439357500058,709.6687810419826,710.6423816669849,710.6423816669849,710.6423816669849,710.6423816669849,710.6589878329833,711.6437466669886,711.6437466669886,712.0352434579981,,,,,z,1,0.3872180419857614,None,p3,001,2025-09-30_16h31.34.028,untitled,,2025.1.1,119.96107264275199,2025-09-30 16h31.48.791767 +0530,
-50,x,83,83,16,x,1,0.4224220000032801,None,,,,,16,83,83,0,712.0412796250021,,712.0356851669785,712.0412796250021,713.0267829170043,713.0267829170043,713.0267829170043,713.0267829170043,713.0519134170027,714.0354974579823,714.0354974579823,714.4705100829888,,,,,x,1,0.4224220000032801,None,p3,001,2025-09-30_16h31.34.028,untitled,,2025.1.1,119.96107264275199,2025-09-30 16h31.48.791767 +0530,
150,v,84,84,21,v,1,0.3518392499827314,None,,,,,21,84,84,1,714.4801438750001,,714.4712253329926,714.4801438750001,715.4685579579964,715.4685579579964,715.4685579579964,715.4685579579964,715.4759203330032,716.4682067499962,716.4682067499962,716.8271902079869,,,,,v,1,0.3518392499827314,None,p3,001,2025-09-30_16h31.34.028,untitled,,2025.1.1,119.96107264275199,2025-09-30 16h31.48.791767 +0530,
150,v,85,85,22,v,1,0.5855852079985198,None,,,,,22,85,85,1,716.837653458002,,716.8276407920057,716.837653458002,717.8254274579813,717.8254274579813,717.8254274579813,717.8254274579813,717.8351548329811,718.8262669579999,718.8262669579999,719.4197289579897,,,,,v,1,0.5855852079985198,None,p3,001,2025-09-30_16h31.34.028,untitled,,2025.1.1,119.96107264275199,2025-09-30 16h31.48.791767 +0530,
-50,x,86,86,17,z,0,0.3153565830143634,None,,,,,17,86,86,0,719.4291087919846,,719.4203165829822,719.4291087919846,720.4182890419906,720.4182890419906,720.4182890419906,720.4182890419906,720.4247982079978,721.4185737079824,721.4185737079824,721.7362480419979,,,,,z,0,0.3153565830143634,None,p3,001,2025-09-30_16h31.34.028,untitled,,2025.1.1,119.96107264275199,2025-09-30 16h31.48.791767 +0530,
150,v,87,87,23,v,1,0.5156132080010138,None,,,,,23,87,87,1,721.7425883749966,,721.7368116669822,721.7425883749966,722.7352323749801,722.7352323749801,722.7352323749801,722.7352323749801,722.7352323749801,723.7352750419814,723.7352750419814,724.2529734999989,,,,,v,1,0.5156132080010138,None,p3,001,2025-09-30_16h31.34.028,untitled,,2025.1.1,119.96107264275199,2025-09-30 16h31.48.791767 +0530,
50,c,88,88,24,c,1,0.5961607079952955,None,,,,,24,88,88,2,724.2627536669897,,724.2535029169812,724.2627536669897,725.2443409579864,725.2443409579864,725.2443409579864,725.2443409579864,725.2690879580041,726.2517942919803,726.2517942919803,726.8531637499982,,,,,c,1,0.5961607079952955,None,p3,001,2025-09-30_16h31.34.028,untitled,,2025.1.1,119.96107264275199,2025-09-30 16h31.48.791767 +0530,
-50,x,89,89,18,x,1,0.5560154999839142,None,,,,,18,89,89,0,726.8628393329855,,726.8537532920018,726.8628393329855,727.8520374579821,727.8520374579821,727.8520374579821,727.8520374579821,727.8590285419778,728.8518717919942,728.8518717919942,729.4107046249846,,,,,x,1,0.5560154999839142,None,p3,001,2025-09-30_16h31.34.028,untitled,,2025.1.1,119.96107264275199,2025-09-30 16h31.48.791767 +0530,
50,c,90,90,25,c,1,0.598721749993274,None,,,,,25,90,90,2,729.4209946669871,,729.4112718749966,729.4209946669871,730.4022736249899,730.4022736249899,730.4022736249899,730.4022736249899,730.4185093749838,731.4022295000032,731.4022295000032,732.0033727919799,,,,,c,1,0.598721749993274,None,p3,001,2025-09-30_16h31.34.028,untitled,,2025.1.1,119.96107264275199,2025-09-30 16h31.48.791767 +0530,
-150,z,91,91,22,z,1,0.4469658749876544,None,,,,,22,91,91,3,732.0130068330036,,732.0040724999853,732.0130068330036,733.0020900419913,733.0020900419913,733.0020900419913,733.0020900419913,733.0100490829791,734.0018598329916,734.0018598329916,734.4532348329958,,,,,z,1,0.4469658749876544,None,p3,001,2025-09-30_16h31.34.028,untitled,,2025.1.1,119.96107264275199,2025-09-30 16h31.48.791767 +0530,
-150,z,92,92,23,z,1,0.388955749978777,None,,,,,23,92,92,3,734.4626427920011,,734.4537694169849,734.4626427920011,735.4520437080064,735.4520437080064,735.4520437080064,735.4520437080064,735.4585434169858,736.4520333329856,736.4520333329856,736.8442548750027,,,,,z,1,0.388955749978777,None,p3,001,2025-09-30_16h31.34.028,untitled,,2025.1.1,119.96107264275199,2025-09-30 16h31.48.791767 +0530,
150,v,93,93,24,v,1,0.507797957980074,None,,,,,24,93,93,1,736.8548862499883,,736.8448097499786,736.8548862499883,737.8438282079878,737.8438282079878,737.8438282079878,737.8438282079878,737.8692019169976,738.8430843749957,738.8430843749957,739.3532992079854,,,,,v,1,0.507797957980074,None,p3,001,2025-09-30_16h31.34.028,untitled,,2025.1.1,119.96107264275199,2025-09-30 16h31.48.791767 +0530,
-50,x,94,94,19,x,1,0.5498080829856917,None,,,,,19,94,94,0,739.3629629169882,,739.3538555419946,739.3629629169882,740.3530355829862,740.3530355829862,740.3530355829862,740.3530355829862,740.3600707919977,741.3521264169831,741.3521264169831,741.9213052919949,,,,,x,1,0.5498080829856917,None,p3,001,2025-09-30_16h31.34.028,untitled,,2025.1.1,119.96107264275199,2025-09-30 16h31.48.791767 +0530,
50,c,95,95,26,c,1,0.7427837080031168,None,,,,,26,95,95,2,741.9354311249917,,741.9220838749898,741.9354311249917,742.9189332079841,742.9189332079841,742.9189332079841,742.9189332079841,742.9258481669822,743.919052082987,743.919052082987,744.6700224170054,,,,,c,1,0.7427837080031168,None,p3,001,2025-09-30_16h31.34.028,untitled,,2025.1.1,119.96107264275199,2025-09-30 16h31.48.791767 +0530,
-150,z,96,96,24,z,1,0.3554392910155002,None,,,,,24,96,96,3,744.679481500003,,744.6704690829793,744.679481500003,745.6692724169989,745.6692724169989,745.6692724169989,745.6692724169989,745.6768512499984,746.6865185000061,746.6865185000061,747.0445045829983,,,,,z,1,0.3554392910155002,None,p3,001,2025-09-30_16h31.34.028,untitled,,2025.1.1,119.96107264275199,2025-09-30 16h31.48.791767 +0530,
-50,x,97,97,20,x,1,0.5663376250013243,None,,,,,20,97,97,0,747.0521822919836,,747.04493920799,747.0521822919836,748.0428031669871,748.0428031669871,748.0428031669871,748.0428031669871,748.0428031669871,749.0437008749868,749.0437008749868,749.6218644999899,,,,,x,1,0.5663376250013243,None,p3,001,2025-09-30_16h31.34.028,untitled,,2025.1.1,119.96107264275199,2025-09-30 16h31.48.791767 +0530,
50,c,98,98,27,c,1,0.5179715410049539,None,,,,,27,98,98,2,749.6329540419974,,749.622651416983,749.6329540419974,750.620107833005,750.620107833005,750.620107833005,750.620107833005,750.6365572079958,751.6279803749931,751.6279803749931,752.1535356249951,,,,,c,1,0.5179715410049539,None,p3,001,2025-09-30_16h31.34.028,untitled,,2025.1.1,119.96107264275199,2025-09-30 16h31.48.791767 +0530,
-50,x,99,99,21,x,1,0.6180713750072755,None,,,,,21,99,99,0,752.1629297919862,,752.1539757919963,752.1629297919862,753.1437285830034,753.1437285830034,753.1437285830034,753.1437285830034,753.1594828749949,754.151817874983,754.151817874983,754.7772512499942,,,,,x,1,0.6180713750072755,None,p3,001,2025-09-30_16h31.34.028,untitled,,2025.1.1,119.96107264275199,2025-09-30 16h31.48.791767 +0530,
-50,x,100,100,22,x,1,0.35024687502300367,None,,,,,22,100,100,0,754.8027933329868,,754.7778106670012,754.8027933329868,755.7779464169871,755.7779464169871,755.7779464169871,755.7779464169871,755.820093916991,756.7687942079792,756.7687942079792,757.1216909579816,,,,,x,1,0.35024687502300367,None,p3,001,2025-09-30_16h31.34.028,untitled,,2025.1.1,119.96107264275199,2025-09-30 16h31.48.791767 +0530,
150,v,101,101,25,v,1,1.2262427500099875,None,,,,,25,101,101,1,757.1331694579858,,757.122363292001,757.1331694579858,758.1193351669936,758.1193351669936,758.1193351669936,758.1193351669936,758.1264108750038,759.1196159169776,759.1196159169776,760.3538795829809,,,,,v,1,1.2262427500099875,None,p3,001,2025-09-30_16h31.34.028,untitled,,2025.1.1,119.96107264275199,2025-09-30 16h31.48.791767 +0530,
150,v,102,102,26,v,1,0.6763483749818988,None,,,,,26,102,102,1,760.3635200829885,,760.3544462079881,760.3635200829885,761.3537176249956,761.3537176249956,761.3537176249956,761.3537176249956,761.3701419580029,762.3525547079917,762.3525547079917,763.0371149169805,,,,,v,1,0.6763483749818988,None,p3,001,2025-09-30_16h31.34.028,untitled,,2025.1.1,119.96107264275199,2025-09-30 16h31.48.791767 +0530,
50,c,103,103,28,c,1,0.8542297079984564,None,,,,,28,103,103,2,763.0464154169895,,763.0375882499793,763.0464154169895,764.0360053329787,764.0360053329787,764.0360053329787,764.0360053329787,764.0426195829932,765.0537724169844,765.0537724169844,765.9108311669843,,,,,c,1,0.8542297079984564,None,p3,001,2025-09-30_16h31.34.028,untitled,,2025.1.1,119.96107264275199,2025-09-30 16h31.48.791767 +0530,
-50,x,104,104,23,x,1,0.9100507909897715,None,,,,,23,104,104,0,765.9361881669902,,765.9113582499849,765.9361881669902,766.9031492499926,766.9031492499926,766.9031492499926,766.9031492499926,766.9270969579811,767.9100076670002,767.9100076670002,768.8384560830018,,,,,x,1,0.9100507909897715,None,p3,001,2025-09-30_16h31.34.028,untitled,,2025.1.1,119.96107264275199,2025-09-30 16h31.48.791767 +0530,
150,v,105,105,27,v,1,0.6425562499789521,None,,,,,27,105,105,1,768.8528374999878,,768.8393052080064,768.8528374999878,769.8369739579794,769.8369739579794,769.8369739579794,769.8369739579794,769.8437044169987,770.8534588329785,770.8534588329785,771.5043062079931,,,,,v,1,0.6425562499789521,None,p3,001,2025-09-30_16h31.34.028,untitled,,2025.1.1,119.96107264275199,2025-09-30 16h31.48.791767 +0530,
50,c,106,106,29,c,1,0.8472297500120476,None,,,,,29,106,106,2,771.5136215829989,,771.5047637919779,771.5136215829989,772.5032865829999,772.5032865829999,772.5032865829999,772.5032865829999,772.5102937920019,773.495809666987,773.495809666987,774.3544949579809,,,,,c,1,0.8472297500120476,None,p3,001,2025-09-30_16h31.34.028,untitled,,2025.1.1,119.96107264275199,2025-09-30 16h31.48.791767 +0530,
50,c,107,107,30,c,1,0.5599427919951268,None,,,,,30,107,107,2,774.3648477919924,,774.3551344169828,774.3648477919924,775.3524204999849,775.3524204999849,775.3524204999849,775.3524204999849,775.3600787920004,776.3461180419836,776.3461180419836,776.9221780420048,,,,,c,1,0.5599427919951268,None,p3,001,2025-09-30_16h31.34.028,untitled,,2025.1.1,119.96107264275199,2025-09-30 16h31.48.791767 +0530,
-50,x,108,108,24,x,1,1.0263263750239275,None,,,,,24,108,108,0,776.9331838749931,,776.9228210419824,776.9331838749931,777.9191590419796,777.9191590419796,777.9191590419796,777.9191590419796,777.9268595829781,778.9292384999862,778.9292384999862,779.9613075829984,,,,,x,1,1.0263263750239275,None,p3,001,2025-09-30_16h31.34.028,untitled,,2025.1.1,119.96107264275199,2025-09-30 16h31.48.791767 +0530,
-50,x,109,109,25,x,1,0.606568832998164,None,,,,,25,109,109,0,779.9865991249972,,779.9617920829915,779.9865991249972,780.9609810829861,780.9609810829861,780.9609810829861,780.9609810829861,780.9766679999884,781.970596582978,781.970596582978,782.5895061249903,,,,,x,1,0.606568832998164,None,p3,001,2025-09-30_16h31.34.028,untitled,,2025.1.1,119.96107264275199,2025-09-30 16h31.48.791767 +0530,
50,c,110,110,31,c,1,0.5657212079968303,None,,,,,31,110,110,2,782.6026673330052,,782.590401583002,782.6026673330052,783.5870019999857,783.5870019999857,783.5870019999857,783.5870019999857,783.5946804169798,784.5865198749816,784.5865198749816,785.1554897919996,,,,,c,1,0.5657212079968303,None,p3,001,2025-09-30_16h31.34.028,untitled,,2025.1.1,119.96107264275199,2025-09-30 16h31.48.791767 +0530,
150,v,111,111,28,v,1,0.5736826659995131,None,,,,,28,111,111,1,785.169880292,,785.1562404169817,785.169880292,786.153306207998,786.153306207998,786.153306207998,786.153306207998,786.1603427079972,787.1534378749784,787.1534378749784,787.7379210829968,,,,,v,1,0.5736826659995131,None,p3,001,2025-09-30_16h31.34.028,untitled,,2025.1.1,119.96107264275199,2025-09-30 16h31.48.791767 +0530,
-150,z,112,112,25,z,1,0.3385134999989532,None,,,,,25,112,112,3,787.7473962079966,,787.7384779999848,787.7473962079966,788.7372780829901,788.7372780829901,788.7372780829901,788.7372780829901,788.7444999169966,789.7366337499989,789.7366337499989,790.0780449580052,,,,,z,1,0.3385134999989532,None,p3,001,2025-09-30_16h31.34.028,untitled,,2025.1.1,119.96107264275199,2025-09-30 16h31.48.791767 +0530,
-150,z,113,113,26,z,1,0.5236316660011653,None,,,,,26,113,113,3,790.103474707983,,790.0785948330013,790.103474707983,791.0777057920059,791.0777057920059,791.0777057920059,791.0777057920059,791.0937981669849,792.0794674579811,792.0794674579811,792.6045706250006,,,,,z,1,0.5236316660011653,None,p3,001,2025-09-30_16h31.34.028,untitled,,2025.1.1,119.96107264275199,2025-09-30 16h31.48.791767 +0530,
50,c,114,114,32,c,1,0.5966380840109196,None,,,,,32,114,114,2,792.6105437499937,,792.6051081669866,792.6105437499937,793.6037113329803,793.6037113329803,793.6037113329803,793.6037113329803,793.6037113329803,794.6037402499933,794.6037402499933,795.2057736669958,,,,,c,1,0.5966380840109196,None,p3,001,2025-09-30_16h31.34.028,untitled,,2025.1.1,119.96107264275199,2025-09-30 16h31.48.791767 +0530,
-150,z,115,115,27,z,1,0.4777624999987893,None,,,,,27,115,115,3,795.2172482919996,,795.2065370419878,795.2172482919996,796.2036013329925,796.2036013329925,796.2036013329925,796.2036013329925,796.2109899999923,797.2035317499831,797.2035317499831,797.6873794579878,,,,,z,1,0.4777624999987893,None,p3,001,2025-09-30_16h31.34.028,untitled,,2025.1.1,119.96107264275199,2025-09-30 16h31.48.791767 +0530,
50,c,116,116,33,c,1,0.7990951249958016,None,,,,,33,116,116,2,797.6964409999782,,797.6878392919898,797.6964409999782,798.6780429579958,798.6780429579958,798.6780429579958,798.6780429579958,798.693720249983,799.6781088749995,799.6781088749995,800.4898654579883,,,,,c,1,0.7990951249958016,None,p3,001,2025-09-30_16h31.34.028,untitled,,2025.1.1,119.96107264275199,2025-09-30 16h31.48.791767 +0530,
50,c,117,117,34,c,1,0.45110904099419713,None,,,,,34,117,117,2,800.5021793329797,,800.4907365419785,800.5021793329797,801.4873060829996,801.4873060829996,801.4873060829996,801.4873060829996,801.495037582994,802.486980207992,802.486980207992,802.9458316249948,,,,,c,1,0.45110904099419713,None,p3,001,2025-09-30_16h31.34.028,untitled,,2025.1.1,119.96107264275199,2025-09-30 16h31.48.791767 +0530,
-150,z,118,118,28,z,1,0.3160242500016466,None,,,,,28,118,118,3,802.956920083001,,802.946383292001,802.956920083001,803.9450655419787,803.9450655419787,803.9450655419787,803.9450655419787,803.95362354198,804.9460519169807,804.9460519169807,805.2707889169978,,,,,z,1,0.3160242500016466,None,p3,001,2025-09-30_16h31.34.028,untitled,,2025.1.1,119.96107264275199,2025-09-30 16h31.48.791767 +0530,
-150,z,119,119,29,z,1,0.3179809589928482,None,,,,,29,119,119,3,805.2798539169889,,805.2712537499901,805.2798539169889,806.2608065420063,806.2608065420063,806.2608065420063,806.2608065420063,806.2776546669775,807.2633752499823,807.2633752499823,807.5876195000019,,,,,z,1,0.3179809589928482,None,p3,001,2025-09-30_16h31.34.028,untitled,,2025.1.1,119.96107264275199,2025-09-30 16h31.48.791767 +0530,
50,c,120,120,35,c,1,0.518384958995739,None,,,,,35,120,120,2,807.5972526669793,,807.5881740000041,807.5972526669793,808.5781026670011,808.5781026670011,808.5781026670011,808.5781026670011,808.5940949999786,809.5777117499965,809.5777117499965,810.1063727499859,,,,,c,1,0.518384958995739,None,p3,001,2025-09-30_16h31.34.028,untitled,,2025.1.1,119.96107264275199,2025-09-30 16h31.48.791767 +0530,
150,v,121,121,29,z,0,0.754188583989162,None,,,,,29,121,121,1,810.1179063330055,,810.1071047919977,810.1179063330055,811.1042224169942,811.1042224169942,811.1042224169942,811.1042224169942,811.1114133749797,812.1138638749835,812.1138638749835,812.8718101669801,,,,,z,0,0.754188583989162,None,p3,001,2025-09-30_16h31.34.028,untitled,,2025.1.1,119.96107264275199,2025-09-30 16h31.48.791767 +0530,
50,c,122,122,36,c,1,0.7441839579842053,None,,,,,36,122,122,2,812.8815551250009,,812.872366208001,812.8815551250009,813.862205707992,813.862205707992,813.862205707992,813.862205707992,813.9047788330063,814.8880273749819,814.8880273749819,815.638063166989,,,,,c,1,0.7441839579842053,None,p3,001,2025-09-30_16h31.34.028,untitled,,2025.1.1,119.96107264275199,2025-09-30 16h31.48.791767 +0530,
50,c,123,123,37,c,1,0.7851387090049684,None,,,,,37,123,123,2,815.6471081670024,,815.6386220830027,815.6471081670024,816.6290665419947,816.6290665419947,816.6290665419947,816.6290665419947,816.6715535830008,817.6380679580034,817.6380679580034,818.4288409579895,,,,,c,1,0.7851387090049684,None,p3,001,2025-09-30_16h31.34.028,untitled,,2025.1.1,119.96107264275199,2025-09-30 16h31.48.791767 +0530,
-50,x,124,124,26,x,1,0.8085772079939488,None,,,,,26,124,124,0,818.4541822919855,,818.4293975829787,818.4541822919855,819.421576666995,819.421576666995,819.421576666995,819.421576666995,819.4447011669981,820.4206895829993,820.4206895829993,821.2379665419867,,,,,x,1,0.8085772079939488,None,p3,001,2025-09-30_16h31.34.028,untitled,,2025.1.1,119.96107264275199,2025-09-30 16h31.48.791767 +0530,
-150,z,125,125,30,z,1,0.9993732910079416,None,,,,,30,125,125,3,821.246864707995,,821.2384284579894,821.246864707995,822.2550273329834,822.2550273329834,822.2550273329834,822.2550273329834,822.2550273329834,823.2279189169931,823.2279189169931,824.2300643750059,,,,,z,1,0.9993732910079416,None,p3,001,2025-09-30_16h31.34.028,untitled,,2025.1.1,119.96107264275199,2025-09-30 16h31.48.791767 +0530,
-50,x,126,126,27,x,1,0.9989843329822179,None,,,,,27,126,126,0,824.2405099580064,,824.2307583749935,824.2405099580064,825.2288645420049,825.2288645420049,825.2288645420049,825.2288645420049,825.2375365420012,826.238322707999,826.238322707999,827.2388704579789,,,,,x,1,0.9989843329822179,None,p3,001,2025-09-30_16h31.34.028,untitled,,2025.1.1,119.96107264275199,2025-09-30 16h31.48.791767 +0530,
-150,z,127,127,31,z,1,0.7486949999874923,None,,,,,31,127,127,3,827.2451868329954,,827.2394397080061,827.2451868329954,828.2378629999876,828.2378629999876,828.2378629999876,828.2378629999876,828.2378629999876,829.2375577919884,829.2375577919884,829.9889608749945,,,,,z,1,0.7486949999874923,None,p3,001,2025-09-30_16h31.34.028,untitled,,2025.1.1,119.96107264275199,2025-09-30 16h31.48.791767 +0530,
150,v,128,128,30,v,1,1.090566917002434,None,,,,,30,128,128,1,829.9986575829971,,829.9895291669818,829.9986575829971,830.9877573330014,830.9877573330014,830.9877573330014,830.9877573330014,830.9950451669865,832.0047109999869,832.0047109999869,833.1056658749876,,,,,v,1,1.090566917002434,None,p3,001,2025-09-30_16h31.34.028,untitled,,2025.1.1,119.96107264275199,2025-09-30 16h31.48.791767 +0530,
150,v,129,129,31,v,1,1.7044830420054495,None,,,,,31,129,129,1,833.1150091669988,,833.1062771669822,833.1150091669988,834.105364166986,834.105364166986,834.105364166986,834.105364166986,834.1125822079775,835.1047702079813,835.1047702079813,836.812759708002,,,,,v,1,1.7044830420054495,None,p3,001,2025-09-30_16h31.34.028,untitled,,2025.1.1,119.96107264275199,2025-09-30 16h31.48.791767 +0530,
150,v,130,130,32,v,1,0.5565235000103712,None,,,,,32,130,130,1,836.8241802919947,,836.8134038749849,836.8241802919947,837.8116673750046,837.8116673750046,837.8116673750046,837.8116673750046,837.8210829579912,838.8046976669866,838.8046976669866,839.3625873749843,,,,,v,1,0.5565235000103712,None,p3,001,2025-09-30_16h31.34.028,untitled,,2025.1.1,119.96107264275199,2025-09-30 16h31.48.791767 +0530,
-50,x,131,131,28,x,1,1.0507308749947697,None,,,,,28,131,131,0,839.3705645419832,,839.3630359169911,839.3705645419832,840.3546781670011,840.3546781670011,840.3546781670011,840.3546781670011,840.3619663749996,841.3545779580018,841.3545779580018,842.4125294999976,,,,,x,1,1.0507308749947697,None,p3,001,2025-09-30_16h31.34.028,untitled,,2025.1.1,119.96107264275199,2025-09-30 16h31.48.791767 +0530,
150,v,132,132,33,v,1,0.5881277500011493,None,,,,,33,132,132,1,842.4214712079847,,842.412962582981,842.4214712079847,843.4047252919991,843.4047252919991,843.4047252919991,843.4047252919991,843.4119708329963,844.4140911249851,844.4140911249851,845.0058783330023,,,,,v,1,0.5881277500011493,None,p3,001,2025-09-30_16h31.34.028,untitled,,2025.1.1,119.96107264275199,2025-09-30 16h31.48.791767 +0530,
-50,x,133,133,29,x,1,1.6248064170067664,None,,,,,29,133,133,0,845.0151725829928,,845.0064344579878,845.0151725829928,846.0222876670014,846.0222876670014,846.0222876670014,846.0222876670014,846.0222876670014,847.0055144579965,847.0055144579965,848.6394071669783,,,,,x,1,1.6248064170067664,None,p3,001,2025-09-30_16h31.34.028,untitled,,2025.1.1,119.96107264275199,2025-09-30 16h31.48.791767 +0530,
50,c,134,134,38,c,1,1.0124699999869335,None,,,,,38,134,134,2,848.6489211669832,,848.6399580829893,848.6489211669832,849.6380797919992,849.6380797919992,849.6380797919992,849.6380797919992,849.6453438749886,850.6378933329834,850.6378933329834,851.656070291996,,,,,c,1,1.0124699999869335,None,p3,001,2025-09-30_16h31.34.028,untitled,,2025.1.1,119.96107264275199,2025-09-30 16h31.48.791767 +0530,
-50,x,135,135,30,x,1,0.6085886670043692,None,,,,,30,135,135,0,851.66630862499,,851.6566410829837,851.66630862499,852.6549735830049,852.6549735830049,852.6549735830049,852.6549735830049,852.6618979999912,853.6555894579797,853.6555894579797,854.2729256669991,,,,,x,1,0.6085886670043692,None,p3,001,2025-09-30_16h31.34.028,untitled,,2025.1.1,119.96107264275199,2025-09-30 16h31.48.791767 +0530,
-50,x,136,136,31,x,1,0.40421254199463874,None,,,,,31,136,136,0,854.2834090419929,,854.2735387499852,854.2834090419929,855.2721221669926,855.2721221669926,855.2721221669926,855.2721221669926,855.2793674999848,856.2892244579853,856.2892244579853,856.6986719999986,,,,,x,1,0.40421254199463874,None,p3,001,2025-09-30_16h31.34.028,untitled,,2025.1.1,119.96107264275199,2025-09-30 16h31.48.791767 +0530,
150,v,137,137,34,v,1,0.5006945000204723,None,,,,,34,137,137,1,856.7082608329947,,856.6992485829978,856.7082608329947,857.6964819580026,857.6964819580026,857.6964819580026,857.6964819580026,857.7219137079956,858.6965927080018,858.6965927080018,859.2075028749823,,,,,v,1,0.5006945000204723,None,p3,001,2025-09-30_16h31.34.028,untitled,,2025.1.1,119.96107264275199,2025-09-30 16h31.48.791767 +0530,
150,v,138,138,35,v,1,1.1488923750002868,None,,,,,35,138,138,1,859.219530250004,,859.2082475000061,859.219530250004,860.2051947919826,860.2051947919826,860.2051947919826,860.2051947919826,860.211867999984,861.2054475829937,861.2054475829937,862.3563410000061,,,,,v,1,1.1488923750002868,None,p3,001,2025-09-30_16h31.34.028,untitled,,2025.1.1,119.96107264275199,2025-09-30 16h31.48.791767 +0530,
50,c,139,139,39,c,1,2.361289458000101,None,,,,,39,139,139,2,862.3627237920009,,862.3569381669804,862.3627237920009,863.3553799579968,863.3553799579968,863.3553799579968,863.3553799579968,863.3553799579968,864.3551203749957,864.3551203749957,866.7223571249924,,,,,c,1,2.361289458000101,None,p3,001,2025-09-30_16h31.34.028,untitled,,2025.1.1,119.96107264275199,2025-09-30 16h31.48.791767 +0530,
-150,z,140,140,32,z,1,0.7985461670032237,None,,,,,32,140,140,3,866.731788791978,,866.7229060419777,866.731788791978,867.7219315829861,867.7219315829861,867.7219315829861,867.7219315829861,867.7289061670017,868.7218435829855,868.7218435829855,869.5227453749976,,,,,z,1,0.7985461670032237,None,p3,001,2025-09-30_16h31.34.028,untitled,,2025.1.1,119.96107264275199,2025-09-30 16h31.48.791767 +0530,
-150,z,141,141,33,z,1,0.5141543749778066,None,,,,,33,141,141,3,869.5324160000018,,869.5232783329848,869.5324160000018,870.5129112919967,870.5129112919967,870.5129112919967,870.5129112919967,870.5295577499783,871.5222657499835,871.5222657499835,872.0413618329912,,,,,z,1,0.5141543749778066,None,p3,001,2025-09-30_16h31.34.028,untitled,,2025.1.1,119.96107264275199,2025-09-30 16h31.48.791767 +0530,
-150,z,142,142,34,z,1,0.41517333398223855,None,,,,,34,142,142,3,872.0526470000041,,872.0421017079789,872.0526470000041,873.0398105829954,873.0398105829954,873.0398105829954,873.0398105829954,873.0469409170037,874.0560806669819,874.0560806669819,874.490851916984,,,,,z,1,0.41517333398223855,None,p3,001,2025-09-30_16h31.34.028,untitled,,2025.1.1,119.96107264275199,2025-09-30 16h31.48.791767 +0530,
150,v,143,143,36,b,0,0.9264094579848461,None,,,,,36,143,143,1,874.5056265419989,,874.4915637079976,874.5056265419989,875.4888546250004,875.4888546250004,875.4888546250004,875.4888546250004,875.4959102499997,876.4980264169862,876.4980264169862,877.4304727499839,,,,,b,0,0.9264094579848461,None,p3,001,2025-09-30_16h31.34.028,untitled,,2025.1.1,119.96107264275199,2025-09-30 16h31.48.791767 +0530,
-150,z,144,144,35,z,1,0.6061505420075264,None,,,,,35,144,144,3,877.4555954170064,,877.4309410830028,877.4555954170064,878.4292577499873,878.4292577499873,878.4292577499873,878.4292577499873,878.4457491670037,879.4222502500052,879.4222502500052,880.0407692079898,,,,,z,1,0.6061505420075264,None,p3,001,2025-09-30_16h31.34.028,untitled,,2025.1.1,119.96107264275199,2025-09-30 16h31.48.791767 +0530,
50,c,145,145,40,v,0,1.2200780830171425,None,,,,,40,145,145,2,880.0555991249857,,880.0414698749955,880.0555991249857,881.0399767079798,881.0399767079798,881.0399767079798,881.0399767079798,881.0471136669803,882.0562650419888,882.0562650419888,883.2914076249872,,,,,v,0,1.2200780830171425,None,p3,001,2025-09-30_16h31.34.028,untitled,,2025.1.1,119.96107264275199,2025-09-30 16h31.48.791767 +0530,
50,c,146,146,41,v,0,0.5013651250046678,None,,,,,41,146,146,2,883.3025496249902,,883.292129791982,883.3025496249902,884.2893802500039,884.2893802500039,884.2893802500039,884.2893802500039,884.2951587080024,885.2891477079829,885.2891477079829,885.7970724579936,,,,,v,0,0.5013651250046678,None,p3,001,2025-09-30_16h31.34.028,untitled,,2025.1.1,119.96107264275199,2025-09-30 16h31.48.791767 +0530,
-50,x,147,147,32,x,1,1.2503262090031058,None,,,,,32,147,147,0,885.8229890420043,,885.797625541978,885.8229890420043,886.7891894170025,886.7891894170025,886.7891894170025,886.7891894170025,886.8121167079953,887.7889801669808,887.7889801669808,889.0475807499897,,,,,x,1,1.2503262090031058,None,p3,001,2025-09-30_16h31.34.028,untitled,,2025.1.1,119.96107264275199,2025-09-30 16h31.48.791767 +0530,
-150,z,148,148,36,z,1,1.0941844579938333,None,,,,,36,148,148,3,889.0558272500057,,889.0479878750048,889.0558272500057,890.0473477499909,890.0473477499909,890.0473477499909,890.0473477499909,890.0473477499909,891.0391182919848,891.0391182919848,892.139992832992,,,,,z,1,1.0941844579938333,None,p3,001,2025-09-30_16h31.34.028,untitled,,2025.1.1,119.96107264275199,2025-09-30 16h31.48.791767 +0530,
-50,x,149,149,33,x,1,0.5225585000007413,None,,,,,33,149,149,0,892.1494245829817,,892.1405904169951,892.1494245829817,893.1313764170045,893.1313764170045,893.1313764170045,893.1313764170045,893.1465252079943,894.1388934169954,894.1388934169954,894.6640509999997,,,,,x,1,0.5225585000007413,None,p3,001,2025-09-30_16h31.34.028,untitled,,2025.1.1,119.96107264275199,2025-09-30 16h31.48.791767 +0530,
150,v,150,150,37,b,0,1.4022156250139233,None,,,,,37,150,150,1,894.675779082987,,894.6647767499962,894.675779082987,895.672967416991,895.672967416991,895.672967416991,895.672967416991,895.690155291988,896.6631954170007,896.6631954170007,898.0743910000019,,,,,b,0,1.4022156250139233,None,p3,001,2025-09-30_16h31.34.028,untitled,,2025.1.1,119.96107264275199,2025-09-30 16h31.48.791767 +0530,
150,v,151,151,38,b,0,0.4707413330033887,None,,,,,38,151,151,1,898.0846782079898,,898.075117750006,898.0846782079898,899.0901569169946,899.0901569169946,899.0901569169946,899.0901569169946,899.0901569169946,900.0896853329905,900.0896853329905,900.5660647919867,,,,,b,0,0.4707413330033887,None,p3,001,2025-09-30_16h31.34.028,untitled,,2025.1.1,119.96107264275199,2025-09-30 16h31.48.791767 +0530,
150,v,152,152,39,b,0,0.875742000003811,None,,,,,39,152,152,1,900.5761294999975,,900.5666847919929,900.5761294999975,901.5638208749879,901.5638208749879,901.5638208749879,901.5638208749879,901.5719935829984,902.5628421669826,902.5628421669826,903.4406938329921,,,,,b,0,0.875742000003811,None,p3,001,2025-09-30_16h31.34.028,untitled,,2025.1.1,119.96107264275199,2025-09-30 16h31.48.791767 +0530,
-50,x,153,153,34,x,1,1.0495990829949733,None,,,,,34,153,153,0,903.4502857920015,,903.4413472919841,903.4502857920015,904.4398556670058,904.4398556670058,904.4398556670058,904.4398556670058,904.4471892919973,905.4399847080058,905.4399847080058,906.4975551249809,,,,,x,1,1.0495990829949733,None,p3,001,2025-09-30_16h31.34.028,untitled,,2025.1.1,119.96107264275199,2025-09-30 16h31.48.791767 +0530,
-50,x,154,154,35,x,1,0.622277040994959,None,,,,,35,154,154,0,906.523524416989,,906.4981259169872,906.523524416989,907.4970255829976,907.4970255829976,907.4970255829976,907.4970255829976,907.5137806249841,908.4893171250005,908.4893171250005,909.1154436249926,,,,,x,1,0.622277040994959,None,p3,001,2025-09-30_16h31.34.028,untitled,,2025.1.1,119.96107264275199,2025-09-30 16h31.48.791767 +0530,
50,c,155,155,42,v,0,0.7118947499839123,None,,,,,42,155,155,2,909.125549999997,,909.1159868749965,909.125549999997,910.1235979170015,910.1235979170015,910.1235979170015,910.1235979170015,910.1313422079838,911.1135252499953,911.1135252499953,911.8313295829867,,,,,v,0,0.7118947499839123,None,p3,001,2025-09-30_16h31.34.028,untitled,,2025.1.1,119.96107264275199,2025-09-30 16h31.48.791767 +0530,
50,c,156,156,43,c,1,2.365045416983776,None,,,,,43,156,156,2,911.856763082993,,911.831808582996,911.856763082993,912.840572791989,912.840572791989,912.840572791989,912.840572791989,912.8488041670062,913.8311347499839,913.8311347499839,916.1978273749992,,,,,c,1,2.365045416983776,None,p3,001,2025-09-30_16h31.34.028,untitled,,2025.1.1,119.96107264275199,2025-09-30 16h31.48.791767 +0530,
150,v,157,157,40,v,1,0.7184618749888614,None,,,,,40,157,157,1,916.2063146249857,,916.1983734169917,916.2063146249857,917.1903781669971,917.1903781669971,917.1903781669971,917.1903781669971,917.1984045419958,918.1966862079862,918.1966862079862,918.9243908329809,,,,,v,1,0.7184618749888614,None,p3,001,2025-09-30_16h31.34.028,untitled,,2025.1.1,119.96107264275199,2025-09-30 16h31.48.791767 +0530,
-150,z,158,158,37,z,1,0.8614246250072028,None,,,,,37,158,158,3,918.934015707986,,918.9249394169892,918.934015707986,919.9230543749873,919.9230543749873,919.9230543749873,919.9230543749873,919.929275832983,920.922892292001,920.922892292001,921.791088375001,,,,,z,1,0.8614246250072028,None,p3,001,2025-09-30_16h31.34.028,untitled,,2025.1.1,119.96107264275199,2025-09-30 16h31.48.791767 +0530,
-150,z,159,159,38,z,1,0.9438457500073127,None,,,,,38,159,159,3,921.8005475419923,,921.7915437500051,921.8005475419923,922.7904859579867,922.7904859579867,922.7904859579867,922.7904859579867,922.7973536250065,923.7903819170024,923.7903819170024,924.7404225420032,,,,,z,1,0.9438457500073127,None,p3,001,2025-09-30_16h31.34.028,untitled,,2025.1.1,119.96107264275199,2025-09-30 16h31.48.791767 +0530,
-50,x,160,160,36,x,1,0.707732417009538,None,,,,,36,160,160,0,924.7497757079836,,924.740902791993,924.7497757079836,925.7309493329958,925.7309493329958,925.7309493329958,925.7309493329958,925.7474752919807,926.7405422919837,926.7405422919837,927.4595417919918,,,,,x,1,0.707732417009538,None,p3,001,2025-09-30_16h31.34.028,untitled,,2025.1.1,119.96107264275199,2025-09-30 16h31.48.791767 +0530,
50,c,161,161,44,c,1,0.7167271670186892,None,,,,,44,161,161,2,927.4712750419858,,927.4603959170054,927.4712750419858,928.4565979999898,928.4565979999898,928.4565979999898,928.4565979999898,928.4634590419882,929.4565923329792,929.4565923329792,930.1819254579896,,,,,c,1,0.7167271670186892,None,p3,001,2025-09-30_16h31.34.028,untitled,,2025.1.1,119.96107264275199,2025-09-30 16h31.48.791767 +0530,
-150,z,162,162,39,z,1,0.4587014580029063,None,,,,,39,162,162,3,930.2074407920009,,930.1824354580021,930.2074407920009,931.1800314580032,931.1800314580032,931.1800314580032,931.1800314580032,931.1961845000042,932.181422958005,932.181422958005,932.6491497079842,,,,,z,1,0.4587014580029063,None,p3,001,2025-09-30_16h31.34.028,untitled,,2025.1.1,119.96107264275199,2025-09-30 16h31.48.791767 +0530,
150,v,163,163,41,v,1,0.8278869999921881,None,,,,,41,163,163,1,932.659434332978,,932.6497451250034,932.659434332978,933.6487660419953,933.6487660419953,933.6487660419953,933.6487660419953,933.6739224579942,934.657512167003,934.657512167003,935.4906935000035,,,,,v,1,0.8278869999921881,None,p3,001,2025-09-30_16h31.34.028,untitled,,2025.1.1,119.96107264275199,2025-09-30 16h31.48.791767 +0530,
-150,z,164,164,40,z,1,0.6550894170068204,None,,,,,40,164,164,3,935.5004796669818,,935.4912723749876,935.5004796669818,936.4816915830015,936.4816915830015,936.4816915830015,936.4816915830015,936.524300582998,937.4830977079982,937.4830977079982,938.1417425829859,,,,,z,1,0.6550894170068204,None,p3,001,2025-09-30_16h31.34.028,untitled,,2025.1.1,119.96107264275199,2025-09-30 16h31.48.791767 +0530,
150,v,165,165,42,v,1,0.78646420800942,None,,,,,42,165,165,1,938.1522457499814,,938.1424458329857,938.1522457499814,939.1403102499899,939.1403102499899,939.1403102499899,939.1403102499899,939.1485621669854,940.1489220829972,940.1489220829972,940.9408867919992,,,,,v,1,0.78646420800942,None,p3,001,2025-09-30_16h31.34.028,untitled,,2025.1.1,119.96107264275199,2025-09-30 16h31.48.791767 +0530,
-50,x,166,166,37,x,1,0.7065164170053322,None,,,,,37,166,166,0,940.9503566669882,,940.9414293750015,940.9503566669882,941.9312294999836,941.9312294999836,941.9312294999836,941.9312294999836,941.9471248750051,942.9327011249843,942.9327011249843,943.659349249996,,,,,x,1,0.7065164170053322,None,p3,001,2025-09-30_16h31.34.028,untitled,,2025.1.1,119.96107264275199,2025-09-30 16h31.48.791767 +0530,
150,v,167,167,43,v,1,0.6920340420037974,None,,,,,43,167,167,1,943.6730520419951,,943.6602035419783,943.6730520419951,944.6575928749808,944.6575928749808,944.6575928749808,944.6575928749808,944.6647077919915,945.6572667080036,945.6572667080036,946.360290416982,,,,,v,1,0.6920340420037974,None,p3,001,2025-09-30_16h31.34.028,untitled,,2025.1.1,119.96107264275199,2025-09-30 16h31.48.791767 +0530,
50,c,168,168,45,c,1,0.7735906669986434,None,,,,,45,168,168,2,946.3739652499789,,946.3607544580009,946.3739652499789,947.3570349999936,947.3570349999936,947.3570349999936,947.3570349999936,947.3639273750014,948.3575133330014,948.3575133330014,949.1432727499923,,,,,c,1,0.7735906669986434,None,p3,001,2025-09-30_16h31.34.028,untitled,,2025.1.1,119.96107264275199,2025-09-30 16h31.48.791767 +0530,
50,c,169,169,46,c,1,0.5018670420104172,None,,,,,46,169,169,2,949.156565207988,,949.1440937079897,949.156565207988,950.1408090000041,950.1408090000041,950.1408090000041,950.1408090000041,950.1475086669961,951.1405289579998,951.1405289579998,951.6486592500005,,,,,c,1,0.5018670420104172,None,p3,001,2025-09-30_16h31.34.028,untitled,,2025.1.1,119.96107264275199,2025-09-30 16h31.48.791767 +0530,
-150,z,170,170,41,z,1,0.8945942920108791,None,,,,,41,170,170,3,951.6739399999788,,951.6492151669809,951.6739399999788,952.6400852919905,952.6400852919905,952.6400852919905,952.6400852919905,952.6647330419801,953.6577500419808,953.6577500419808,954.5585637500044,,,,,z,1,0.8945942920108791,None,p3,001,2025-09-30_16h31.34.028,untitled,,2025.1.1,119.96107264275199,2025-09-30 16h31.48.791767 +0530,
-50,x,171,171,38,x,1,0.669279458001256,None,,,,,38,171,171,0,954.568502582988,,954.559158832999,954.568502582988,955.558012124995,955.558012124995,955.558012124995,955.558012124995,955.5652174999996,956.5571065830009,956.5571065830009,957.2317962079833,,,,,x,1,0.669279458001256,None,p3,001,2025-09-30_16h31.34.028,untitled,,2025.1.1,119.96107264275199,2025-09-30 16h31.48.791767 +0530,
-150,z,172,172,42,z,1,0.5222070410090964,None,,,,,42,172,172,3,957.2409048329864,,957.232264249993,957.2409048329864,958.2239617499872,958.2239617499872,958.2239617499872,958.2239617499872,958.2316892499803,959.2411468329956,959.2411468329956,959.7654230420012,,,,,z,1,0.5222070410090964,None,p3,001,2025-09-30_16h31.34.028,untitled,,2025.1.1,119.96107264275199,2025-09-30 16h31.48.791767 +0530,
-50,x,173,173,39,x,1,0.594738417014014,None,,,,,39,173,173,0,959.7739896249841,,959.7659844580048,959.7739896249841,960.7655030830065,960.7655030830065,960.7655030830065,960.7655030830065,960.7655030830065,961.7747370830039,961.7747370830039,962.3748605829896,,,,,x,1,0.594738417014014,None,p3,001,2025-09-30_16h31.34.028,untitled,,2025.1.1,119.96107264275199,2025-09-30 16h31.48.791767 +0530,
50,c,174,174,47,c,1,0.7021720830234699,None,,,,,47,174,174,2,962.3845217079797,,962.3753886249906,962.3845217079797,963.3652919169981,963.3652919169981,963.3652919169981,963.3652919169981,963.4083228329837,964.3651226669899,964.3651226669899,965.0749072920007,,,,,c,1,0.7021720830234699,None,p3,001,2025-09-30_16h31.34.028,untitled,,2025.1.1,119.96107264275199,2025-09-30 16h31.48.791767 +0530,
-150,z,175,175,43,z,1,0.43489904201123863,None,,,,,43,175,175,3,965.0844424579991,,965.0754512499843,965.0844424579991,966.0660327079822,966.0660327079822,966.0660327079822,966.0660327079822,966.1083203330054,967.0665017499996,967.0665017499996,967.5100950420019,,,,,z,1,0.43489904201123863,None,p3,001,2025-09-30_16h31.34.028,untitled,,2025.1.1,119.96107264275199,2025-09-30 16h31.48.791767 +0530,
-150,z,176,176,44,z,1,0.48980104201473296,None,,,,,44,176,176,3,967.5197460000054,,967.5106856249913,967.5197460000054,968.5085631249822,968.5085631249822,968.5085631249822,968.5085631249822,968.5156510829984,969.5078190419881,969.5078190419881,970.0098374169902,,,,,z,1,0.48980104201473296,None,p3,001,2025-09-30_16h31.34.028,untitled,,2025.1.1,119.96107264275199,2025-09-30 16h31.48.791767 +0530,
-150,z,177,177,45,z,1,0.3283860000083223,None,,,,,45,177,177,3,970.0242514580023,,970.0107168749964,970.0242514580023,971.0082988329814,971.0082988329814,971.0082988329814,971.0082988329814,971.0154636669904,972.0249582079996,972.0249582079996,972.3584683749941,,,,,z,1,0.3283860000083223,None,p3,001,2025-09-30_16h31.34.028,untitled,,2025.1.1,119.96107264275199,2025-09-30 16h31.48.791767 +0530,
-50,x,178,178,40,x,1,0.7321977080137003,None,,,,,40,178,178,0,972.3677369999932,,972.35900162498,972.3677369999932,973.358495833003,973.358495833003,973.358495833003,973.358495833003,973.3655198329943,974.3502015830018,974.3502015830018,975.0918940419797,,,,,x,1,0.7321977080137003,None,p3,001,2025-09-30_16h31.34.028,untitled,,2025.1.1,119.96107264275199,2025-09-30 16h31.48.791767 +0530,
-50,x,179,179,41,x,1,0.6998584590037353,None,,,,,41,179,179,0,975.1010088750045,,975.0924494169885,975.1010088750045,976.0826851250022,976.0826851250022,976.0826851250022,976.0826851250022,976.1250302499975,977.1085299169936,977.1085299169936,977.8105480420054,,,,,x,1,0.6998584590037353,None,p3,001,2025-09-30_16h31.34.028,untitled,,2025.1.1,119.96107264275199,2025-09-30 16h31.48.791767 +0530,
-50,x,180,180,42,x,1,0.5983759590017144,None,,,,,42,180,180,0,977.8222617919964,,977.811397249985,977.8222617919964,978.8078236669826,978.8078236669826,978.8078236669826,978.8078236669826,978.815977374994,979.8170152499806,979.8170152499806,980.425822833,,,,,x,1,0.5983759590017144,None,p3,001,2025-09-30_16h31.34.028,untitled,,2025.1.1,119.96107264275199,2025-09-30 16h31.48.791767 +0530,
-50,x,181,181,43,x,1,0.5506288330070674,None,,,,,43,181,181,0,980.435728957993,,980.426394249982,980.435728957993,981.4253492919961,981.4253492919961,981.4253492919961,981.4253492919961,981.4322742499935,982.424676374998,982.424676374998,982.9830645000038,,,,,x,1,0.5506288330070674,None,p3,001,2025-09-30_16h31.34.028,untitled,,2025.1.1,119.96107264275199,2025-09-30 16h31.48.791767 +0530,
-150,z,182,182,46,z,1,0.2953811670013238,None,,,,,46,182,182,3,983.0085215829895,,982.9836347920063,983.0085215829895,983.9830305829819,983.9830305829819,983.9830305829819,983.9830305829819,984.0252908749972,984.9821133749792,984.9821133749792,985.2839513329964,,,,,z,1,0.2953811670013238,None,p3,001,2025-09-30_16h31.34.028,untitled,,2025.1.1,119.96107264275199,2025-09-30 16h31.48.791767 +0530,
-150,z,183,183,47,z,1,0.3608849580050446,None,,,,,47,183,183,3,985.2946961249982,,985.2845519999973,985.2946961249982,986.2824398329831,986.2824398329831,986.2824398329831,986.2824398329831,986.2916277079785,987.2825540829799,987.2825540829799,987.6499722499866,,,,,z,1,0.3608849580050446,None,p3,001,2025-09-30_16h31.34.028,untitled,,2025.1.1,119.96107264275199,2025-09-30 16h31.48.791767 +0530,
-50,x,184,184,44,x,1,0.7877396669937298,None,,,,,44,184,184,0,987.6613095829962,,987.6505564169784,987.6613095829962,988.6491108329792,988.6491108329792,988.6491108329792,988.6491108329792,988.6574731250003,989.6586626670032,989.6586626670032,990.4491964579793,,,,,x,1,0.7877396669937298,None,p3,001,2025-09-30_16h31.34.028,untitled,,2025.1.1,119.96107264275199,2025-09-30 16h31.48.791767 +0530,
-50,x,185,185,45,x,1,0.534482583985664,None,,,,,45,185,185,0,990.4585250829987,,990.4496387079998,990.4585250829987,991.4414206669899,991.4414206669899,991.4414206669899,991.4414206669899,991.4476807079918,992.4417039999971,992.4417039999971,992.9836304579803,,,,,x,1,0.534482583985664,None,p3,001,2025-09-30_16h31.34.028,untitled,,2025.1.1,119.96107264275199,2025-09-30 16h31.48.791767 +0530,
150,v,186,186,44,v,1,0.8644042089872528,None,,,,,44,186,186,1,993.0090323750046,,992.984094082989,993.0090323750046,993.9826982499799,993.9826982499799,993.9826982499799,993.9826982499799,994.0256177499832,994.9919420419901,994.9919420419901,995.859471624979,,,,,v,1,0.8644042089872528,None,p3,001,2025-09-30_16h31.34.028,untitled,,2025.1.1,119.96107264275199,2025-09-30 16h31.48.791767 +0530,
-150,z,187,187,48,z,1,0.6824722919845954,None,,,,,48,187,187,3,995.8689624169783,,995.8600360830023,995.8689624169783,996.8582715829834,996.8582715829834,996.8582715829834,996.8582715829834,996.865799207997,997.850884332991,997.850884332991,998.5429788749898,,,,,z,1,0.6824722919845954,None,p3,001,2025-09-30_16h31.34.028,untitled,,2025.1.1,119.96107264275199,2025-09-30 16h31.48.791767 +0530,
-50,x,188,188,46,x,1,0.6135744579951279,None,,,,,46,188,188,0,998.5530452079838,,998.5435731670004,998.5530452079838,999.5410648329998,999.5410648329998,999.5410648329998,999.5410648329998,999.5488347499922,1000.5409473750042,1000.5409473750042,1001.1591557499778,,,,,x,1,0.6135744579951279,None,p3,001,2025-09-30_16h31.34.028,untitled,,2025.1.1,119.96107264275199,2025-09-30 16h31.48.791767 +0530,
150,v,189,189,45,v,1,0.9761860409926157,None,,,,,45,189,189,1,1001.1650274169806,,1001.1596708330035,1001.1650274169806,1002.1586494999938,1002.1586494999938,1002.1586494999938,1002.1586494999938,1002.1586494999938,1003.158430874988,1003.158430874988,1004.1424871670024,,,,,v,1,0.9761860409926157,None,p3,001,2025-09-30_16h31.34.028,untitled,,2025.1.1,119.96107264275199,2025-09-30 16h31.48.791767 +0530,
150,v,190,190,46,v,1,0.8313167089945637,None,,,,,46,190,190,1,1004.1522913329827,,1004.1430413750059,1004.1522913329827,1005.133692125004,1005.133692125004,1005.133692125004,1005.133692125004,1005.1758122500032,1006.1590772079944,1006.1590772079944,1006.9929547919892,,,,,v,1,0.8313167089945637,None,p3,001,2025-09-30_16h31.34.028,untitled,,2025.1.1,119.96107264275199,2025-09-30 16h31.48.791767 +0530,
50,c,191,191,48,c,1,1.0957100839877967,None,,,,,48,191,191,2,1007.0023522079864,,1006.9934815829911,1007.0023522079864,1007.9918148749857,1007.9918148749857,1007.9918148749857,1007.9918148749857,1007.9986557499797,1008.9918308749911,1008.9918308749911,1010.093061416992,,,,,c,1,1.0957100839877967,None,p3,001,2025-09-30_16h31.34.028,untitled,,2025.1.1,119.96107264275199,2025-09-30 16h31.48.791767 +0530,
-150,z,192,192,49,z,1,0.4514471660077106,None,,,,,49,192,192,3,1010.1029318749788,,1010.0936303749913,1010.1029318749788,1011.092308249994,1011.092308249994,1011.092308249994,1011.092308249994,1011.099521666998,1012.0919240420044,1012.0919240420044,1012.5515601249936,,,,,z,1,0.4514471660077106,None,p3,001,2025-09-30_16h31.34.028,untitled,,2025.1.1,119.96107264275199,2025-09-30 16h31.48.791767 +0530,
-50,x,193,193,47,x,1,0.6928426250233315,None,,,,,47,193,193,0,1012.5616426249908,,1012.5521253329935,1012.5616426249908,1013.5497156670026,1013.5497156670026,1013.5497156670026,1013.5497156670026,1013.5581261249899,1014.5515850420052,1014.5515850420052,1015.250104332983,,,,,x,1,0.6928426250233315,None,p3,001,2025-09-30_16h31.34.028,untitled,,2025.1.1,119.96107264275199,2025-09-30 16h31.48.791767 +0530,
-50,x,194,194,48,x,1,0.9168833750009071,None,,,,,48,194,194,0,1015.2754483750032,,1015.2505415419873,1015.2754483750032,1016.2597686669906,1016.2597686669906,1016.2597686669906,1016.2597686669906,1016.2762819579802,1017.2425328329846,1017.2425328329846,1018.1678789579892,,,,,x,1,0.9168833750009071,None,p3,001,2025-09-30_16h31.34.028,untitled,,2025.1.1,119.96107264275199,2025-09-30 16h31.48.791767 +0530,
150,v,195,195,47,v,1,0.8272886670019943,None,,,,,47,195,195,1,1018.1783707499853,,1018.1684831249877,1018.1783707499853,1019.1674538749794,1019.1674538749794,1019.1674538749794,1019.1674538749794,1019.1758076669939,1020.1762913749844,1020.1762913749844,1021.0102394580026,,,,,v,1,0.8272886670019943,None,p3,001,2025-09-30_16h31.34.028,untitled,,2025.1.1,119.96107264275199,2025-09-30 16h31.48.791767 +0530,
-50,x,196,196,49,x,1,0.6069395829981659,None,,,,,49,196,196,0,1021.0201024999842,,1021.0107905000041,1021.0201024999842,1022.0092907079961,1022.0092907079961,1022.0092907079961,1022.0092907079961,1022.0164288749802,1023.0265678750002,1023.0265678750002,1023.6429892079905,,,,,x,1,0.6069395829981659,None,p3,001,2025-09-30_16h31.34.028,untitled,,2025.1.1,119.96107264275199,2025-09-30 16h31.48.791767 +0530,
50,c,197,197,49,c,1,0.6210050419904292,None,,,,,49,197,197,2,1023.6523909170064,,1023.6435316669813,1023.6523909170064,1024.6415735829796,1024.6415735829796,1024.6415735829796,1024.6415735829796,1024.6492127919919,1025.6325839579804,1025.6325839579804,1026.259445417003,,,,,c,1,0.6210050419904292,None,p3,001,2025-09-30_16h31.34.028,untitled,,2025.1.1,119.96107264275199,2025-09-30 16h31.48.791767 +0530,
150,v,198,198,48,v,1,0.6685345410078298,None,,,,,48,198,198,1,1026.2692565829784,,1026.2599097079947,1026.2692565829784,1027.2598139579932,1027.2598139579932,1027.2598139579932,1027.2598139579932,1027.2668804999848,1028.2598094169807,1028.2598094169807,1028.9341936249984,,,,,v,1,0.6685345410078298,None,p3,001,2025-09-30_16h31.34.028,untitled,,2025.1.1,119.96107264275199,2025-09-30 16h31.48.791767 +0530,
150,v,199,199,49,v,1,0.47050100000342354,None,,,,,49,199,199,1,1028.9452603749814,,1028.9347582919872,1028.9452603749814,1029.9332149169932,1029.9332149169932,1029.9332149169932,1029.9332149169932,1029.9417464580038,1030.943049249996,1030.943049249996,1031.4171266249905,,,,,v,1,0.47050100000342354,None,p3,001,2025-09-30_16h31.34.028,untitled,,2025.1.1,119.96107264275199,2025-09-30 16h31.48.791767 +0530,
