pos,corr_resp,thisN,thisTrialN,thisRepN,key_resp.keys,key_resp.corr,key_resp.rt,key_resp.duration,trials.thisRepN,trials.thisTrialN,trials.thisN,trials.thisIndex,trials_2.thisRepN,trials_2.thisTrialN,trials_2.thisN,trials_2.thisIndex,thisRow.t,notes,trial.started,fixation.started,line1.started,line2.started,line3.started,line4.started,fixation.stopped,probe.started,key_resp.started,trial.stopped,trials.key_resp.keys,trials.key_resp.corr,trials.key_resp.rt,trials.key_resp.duration,trials_2.key_resp.keys,trials_2.key_resp.corr,trials_2.key_resp.rt,trials_2.key_resp.duration,participant,session,date,expName,expVersion,psychopyVersion,frameRate,expStart,
-50,x,0,0,0,x,1,1.1688394579978194,None,0,0,0,0,,,,,0.04842883298988454,,0.03707695798948407,0.04842883298988454,1.006591125013074,1.006591125013074,1.006591125013074,1.006591125013074,1.0387478749908041,1.9932922500011045,1.9932922500011045,3.3937395829998422,x,1,1.1688394579978194,None,,,,,p3,001,2025-09-30_16h59.30.748,untitled,,2025.1.1,None,2025-09-30 17h00.00.269397 +0530,
150,v,1,1,0,v,1,0.7170573339972179,None,0,1,1,1,,,,,3.4125227500044275,,3.3939522500149906,3.4125227500044275,4.390913665993139,4.390913665993139,4.390913665993139,4.390913665993139,4.407279833016219,5.3901382079930045,5.3901382079930045,6.117738166009076,v,1,0.7170573339972179,None,,,,,p3,001,2025-09-30_16h59.30.748,untitled,,2025.1.1,None,2025-09-30 17h00.00.269397 +0530,
50,c,2,2,0,c,1,0.5226434159849305,None,0,2,2,2,,,,,6.127037583006313,,6.118293583014747,6.127037583006313,7.11647737500607,7.11647737500607,7.11647737500607,7.11647737500607,7.123971666005673,8.116349666001042,8.116349666001042,8.64139708300354,c,1,0.5226434159849305,None,,,,,p3,001,2025-09-30_16h59.30.748,untitled,,2025.1.1,None,2025-09-30 17h00.00.269397 +0530,
-150,z,3,3,0,z,1,0.43929620800190605,None,0,3,3,3,,,,,8.649739749991568,,8.64193441599491,8.649739749991568,9.633258207992185,9.633258207992185,9.633258207992185,9.633258207992185,9.641124124987982,10.650731000001542,10.650731000001542,11.102365208003903,z,1,0.43929620800190605,None,,,,,p3,001,2025-09-30_16h59.30.748,untitled,,2025.1.1,None,2025-09-30 17h00.00.269397 +0530,
-50,x,4,0,1,x,1,0.2855008339975029,None,1,0,4,0,,,,,11.112913582997862,,11.103079332999187,11.112913582997862,12.100591583002824,12.100591583002824,12.100591583002824,12.100591583002824,12.107527624990325,13.099743583006784,13.099743583006784,13.391359125002054,x,1,0.2855008339975029,None,,,,,p3,001,2025-09-30_16h59.30.748,untitled,,2025.1.1,None,2025-09-30 17h00.00.269397 +0530,
150,v,5,1,1,v,1,0.27866154100047424,None,1,1,5,1,,,,,13.416834375006147,,13.391893749998417,13.416834375006147,14.390849332994549,14.390849332994549,14.390849332994549,14.390849332994549,14.407385750004323,15.382530915987445,15.382530915987445,15.667899541003862,v,1,0.27866154100047424,None,,,,,p3,001,2025-09-30_16h59.30.748,untitled,,2025.1.1,None,2025-09-30 17h00.00.269397 +0530,
50,c,6,2,1,c,1,0.26677691598888487,None,1,2,6,2,,,,,15.677417750004679,,15.668437624990474,15.677417750004679,16.667709166009445,16.667709166009445,16.667709166009445,16.667709166009445,16.6753940829949,17.66649079101626,17.66649079101626,17.935781250009313,c,1,0.26677691598888487,None,,,,,p3,001,2025-09-30_16h59.30.748,untitled,,2025.1.1,None,2025-09-30 17h00.00.269397 +0530,
-150,z,7,3,1,z,1,0.07002691700472496,None,1,3,7,3,,,,,17.94700158300111,,17.936444749997463,17.94700158300111,18.9338794159994,18.9338794159994,18.9338794159994,18.9338794159994,18.940460207988508,19.9332232910092,19.9332232910092,20.008237791014835,z,1,0.07002691700472496,None,,,,,p3,001,2025-09-30_16h59.30.748,untitled,,2025.1.1,None,2025-09-30 17h00.00.269397 +0530,
-50,x,8,0,2,x,1,0.16027633400517516,None,2,0,8,0,,,,,20.033571665990166,,20.00866954101366,20.033571665990166,21.017755166016286,21.017755166016286,21.017755166016286,21.017755166016286,21.025298666005256,21.99997912501567,21.99997912501567,22.185945083008846,x,1,0.16027633400517516,None,,,,,p3,001,2025-09-30_16h59.30.748,untitled,,2025.1.1,None,2025-09-30 17h00.00.269397 +0530,
150,v,9,1,2,v,1,0.17095879101543687,None,2,1,9,1,,,,,22.20013199999812,,22.186749040993163,22.20013199999812,23.183575625007506,23.183575625007506,23.183575625007506,23.183575625007506,23.190821166004753,24.201198875001865,24.201198875001865,24.374974790989654,v,1,0.17095879101543687,None,,,,,p3,001,2025-09-30_16h59.30.748,untitled,,2025.1.1,None,2025-09-30 17h00.00.269397 +0530,
50,c,10,2,2,c,1,0.17763099999865517,None,2,2,10,2,,,,,24.40029420799692,,24.375513915991178,24.40029420799692,25.37450141599402,25.37450141599402,25.37450141599402,25.37450141599402,25.389925625000615,26.37389954100945,26.37389954100945,26.557926707988372,c,1,0.17763099999865517,None,,,,,p3,001,2025-09-30_16h59.30.748,untitled,,2025.1.1,None,2025-09-30 17h00.00.269397 +0530,
-150,z,11,3,2,z,1,0.030456459004199132,None,2,3,11,3,,,,,26.566466624994064,,26.558371582999825,26.566466624994064,27.567338416003622,27.567338416003622,27.567338416003622,27.567338416003622,27.58442324999487,28.567716249992372,28.567716249992372,28.61892841599183,z,1,0.030456459004199132,None,,,,,p3,001,2025-09-30_16h59.30.748,untitled,,2025.1.1,None,2025-09-30 17h00.00.269397 +0530,
-50,x,12,0,3,x,1,0.16527370901894756,None,3,0,12,0,,,,,28.633664041000884,,28.619591166003374,28.633664041000884,29.61740462499438,29.61740462499438,29.61740462499438,29.61740462499438,29.624439083010657,30.61706270801369,30.61706270801369,30.785061958013102,x,1,0.16527370901894756,None,,,,,p3,001,2025-09-30_16h59.30.748,untitled,,2025.1.1,None,2025-09-30 17h00.00.269397 +0530,
150,v,13,1,3,v,1,0.12587345798965544,None,3,1,13,1,,,,,30.793840124999406,,30.785625457996503,30.793840124999406,31.78414520798833,31.78414520798833,31.78414520798833,31.78414520798833,31.79063324999879,32.80042908299947,32.80042908299947,32.938677666010335,v,1,0.12587345798965544,None,,,,,p3,001,2025-09-30_16h59.30.748,untitled,,2025.1.1,None,2025-09-30 17h00.00.269397 +0530,
50,c,14,2,3,c,1,0.1227209169883281,None,3,2,14,2,,,,,32.94548079100787,,32.93899987501209,32.94548079100787,33.934338666003896,33.934338666003896,33.934338666003896,33.934338666003896,33.94095145800384,34.933555791008985,34.933555791008985,35.05836291599553,c,1,0.1227209169883281,None,,,,,p3,001,2025-09-30_16h59.30.748,untitled,,2025.1.1,None,2025-09-30 17h00.00.269397 +0530,
-150,z,15,3,3,z,1,0.05155637499410659,None,3,3,15,3,,,,,35.06696991599165,,35.05891600000905,35.06696991599165,36.05052670801524,36.05052670801524,36.05052670801524,36.05052670801524,36.05766879100702,37.05062100000214,37.05062100000214,37.110105041007046,z,1,0.05155637499410659,None,,,,,p3,001,2025-09-30_16h59.30.748,untitled,,2025.1.1,None,2025-09-30 17h00.00.269397 +0530,
-50,x,16,0,4,x,1,0.14181799997459166,None,4,0,16,0,,,,,37.11991329101147,,37.1107017910108,37.11991329101147,38.1084966250055,38.1084966250055,38.1084966250055,38.1084966250055,38.11709033299121,39.10747595800785,39.10747595800785,39.25191483300296,x,1,0.14181799997459166,None,,,,,p3,001,2025-09-30_16h59.30.748,untitled,,2025.1.1,None,2025-09-30 17h00.00.269397 +0530,
150,v,17,1,4,v,1,0.0956657909846399,None,4,1,17,1,,,,,39.26124487500056,,39.25246629101457,39.26124487500056,40.25085362500977,40.25085362500977,40.25085362500977,40.25085362500977,40.26215104100993,41.2507526660047,41.2507526660047,41.351830958010396,v,1,0.0956657909846399,None,,,,,p3,001,2025-09-30_16h59.30.748,untitled,,2025.1.1,None,2025-09-30 17h00.00.269397 +0530,
50,c,18,2,4,z,0,0.0549115420144517,None,4,2,18,2,,,,,41.361814625008265,,41.35237400000915,41.361814625008265,42.350530208001146,42.350530208001146,42.350530208001146,42.350530208001146,42.357292333006626,43.3504507500038,43.3504507500038,43.40910420799628,z,0,0.0549115420144517,None,,,,,p3,001,2025-09-30_16h59.30.748,untitled,,2025.1.1,None,2025-09-30 17h00.00.269397 +0530,
-150,z,19,3,4,z,1,0.2099063330097124,None,4,3,19,3,,,,,43.43406816601055,,43.40963270800421,43.43406816601055,44.40149187500356,44.40149187500356,44.40149187500356,44.40149187500356,44.424417291011196,45.40937462501461,45.40937462501461,45.63682354099001,z,1,0.2099063330097124,None,,,,,p3,001,2025-09-30_16h59.30.748,untitled,,2025.1.1,None,2025-09-30 17h00.00.269397 +0530,
-50,x,20,0,5,v,0,0.16816487497999333,None,5,0,20,0,,,,,45.64815541601274,,45.63752329099225,45.64815541601274,46.63393458299106,46.63393458299106,46.63393458299106,46.63393458299106,46.64186958299251,47.63409354101168,47.63409354101168,47.811313915997744,v,0,0.16816487497999333,None,,,,,p3,001,2025-09-30_16h59.30.748,untitled,,2025.1.1,None,2025-09-30 17h00.00.269397 +0530,
150,v,21,1,5,v,1,0.08939558401471004,None,5,1,21,1,,,,,47.82035654099309,,47.81187116599176,47.82035654099309,48.80844975000946,48.80844975000946,48.80844975000946,48.80844975000946,48.81750624999404,49.834914957988076,49.834914957988076,49.93653125001583,v,1,0.08939558401471004,None,,,,,p3,001,2025-09-30_16h59.30.748,untitled,,2025.1.1,None,2025-09-30 17h00.00.269397 +0530,
50,c,22,2,5,c,1,0.17392520798603073,None,5,2,22,2,,,,,49.9468651250063,,49.9372165829991,49.9468651250063,50.95173841601354,50.95173841601354,50.95173841601354,50.95173841601354,50.95173841601354,51.93736820798949,51.93736820798949,52.11931666600867,c,1,0.17392520798603073,None,,,,,p3,001,2025-09-30_16h59.30.748,untitled,,2025.1.1,None,2025-09-30 17h00.00.269397 +0530,
-150,z,23,3,5,z,1,0.03874225000618026,None,5,3,23,3,,,,,52.129009916010546,,52.119933875015704,52.129009916010546,53.117612041009124,53.117612041009124,53.117612041009124,53.117612041009124,53.12659258299391,54.11751300000469,54.11751300000469,54.158657583000604,z,1,0.03874225000618026,None,,,,,p3,001,2025-09-30_16h59.30.748,untitled,,2025.1.1,None,2025-09-30 17h00.00.269397 +0530,
-50,x,24,0,6,x,1,0.13551462499890476,None,6,0,24,0,,,,,54.168095125001855,,54.15920958301285,54.168095125001855,55.1510022910079,55.1510022910079,55.1510022910079,55.1510022910079,55.158029040991096,56.15777583300951,56.15777583300951,56.301850499992725,x,1,0.13551462499890476,None,,,,,p3,001,2025-09-30_16h59.30.748,untitled,,2025.1.1,None,2025-09-30 17h00.00.269397 +0530,
150,v,25,1,6,v,1,0.017827333009336144,None,6,1,25,1,,,,,56.3110047079972,,56.30228900001384,56.3110047079972,57.292141707992414,57.292141707992414,57.292141707992414,57.292141707992414,57.30886133300373,58.29387225001119,58.29387225001119,58.31969166599447,v,1,0.017827333009336144,None,,,,,p3,001,2025-09-30_16h59.30.748,untitled,,2025.1.1,None,2025-09-30 17h00.00.269397 +0530,
50,c,26,2,6,c,1,0.041335957997944206,None,6,2,26,2,,,,,58.33456491600373,,58.32038841600297,58.33456491600373,59.31817358301487,59.31817358301487,59.31817358301487,59.31817358301487,59.32563300000038,60.31835420799325,60.31835420799325,60.369508958014194,c,1,0.041335957997944206,None,,,,,p3,001,2025-09-30_16h59.30.748,untitled,,2025.1.1,None,2025-09-30 17h00.00.269397 +0530,
-150,z,27,3,6,z,1,0.053671958012273535,None,6,3,27,3,,,,,60.38466079099453,,60.37008108300506,60.38466079099453,61.367709415993886,61.367709415993886,61.367709415993886,61.367709415993886,61.37526608299231,62.37762866599951,62.37762866599951,62.436000249988865,z,1,0.053671958012273535,None,,,,,p3,001,2025-09-30_16h59.30.748,untitled,,2025.1.1,None,2025-09-30 17h00.00.269397 +0530,
-50,x,28,0,7,x,1,0.1703994160052389,None,7,0,28,0,,,,,62.44562370801577,,62.436562415998196,62.44562370801577,63.45198287500534,63.45198287500534,63.45198287500534,63.45198287500534,63.46863812499214,64.4369607080007,64.4369607080007,64.61008333301288,x,1,0.1703994160052389,None,,,,,p3,001,2025-09-30_16h59.30.748,untitled,,2025.1.1,None,2025-09-30 17h00.00.269397 +0530,
150,v,29,1,7,v,1,0.07394458400085568,None,7,1,29,1,,,,,64.63515016599558,,64.6106311249896,64.63515016599558,65.60938245800207,65.60938245800207,65.60938245800207,65.60938245800207,65.62562574999174,66.61845995800104,66.61845995800104,66.70246070800931,v,1,0.07394458400085568,None,,,,,p3,001,2025-09-30_16h59.30.748,untitled,,2025.1.1,None,2025-09-30 17h00.00.269397 +0530,
50,c,30,2,7,c,1,0.023324917012359947,None,7,2,30,2,,,,,66.7120233750029,,66.70299508300377,66.7120233750029,67.696485708002,67.696485708002,67.696485708002,67.696485708002,67.70413220798946,68.69419075001497,68.69419075001497,68.71960174999549,c,1,0.023324917012359947,None,,,,,p3,001,2025-09-30_16h59.30.748,untitled,,2025.1.1,None,2025-09-30 17h00.00.269397 +0530,
-150,z,31,3,7,z,1,0.09862516701105051,None,7,3,31,3,,,,,68.72558862500591,,68.72014179101097,68.72558862500591,69.71815708299982,69.71815708299982,69.71815708299982,69.71815708299982,69.71815708299982,70.71780920799938,70.71780920799938,70.82141633299761,z,1,0.09862516701105051,None,,,,,p3,001,2025-09-30_16h59.30.748,untitled,,2025.1.1,None,2025-09-30 17h00.00.269397 +0530,
-50,x,32,0,8,x,1,0.17441037500975654,None,8,0,32,0,,,,,70.83455775000039,,70.8219507499889,70.83455775000039,71.81800333299907,71.81800333299907,71.81800333299907,71.81800333299907,71.82461650000187,72.82011195798987,72.82011195798987,73.00479583299602,x,1,0.17441037500975654,None,,,,,p3,001,2025-09-30_16h59.30.748,untitled,,2025.1.1,None,2025-09-30 17h00.00.269397 +0530,
150,v,33,1,8,v,1,0.047158375004073605,None,8,1,33,1,,,,,73.01592745800735,,73.00560945799225,73.01592745800735,74.00136754100095,74.00136754100095,74.00136754100095,74.00136754100095,74.00920612498885,75.00129320801352,75.00129320801352,75.05228083301336,v,1,0.047158375004073605,None,,,,,p3,001,2025-09-30_16h59.30.748,untitled,,2025.1.1,None,2025-09-30 17h00.00.269397 +0530,
50,c,34,2,8,c,1,0.050633625010959804,None,8,2,34,2,,,,,75.06175545800943,,75.05277199999546,75.06175545800943,76.04238891601562,76.04238891601562,76.04238891601562,76.04238891601562,76.05980958300643,77.04190250000102,77.04190250000102,77.1023240830109,c,1,0.050633625010959804,None,,,,,p3,001,2025-09-30_16h59.30.748,untitled,,2025.1.1,None,2025-09-30 17h00.00.269397 +0530,
-150,z,35,3,8,z,1,0.1623586250061635,None,8,3,35,3,,,,,77.11161754099885,,77.10285195801407,77.11161754099885,78.0926982910023,78.0926982910023,78.0926982910023,78.0926982910023,78.11005804099841,79.1022092080093,79.1022092080093,79.26944604099845,z,1,0.1623586250061635,None,,,,,p3,001,2025-09-30_16h59.30.748,untitled,,2025.1.1,None,2025-09-30 17h00.00.269397 +0530,
-50,x,36,0,9,x,1,0.07238087500445545,None,9,0,36,0,,,,,79.27908754101372,,79.26998333301162,79.27908754101372,80.26824141599354,80.26824141599354,80.26824141599354,80.26824141599354,80.27545462499256,81.26805862499168,81.26805862499168,81.34255391600891,x,1,0.07238087500445545,None,,,,,p3,001,2025-09-30_16h59.30.748,untitled,,2025.1.1,None,2025-09-30 17h00.00.269397 +0530,
150,v,37,1,9,v,1,0.06258012499893084,None,9,1,37,1,,,,,81.3515591660107,,81.34298041599686,81.3515591660107,82.3448358750029,82.3448358750029,82.3448358750029,82.3448358750029,82.3448358750029,83.35207745799562,83.35207745799562,83.42102508299286,v,1,0.06258012499893084,None,,,,,p3,001,2025-09-30_16h59.30.748,untitled,,2025.1.1,None,2025-09-30 17h00.00.269397 +0530,
50,c,38,2,9,c,1,0.14228575001470745,None,9,2,38,2,,,,,83.43245145800756,,83.42182279098779,83.43245145800756,84.41834549998748,84.41834549998748,84.41834549998748,84.41834549998748,84.42610262500239,85.41815045799012,85.41815045799012,85.56952916600858,c,1,0.14228575001470745,None,,,,,p3,001,2025-09-30_16h59.30.748,untitled,,2025.1.1,None,2025-09-30 17h00.00.269397 +0530,
-150,z,39,3,9,z,1,0.09179204198881052,None,9,3,39,3,,,,,85.57921566598816,,85.57007641601376,85.57921566598816,86.56916304101469,86.56916304101469,86.56916304101469,86.56916304101469,86.57623633299954,87.56768508299137,87.56768508299137,87.66933433301165,z,1,0.09179204198881052,None,,,,,p3,001,2025-09-30_16h59.30.748,untitled,,2025.1.1,None,2025-09-30 17h00.00.269397 +0530,
-50,x,40,0,10,x,1,0.11139095900580287,None,10,0,40,0,,,,,87.67839987500338,,87.6698701250134,87.67839987500338,88.65875291600241,88.65875291600241,88.65875291600241,88.65875291600241,88.67530445801094,89.66006966598798,89.66006966598798,89.77719829100533,x,1,0.11139095900580287,None,,,,,p3,001,2025-09-30_16h59.30.748,untitled,,2025.1.1,None,2025-09-30 17h00.00.269397 +0530,
150,v,41,1,10,v,1,0.1408959580003284,None,10,1,41,1,,,,,89.78698833301314,,89.77777216600953,89.78698833301314,90.7851050409954,90.7851050409954,90.7851050409954,90.7851050409954,90.80249695800012,91.7756209160143,91.7756209160143,91.93725870799972,v,1,0.1408959580003284,None,,,,,p3,001,2025-09-30_16h59.30.748,untitled,,2025.1.1,None,2025-09-30 17h00.00.269397 +0530,
50,c,42,2,10,c,1,0.021255666011711583,None,10,2,42,2,,,,,91.95194545801496,,91.937938957999,91.95194545801496,92.9353185830114,92.9353185830114,92.9353185830114,92.9353185830114,92.94255970799713,93.93514541600598,93.93514541600598,93.96012016601162,c,1,0.021255666011711583,None,,,,,p3,001,2025-09-30_16h59.30.748,untitled,,2025.1.1,None,2025-09-30 17h00.00.269397 +0530,
-150,z,43,3,10,z,1,0.16639625001698732,None,10,3,43,3,,,,,93.97125562501606,,93.9606780000031,93.97125562501606,94.95194841601187,94.95194841601187,94.95194841601187,94.95194841601187,94.96861883299425,95.96908191600232,95.96908191600232,96.15411900001345,z,1,0.16639625001698732,None,,,,,p3,001,2025-09-30_16h59.30.748,untitled,,2025.1.1,None,2025-09-30 17h00.00.269397 +0530,
-50,x,44,0,11,x,1,0.1455365419969894,None,11,0,44,0,,,,,96.16867566600558,,96.15480920800474,96.16867566600558,97.15540791599778,97.15540791599778,97.15540791599778,97.15540791599778,97.16914912499487,98.15194704101305,98.15194704101305,98.30300350001198,x,1,0.1455365419969894,None,,,,,p3,001,2025-09-30_16h59.30.748,untitled,,2025.1.1,None,2025-09-30 17h00.00.269397 +0530,
150,v,45,1,11,v,1,0.07302454201271757,None,11,1,45,1,,,,,98.31246020799153,,98.30356150001171,98.31246020799153,99.29404025000986,99.29404025000986,99.29404025000986,99.29404025000986,99.33619104098761,100.31946908301325,100.31946908301325,100.39452333300142,v,1,0.07302454201271757,None,,,,,p3,001,2025-09-30_16h59.30.748,untitled,,2025.1.1,None,2025-09-30 17h00.00.269397 +0530,
50,c,46,2,11,c,1,0.1881019999855198,None,11,2,46,2,,,,,100.41928324999753,,100.39506820798852,100.41928324999753,101.39305437498842,101.39305437498842,101.39305437498842,101.39305437498842,101.40901545798988,102.39539716599393,102.39539716599393,102.58661387499887,c,1,0.1881019999855198,None,,,,,p3,001,2025-09-30_16h59.30.748,untitled,,2025.1.1,None,2025-09-30 17h00.00.269397 +0530,
-150,z,47,3,11,z,1,0.1425519170006737,None,11,3,47,3,,,,,102.59651854098774,,102.58714983300888,102.59651854098774,103.5772399159905,103.5772399159905,103.5772399159905,103.5772399159905,103.6199300000153,104.60295358300209,104.60295358300209,104.75344150001183,z,1,0.1425519170006737,None,,,,,p3,001,2025-09-30_16h59.30.748,untitled,,2025.1.1,None,2025-09-30 17h00.00.269397 +0530,
-50,x,48,0,12,x,1,0.014355583989527076,None,12,0,48,0,,,,,104.7622694580059,,104.75388750000275,104.7622694580059,105.75209324999014,105.75209324999014,105.75209324999014,105.75209324999014,105.75850608298788,106.75214466601028,106.75214466601028,106.77008820799529,x,1,0.014355583989527076,None,,,,,p3,001,2025-09-30_16h59.30.748,untitled,,2025.1.1,None,2025-09-30 17h00.00.269397 +0530,
150,v,49,1,12,v,1,0.23054525000043213,None,12,1,49,1,,,,,106.77957062498899,,106.77062495800783,106.77957062498899,107.76941629100475,107.76941629100475,107.76941629100475,107.76941629100475,107.77661458301009,108.76903195801424,108.76903195801424,109.0035316249996,v,1,0.23054525000043213,None,,,,,p3,001,2025-09-30_16h59.30.748,untitled,,2025.1.1,None,2025-09-30 17h00.00.269397 +0530,
50,c,50,2,12,c,1,0.143431666016113,None,12,2,50,2,,,,,109.01367183300317,,109.0040954159922,109.01367183300317,110.00226166599896,110.00226166599896,110.00226166599896,110.00226166599896,110.00905541601242,111.0021124999912,111.0021124999912,111.15324391599279,c,1,0.143431666016113,None,,,,,p3,001,2025-09-30_16h59.30.748,untitled,,2025.1.1,None,2025-09-30 17h00.00.269397 +0530,
-150,z,51,3,12,z,1,0.23690874999738298,None,12,3,51,3,,,,,111.16212208301295,,111.15368412499083,111.16212208301295,112.15321858300013,112.15321858300013,112.15321858300013,112.15321858300013,112.16116483299993,113.16968441600329,113.16968441600329,113.42157325000153,z,1,0.23690874999738298,None,,,,,p3,001,2025-09-30_16h59.30.748,untitled,,2025.1.1,None,2025-09-30 17h00.00.269397 +0530,
-50,x,52,0,13,x,1,0.31228466698667035,None,13,0,52,0,,,,,113.43268125000759,,113.42226958301035,113.43268125000759,114.41976404099842,114.41976404099842,114.41976404099842,114.41976404099842,114.42634870798793,115.41846975000226,115.41846975000226,115.73685650000698,x,1,0.31228466698667035,None,,,,,p3,001,2025-09-30_16h59.30.748,untitled,,2025.1.1,None,2025-09-30 17h00.00.269397 +0530,
150,v,53,1,13,v,1,0.2756855000043288,None,13,1,53,1,,,,,115.74642474998836,,115.73739470800501,115.74642474998836,116.73647033300949,116.73647033300949,116.73647033300949,116.73647033300949,116.74367287498899,117.73577425000258,117.73577425000258,118.02065237500938,v,1,0.2756855000043288,None,,,,,p3,001,2025-09-30_16h59.30.748,untitled,,2025.1.1,None,2025-09-30 17h00.00.269397 +0530,
50,c,54,2,13,c,1,0.02753716701408848,None,13,2,54,2,,,,,118.03109495801618,,118.02125175000401,118.03109495801618,119.01972124999156,119.01972124999156,119.01972124999156,119.01972124999156,119.02646416600328,120.01910966599826,120.01910966599826,120.05353704100708,c,1,0.02753716701408848,None,,,,,p3,001,2025-09-30_16h59.30.748,untitled,,2025.1.1,None,2025-09-30 17h00.00.269397 +0530,
-150,z,55,3,13,z,1,0.40928691599401645,None,13,3,55,3,,,,,120.06287712499034,,120.05395654099993,120.06287712499034,121.05297262500972,121.05297262500972,121.05297262500972,121.05297262500972,121.06072583299829,122.05326520800008,122.05326520800008,122.47032079100609,z,1,0.40928691599401645,None,,,,,p3,001,2025-09-30_16h59.30.748,untitled,,2025.1.1,None,2025-09-30 17h00.00.269397 +0530,
-50,x,56,0,14,x,1,0.5694833750021644,None,14,0,56,0,,,,,122.47954508301336,,122.47075562499231,122.47954508301336,123.45984116601176,123.45984116601176,123.45984116601176,123.45984116601176,123.47610987498774,124.46934408301604,124.46934408301604,125.04443595799967,x,1,0.5694833750021644,None,,,,,p3,001,2025-09-30_16h59.30.748,untitled,,2025.1.1,None,2025-09-30 17h00.00.269397 +0530,
150,v,57,1,14,v,1,0.2949722499761265,None,14,1,57,1,,,,,125.05506754099042,,125.0450278329954,125.05506754099042,126.04411258301116,126.04411258301116,126.04411258301116,126.04411258301116,126.07007000001613,127.0437337080075,127.0437337080075,127.35499437499675,v,1,0.2949722499761265,None,,,,,p3,001,2025-09-30_16h59.30.748,untitled,,2025.1.1,None,2025-09-30 17h00.00.269397 +0530,
50,c,58,2,14,c,1,0.2435064580058679,None,14,2,58,2,,,,,127.36966466601007,,127.35569758299971,127.36966466601007,128.3532478749985,128.3532478749985,128.3532478749985,128.3532478749985,128.36002570801065,129.35345208301442,129.35345208301442,129.60509337499388,c,1,0.2435064580058679,None,,,,,p3,001,2025-09-30_16h59.30.748,untitled,,2025.1.1,None,2025-09-30 17h00.00.269397 +0530,
-150,z,59,3,14,z,1,0.34085462501388974,None,14,3,59,3,,,,,129.61935679099406,,129.60583270800998,129.61935679099406,130.60346154100262,130.60346154100262,130.60346154100262,130.60346154100262,130.6101452909934,131.6027250830084,131.6027250830084,131.95410129099037,z,1,0.34085462501388974,None,,,,,p3,001,2025-09-30_16h59.30.748,untitled,,2025.1.1,None,2025-09-30 17h00.00.269397 +0530,
-50,x,60,0,15,x,1,0.49688925000373274,None,15,0,60,0,,,,,131.96379720800905,,131.95469837498968,131.96379720800905,132.95296195801347,132.95296195801347,132.95296195801347,132.95296195801347,132.95988375000888,133.95274991600309,133.95274991600309,134.45444779100944,x,1,0.49688925000373274,None,,,,,p3,001,2025-09-30_16h59.30.748,untitled,,2025.1.1,None,2025-09-30 17h00.00.269397 +0530,
150,v,61,1,15,v,1,0.5576281669782475,None,15,1,61,1,,,,,134.46411541599082,,134.4550404160109,134.46411541599082,135.45368845801568,135.45368845801568,135.45368845801568,135.45368845801568,135.46068583300803,136.45295658300165,136.45295658300165,137.02086562500335,v,1,0.5576281669782475,None,,,,,p3,001,2025-09-30_16h59.30.748,untitled,,2025.1.1,None,2025-09-30 17h00.00.269397 +0530,
50,c,62,2,15,c,1,0.3371937079937197,None,15,2,62,2,,,,,137.03037779100123,,137.0214190830011,137.03037779100123,138.01953749998938,138.01953749998938,138.01953749998938,138.01953749998938,138.0270143749949,139.01962866599206,139.01962866599206,139.361246415996,c,1,0.3371937079937197,None,,,,,p3,001,2025-09-30_16h59.30.748,untitled,,2025.1.1,None,2025-09-30 17h00.00.269397 +0530,
-150,z,63,3,15,z,1,0.21473750000586733,None,15,3,63,3,,,,,139.37223637499847,,139.36184708299697,139.37223637499847,140.35297791601624,140.35297791601624,140.35297791601624,140.35297791601624,140.3696182910062,141.35288700001547,141.35288700001547,141.571190415998,z,1,0.21473750000586733,None,,,,,p3,001,2025-09-30_16h59.30.748,untitled,,2025.1.1,None,2025-09-30 17h00.00.269397 +0530,
-50,x,64,0,16,x,1,0.3367495420097839,None,16,0,64,0,,,,,141.58106166598736,,141.57172745800926,141.58106166598736,142.56975837500067,142.56975837500067,142.56975837500067,142.56975837500067,142.5771499160037,143.5696271659981,143.5696271659981,143.9109910830157,x,1,0.3367495420097839,None,,,,,p3,001,2025-09-30_16h59.30.748,untitled,,2025.1.1,None,2025-09-30 17h00.00.269397 +0530,
150,v,65,1,16,v,1,0.7791483330074698,None,16,1,65,1,,,,,143.92047295800876,,143.91155491600512,143.92047295800876,144.90329091600142,144.90329091600142,144.90329091600142,144.90329091600142,144.91032850000192,145.90358991600806,145.90358991600806,146.68738645801204,v,1,0.7791483330074698,None,,,,,p3,001,2025-09-30_16h59.30.748,untitled,,2025.1.1,None,2025-09-30 17h00.00.269397 +0530,
50,c,66,2,16,c,1,0.4031661670014728,None,16,2,66,2,,,,,146.6971181250119,,146.6879271249927,146.6971181250119,147.67884920799406,147.67884920799406,147.67884920799406,147.67884920799406,147.7036934159987,148.67749750000075,148.67749750000075,149.08827070801635,c,1,0.4031661670014728,None,,,,,p3,001,2025-09-30_16h59.30.748,untitled,,2025.1.1,None,2025-09-30 17h00.00.269397 +0530,
-150,z,67,3,16,z,1,0.2299097079958301,None,16,3,67,3,,,,,149.09813020800357,,149.08901295799296,149.09813020800357,150.08728025000892,150.08728025000892,150.08728025000892,150.08728025000892,150.0943546660128,151.10394354100572,151.10394354100572,151.33840504099499,z,1,0.2299097079958301,None,,,,,p3,001,2025-09-30_16h59.30.748,untitled,,2025.1.1,None,2025-09-30 17h00.00.269397 +0530,
-50,x,68,0,17,x,1,1.1501947910001036,None,17,0,68,0,,,,,151.3482807080145,,151.33896920800908,151.3482807080145,152.33655683300458,152.33655683300458,152.33655683300458,152.33655683300458,152.34435070800828,153.33652479099692,153.33652479099692,154.48816416598856,x,1,1.1501947910001036,None,,,,,p3,001,2025-09-30_16h59.30.748,untitled,,2025.1.1,None,2025-09-30 17h00.00.269397 +0530,
150,v,69,1,17,c,0,0.989299957989715,None,17,1,69,1,,,,,154.49811208300525,,154.48874237498967,154.49811208300525,155.48662675000378,155.48662675000378,155.48662675000378,155.48662675000378,155.49402275000466,156.48732275000657,156.48732275000657,157.4875669160101,c,0,0.989299957989715,None,,,,,p3,001,2025-09-30_16h59.30.748,untitled,,2025.1.1,None,2025-09-30 17h00.00.269397 +0530,
50,c,70,2,17,x,0,0.1233256249979604,None,17,2,70,2,,,,,157.49688833300024,,157.48807641598978,157.49688833300024,158.4772401660157,158.4772401660157,158.4772401660157,158.4772401660157,158.49358112498885,159.47729420801625,159.47729420801625,159.60463654101477,x,0,0.1233256249979604,None,,,,,p3,001,2025-09-30_16h59.30.748,untitled,,2025.1.1,None,2025-09-30 17h00.00.269397 +0530,
-150,z,71,3,17,z,1,0.2014496249903459,None,17,3,71,3,,,,,159.61401495800237,,159.60517745799734,159.61401495800237,160.59474483301165,160.59474483301165,160.59474483301165,160.59474483301165,160.6116198330128,161.60422704101074,161.60422704101074,161.8226624999952,z,1,0.2014496249903459,None,,,,,p3,001,2025-09-30_16h59.30.748,untitled,,2025.1.1,None,2025-09-30 17h00.00.269397 +0530,
-50,x,72,0,18,c,0,0.355905584001448,None,18,0,72,0,,,,,161.8350468330027,,161.82351608300814,161.8350468330027,162.82018908299506,162.82018908299506,162.82018908299506,162.82018908299506,162.827027249994,163.82014866601094,163.82014866601094,164.18886774999555,c,0,0.355905584001448,None,,,,,p3,001,2025-09-30_16h59.30.748,untitled,,2025.1.1,None,2025-09-30 17h00.00.269397 +0530,
150,v,73,1,18,z,0,0.07995437498902902,None,18,1,73,1,,,,,164.20387291599764,,164.18951487500453,164.20387291599764,165.18685337499483,165.18685337499483,165.18685337499483,165.18685337499483,165.19329787499737,166.18682104098843,166.18682104098843,166.2714251250145,z,0,0.07995437498902902,None,,,,,p3,001,2025-09-30_16h59.30.748,untitled,,2025.1.1,None,2025-09-30 17h00.00.269397 +0530,
50,c,74,2,18,c,1,0.7854429580038413,None,18,2,74,2,,,,,166.28129508299753,,166.27195758299786,166.28129508299753,167.27070937500685,167.27070937500685,167.27070937500685,167.27070937500685,167.27904991598916,168.27023158301017,168.27023158301017,169.06196279099095,c,1,0.7854429580038413,None,,,,,p3,001,2025-09-30_16h59.30.748,untitled,,2025.1.1,None,2025-09-30 17h00.00.269397 +0530,
-150,z,75,3,18,z,1,1.327291666995734,None,18,3,75,3,,,,,169.0877247499884,,169.06252412500908,169.0877247499884,170.05370695798774,170.05370695798774,170.05370695798774,170.05370695798774,170.07699587498792,171.05336729099508,171.05336729099508,172.38864945800742,z,1,1.327291666995734,None,,,,,p3,001,2025-09-30_16h59.30.748,untitled,,2025.1.1,None,2025-09-30 17h00.00.269397 +0530,
-50,x,76,0,19,c,0,0.20271916597266681,None,19,0,76,0,,,,,172.3983795410022,,172.38922541600186,172.3983795410022,173.38798537501134,173.38798537501134,173.38798537501134,173.38798537501134,173.39455266599543,174.38700625000638,174.38700625000638,174.59690916599357,c,0,0.20271916597266681,None,,,,,p3,001,2025-09-30_16h59.30.748,untitled,,2025.1.1,None,2025-09-30 17h00.00.269397 +0530,
150,v,77,1,19,v,1,0.2726206249790266,None,19,1,77,1,,,,,174.6067338330031,,174.59750712499954,174.6067338330031,175.59502741601318,175.59502741601318,175.59502741601318,175.59502741601318,175.60375683300663,176.5939919160155,176.5939919160155,176.87172141601332,v,1,0.2726206249790266,None,,,,,p3,001,2025-09-30_16h59.30.748,untitled,,2025.1.1,None,2025-09-30 17h00.00.269397 +0530,
50,c,78,2,19,c,1,0.1332510829961393,None,19,2,78,2,,,,,176.88128354100627,,176.87225549999857,176.88128354100627,177.87100600000122,177.87100600000122,177.87100600000122,177.87100600000122,177.87853250000626,178.87049287499394,178.87049287499394,179.00494704101584,c,1,0.1332510829961393,None,,,,,p3,001,2025-09-30_16h59.30.748,untitled,,2025.1.1,None,2025-09-30 17h00.00.269397 +0530,
-150,z,79,3,19,z,1,0.12802099998225458,None,19,3,79,3,,,,,179.01100866601337,,179.00549054099247,179.01100866601337,179.9951392080111,179.9951392080111,179.9951392080111,179.9951392080111,180.00376558300923,181.004713250004,181.004713250004,181.13833604101092,z,1,0.12802099998225458,None,,,,,p3,001,2025-09-30_16h59.30.748,untitled,,2025.1.1,None,2025-09-30 17h00.00.269397 +0530,
-50,x,80,0,20,x,1,0.035546792001696303,None,20,0,80,0,,,,,181.14738495799247,,181.13887462500134,181.14738495799247,182.12948291600333,182.12948291600333,182.12948291600333,182.12948291600333,182.14599583300878,183.1372720829968,183.1372720829968,183.17893625001307,x,1,0.035546792001696303,None,,,,,p3,001,2025-09-30_16h59.30.748,untitled,,2025.1.1,None,2025-09-30 17h00.00.269397 +0530,
150,v,81,1,20,v,1,0.11645516601856798,None,20,1,81,1,,,,,183.19030533300247,,183.17950970798847,183.19030533300247,184.18065037499764,184.18065037499764,184.18065037499764,184.18065037499764,184.1893264160026,185.17128366601537,185.17128366601537,185.28986629101564,v,1,0.11645516601856798,None,,,,,p3,001,2025-09-30_16h59.30.748,untitled,,2025.1.1,None,2025-09-30 17h00.00.269397 +0530,
50,c,82,2,20,c,1,0.07148524999502115,None,20,2,82,2,,,,,185.30072466601268,,185.29054200000246,185.30072466601268,186.28747666600975,186.28747666600975,186.28747666600975,186.28747666600975,186.29694845800987,187.2962547079951,187.2962547079951,187.37197124998784,c,1,0.07148524999502115,None,,,,,p3,001,2025-09-30_16h59.30.748,untitled,,2025.1.1,None,2025-09-30 17h00.00.269397 +0530,
-150,z,83,3,20,z,1,0.2620440000027884,None,20,3,83,3,,,,,187.38072233300772,,187.3724959579995,187.38072233300772,188.37163754101493,188.37163754101493,188.37163754101493,188.37163754101493,188.37854087501182,189.3706999999995,189.3706999999995,189.63869629098917,z,1,0.2620440000027884,None,,,,,p3,001,2025-09-30_16h59.30.748,untitled,,2025.1.1,None,2025-09-30 17h00.00.269397 +0530,
-50,x,84,0,21,x,1,0.4544372920063324,None,21,0,84,0,,,,,189.64794895800878,,189.6392235409876,189.64794895800878,190.63754995798809,190.63754995798809,190.63754995798809,190.63754995798809,190.64454879099503,191.6374285829952,191.6374285829952,192.09583149998798,x,1,0.4544372920063324,None,,,,,p3,001,2025-09-30_16h59.30.748,untitled,,2025.1.1,None,2025-09-30 17h00.00.269397 +0530,
150,v,85,1,21,v,1,0.4594372090068646,None,21,1,85,1,,,,,192.1068835000042,,192.09643125001458,192.1068835000042,193.0879946660134,193.0879946660134,193.0879946660134,193.0879946660134,193.10419704101514,194.10520837499644,194.10520837499644,194.572532916005,v,1,0.4594372090068646,None,,,,,p3,001,2025-09-30_16h59.30.748,untitled,,2025.1.1,None,2025-09-30 17h00.00.269397 +0530,
50,c,86,2,21,c,1,0.508819874987239,None,21,2,86,2,,,,,194.58263579101185,,194.57318375000614,194.58263579101185,195.5712728750077,195.5712728750077,195.5712728750077,195.5712728750077,195.57876466598827,196.57191308299662,196.57191308299662,197.0888527079951,c,1,0.508819874987239,None,,,,,p3,001,2025-09-30_16h59.30.748,untitled,,2025.1.1,None,2025-09-30 17h00.00.269397 +0530,
-150,z,87,3,21,z,1,0.5316975410096347,None,21,3,87,3,,,,,197.0982742079941,,197.08929274999537,197.0982742079941,198.08818625001004,198.08818625001004,198.08818625001004,198.08818625001004,198.09540724998806,199.1051804999879,199.1051804999879,199.63897595799062,z,1,0.5316975410096347,None,,,,,p3,001,2025-09-30_16h59.30.748,untitled,,2025.1.1,None,2025-09-30 17h00.00.269397 +0530,
-50,x,88,0,22,x,1,0.3830974170123227,None,22,0,88,0,,,,,199.64501579100033,,199.63950183300767,199.64501579100033,200.6384114579996,200.6384114579996,200.6384114579996,200.6384114579996,200.6384114579996,201.6296929579985,201.6296929579985,202.02265387499938,x,1,0.3830974170123227,None,,,,,p3,001,2025-09-30_16h59.30.748,untitled,,2025.1.1,None,2025-09-30 17h00.00.269397 +0530,
150,v,89,1,22,v,1,0.42082400000072084,None,22,1,89,1,,,,,202.03312249999726,,202.0233695830102,202.03312249999726,203.0212943330116,203.0212943330116,203.0212943330116,203.0212943330116,203.02909674998955,204.01296329099569,204.01296329099569,204.43906845801394,v,1,0.42082400000072084,None,,,,,p3,001,2025-09-30_16h59.30.748,untitled,,2025.1.1,None,2025-09-30 17h00.00.269397 +0530,
50,c,90,2,22,c,1,0.3110014999983832,None,22,2,90,2,,,,,204.44874516600976,,204.43960570800118,204.44874516600976,205.43813737499295,205.43813737499295,205.43813737499295,205.43813737499295,205.44515837499057,206.43780625000363,206.43780625000363,206.75567329101614,c,1,0.3110014999983832,None,,,,,p3,001,2025-09-30_16h59.30.748,untitled,,2025.1.1,None,2025-09-30 17h00.00.269397 +0530,
-150,z,91,3,22,z,1,0.47325270899455063,None,22,3,91,3,,,,,206.7650237499911,,206.75612670800183,206.7650237499911,207.75450333300978,207.75450333300978,207.75450333300978,207.75450333300978,207.7612414160103,208.7545205829956,208.7545205829956,209.22957075000159,z,1,0.47325270899455063,None,,,,,p3,001,2025-09-30_16h59.30.748,untitled,,2025.1.1,None,2025-09-30 17h00.00.269397 +0530,
-50,x,92,0,23,x,1,0.027631083998130634,None,23,0,92,0,,,,,209.24065283298842,,209.2301062500046,209.24065283298842,210.2219380410097,210.2219380410097,210.2219380410097,210.2219380410097,210.23788454101305,211.23023116600234,211.23023116600234,211.26333262500702,x,1,0.027631083998130634,None,,,,,p3,001,2025-09-30_16h59.30.748,untitled,,2025.1.1,None,2025-09-30 17h00.00.269397 +0530,
150,v,93,1,23,v,1,0.22156929201446474,None,23,1,93,1,,,,,211.27425483299885,,211.26388720801333,211.27425483299885,212.2553749580111,212.2553749580111,212.2553749580111,212.2553749580111,212.28853749998962,213.2615068749874,213.2615068749874,213.49047945800703,v,1,0.22156929201446474,None,,,,,p3,001,2025-09-30_16h59.30.748,untitled,,2025.1.1,None,2025-09-30 17h00.00.269397 +0530,
50,c,94,2,23,c,1,0.3233189579914324,None,23,2,94,2,,,,,213.5015020830033,,213.4911676660122,213.5015020830033,214.48883141600527,214.48883141600527,214.48883141600527,214.48883141600527,214.4957302910043,215.48757529101567,215.48757529101567,215.82336229100474,c,1,0.3233189579914324,None,,,,,p3,001,2025-09-30_16h59.30.748,untitled,,2025.1.1,None,2025-09-30 17h00.00.269397 +0530,
-150,z,95,3,23,x,0,0.11657304098480381,None,23,3,95,3,,,,,215.83235329101444,,215.823935583001,215.83235329101444,216.82138070798828,216.82138070798828,216.82138070798828,216.82138070798828,216.82805979100522,217.82132916600676,217.82132916600676,217.93936537500122,x,0,0.11657304098480381,None,,,,,p3,001,2025-09-30_16h59.30.748,untitled,,2025.1.1,None,2025-09-30 17h00.00.269397 +0530,
-50,x,96,0,24,x,1,0.22994387499056756,None,24,0,96,0,,,,,217.9456174999941,,217.93988662501215,217.9456174999941,218.95547291601542,218.95547291601542,218.95547291601542,218.95547291601542,218.95547291601542,219.93888595799217,219.93888595799217,220.17484129100922,x,1,0.22994387499056756,None,,,,,p3,001,2025-09-30_16h59.30.748,untitled,,2025.1.1,None,2025-09-30 17h00.00.269397 +0530,
150,v,97,1,24,v,1,0.4779519170115236,None,24,1,97,1,,,,,220.1884816249949,,220.17526916600764,220.1884816249949,221.17156491600326,221.17156491600326,221.17156491600326,221.17156491600326,221.17859795800177,222.18894158300827,222.18894158300827,222.67306508301408,v,1,0.4779519170115236,None,,,,,p3,001,2025-09-30_16h59.30.748,untitled,,2025.1.1,None,2025-09-30 17h00.00.269397 +0530,
50,c,98,2,24,c,1,0.22806479199789464,None,24,2,98,2,,,,,222.68272879099823,,222.67362462499295,222.68272879099823,223.67160312499618,223.67160312499618,223.67160312499618,223.67160312499618,223.67871908299276,224.6717407499964,224.6717407499964,224.90709591601626,c,1,0.22806479199789464,None,,,,,p3,001,2025-09-30_16h59.30.748,untitled,,2025.1.1,None,2025-09-30 17h00.00.269397 +0530,
-150,z,99,3,24,z,1,0.1919265830074437,None,24,3,99,3,,,,,224.92151095799636,,224.90793849999318,224.92151095799636,225.90528875001473,225.90528875001473,225.90528875001473,225.90528875001473,225.91258216599817,226.90487187501276,226.90487187501276,227.10603241599165,z,1,0.1919265830074437,None,,,,,p3,001,2025-09-30_16h59.30.748,untitled,,2025.1.1,None,2025-09-30 17h00.00.269397 +0530,
-50,x,100,0,25,x,1,0.442839749972336,None,25,0,100,0,,,,,227.11493191600312,,227.10661083299783,227.11493191600312,228.09750891599106,228.09750891599106,228.09750891599106,228.09750891599106,228.1221876660129,229.10503070801497,229.10503070801497,229.55636216601124,x,1,0.442839749972336,None,,,,,p3,001,2025-09-30_16h59.30.748,untitled,,2025.1.1,None,2025-09-30 17h00.00.269397 +0530,
150,v,101,1,25,v,1,0.29251975001534447,None,25,1,101,1,,,,,229.5661289159907,,229.5569100000139,229.5661289159907,230.54759850000846,230.54759850000846,230.54759850000846,230.54759850000846,230.57251691599959,231.55529041599948,231.55529041599948,231.85646962499595,v,1,0.29251975001534447,None,,,,,p3,001,2025-09-30_16h59.30.748,untitled,,2025.1.1,None,2025-09-30 17h00.00.269397 +0530,
50,c,102,2,25,c,1,0.2407738329784479,None,25,2,102,2,,,,,231.86591875000158,,231.85699687499437,231.86591875000158,232.85566095801187,232.85566095801187,232.85566095801187,232.85566095801187,232.86262087500654,233.85509470800753,233.85509470800753,234.09712037499412,c,1,0.2407738329784479,None,,,,,p3,001,2025-09-30_16h59.30.748,untitled,,2025.1.1,None,2025-09-30 17h00.00.269397 +0530,
-150,z,103,3,25,z,1,0.256793332984671,None,25,3,103,3,,,,,234.10512620801455,,234.09754633301054,234.10512620801455,235.0958528330084,235.0958528330084,235.0958528330084,235.0958528330084,235.0958528330084,236.10594916599803,236.10594916599803,236.36446708301082,z,1,0.256793332984671,None,,,,,p3,001,2025-09-30_16h59.30.748,untitled,,2025.1.1,None,2025-09-30 17h00.00.269397 +0530,
-50,x,104,0,26,x,1,0.2514572080108337,None,26,0,104,0,,,,,236.3744781659916,,236.36498154100263,236.3744781659916,237.36327591599547,237.36327591599547,237.36327591599547,237.36327591599547,237.37185158301145,238.38941087501007,238.38941087501007,238.64677374999155,x,1,0.2514572080108337,None,,,,,p3,001,2025-09-30_16h59.30.748,untitled,,2025.1.1,None,2025-09-30 17h00.00.269397 +0530,
150,v,105,1,26,v,1,0.2797127080266364,None,26,1,105,1,,,,,238.67207683299785,,238.6472916660132,238.67207683299785,239.64639466599328,239.64639466599328,239.64639466599328,239.64639466599328,239.66307174999383,240.65616762501304,240.65616762501304,240.94021566599258,v,1,0.2797127080266364,None,,,,,p3,001,2025-09-30_16h59.30.748,untitled,,2025.1.1,None,2025-09-30 17h00.00.269397 +0530,
50,c,106,2,26,c,1,0.3724900420056656,None,26,2,106,2,,,,,240.94909149999148,,240.9407242909947,240.94909149999148,241.93862562501454,241.93862562501454,241.93862562501454,241.93862562501454,241.94620645800023,242.93940908298828,242.93940908298828,243.3144425410137,c,1,0.3724900420056656,None,,,,,p3,001,2025-09-30_16h59.30.748,untitled,,2025.1.1,None,2025-09-30 17h00.00.269397 +0530,
-150,z,107,3,26,z,1,0.34796779201133177,None,26,3,107,3,,,,,243.3226591660059,,243.31495500000892,243.3226591660059,244.31257804099005,244.31257804099005,244.31257804099005,244.31257804099005,244.31257804099005,245.312931708002,245.312931708002,245.66382245800924,z,1,0.34796779201133177,None,,,,,p3,001,2025-09-30_16h59.30.748,untitled,,2025.1.1,None,2025-09-30 17h00.00.269397 +0530,
-50,x,108,0,27,x,1,0.30968924998887815,None,27,0,108,0,,,,,245.68955775001086,,245.66437029099325,245.68955775001086,246.66303458300536,246.66303458300536,246.66303458300536,246.66303458300536,246.67960083301296,247.66518258300493,247.66518258300493,247.98083162499825,x,1,0.30968924998887815,None,,,,,p3,001,2025-09-30_16h59.30.748,untitled,,2025.1.1,None,2025-09-30 17h00.00.269397 +0530,
150,v,109,1,27,v,1,0.40932833298575133,None,27,1,109,1,,,,,248.00614591600606,,247.98136345800594,248.00614591600606,248.98018916600267,248.98018916600267,248.98018916600267,248.98018916600267,248.99605912499828,249.98947224998847,249.98947224998847,250.40672108301078,v,1,0.40932833298575133,None,,,,,p3,001,2025-09-30_16h59.30.748,untitled,,2025.1.1,None,2025-09-30 17h00.00.269397 +0530,
50,c,110,2,27,c,1,0.23089325000182725,None,27,2,110,2,,,,,250.41578529099934,,250.4071441660053,250.41578529099934,251.40559433298768,251.40559433298768,251.40559433298768,251.40559433298768,251.41337720799493,252.4059080000152,252.4059080000152,252.64014754100936,c,1,0.23089325000182725,None,,,,,p3,001,2025-09-30_16h59.30.748,untitled,,2025.1.1,None,2025-09-30 17h00.00.269397 +0530,
-150,z,111,3,27,z,1,0.29206245800014585,None,27,3,111,3,,,,,252.64950075000525,,252.64069912501145,252.64950075000525,253.63944075000472,253.63944075000472,253.63944075000472,253.63944075000472,253.64625483300188,254.63916662501288,254.63916662501288,254.94095304099028,z,1,0.29206245800014585,None,,,,,p3,001,2025-09-30_16h59.30.748,untitled,,2025.1.1,None,2025-09-30 17h00.00.269397 +0530,
-50,x,112,0,28,c,0,0.513908791996073,None,28,0,112,0,,,,,254.95570020799641,,254.94159745800425,254.95570020799641,255.93922504098737,255.93922504098737,255.93922504098737,255.93922504098737,255.94617516599828,256.93904433300486,256.93904433300486,257.4572677499964,c,0,0.513908791996073,None,,,,,p3,001,2025-09-30_16h59.30.748,untitled,,2025.1.1,None,2025-09-30 17h00.00.269397 +0530,
150,v,113,1,28,v,1,0.41926516700186767,None,28,1,113,1,,,,,257.46698466601083,,257.4578165409912,257.46698466601083,258.4557715409901,258.4557715409901,258.4557715409901,258.4557715409901,258.46279499999946,259.45567187501,259.45567187501,259.8806504580134,v,1,0.41926516700186767,None,,,,,p3,001,2025-09-30_16h59.30.748,untitled,,2025.1.1,None,2025-09-30 17h00.00.269397 +0530,
50,c,114,2,28,c,1,0.3909907499910332,None,28,2,114,2,,,,,259.9060476660088,,259.88117970799794,259.9060476660088,260.8803351249953,260.8803351249953,260.8803351249953,260.8803351249953,260.89694495798904,261.8899546659959,261.8899546659959,262.2919041250134,c,1,0.3909907499910332,None,,,,,p3,001,2025-09-30_16h59.30.748,untitled,,2025.1.1,None,2025-09-30 17h00.00.269397 +0530,
-150,z,115,3,28,z,1,0.5685614160029218,None,28,3,115,3,,,,,262.3030171249993,,262.29274616600014,262.3030171249993,263.2892717909999,263.2892717909999,263.2892717909999,263.2892717909999,263.29649562499253,264.28936225001235,264.28936225001235,264.86390170801315,z,1,0.5685614160029218,None,,,,,p3,001,2025-09-30_16h59.30.748,untitled,,2025.1.1,None,2025-09-30 17h00.00.269397 +0530,
-50,x,116,0,29,x,1,0.3318253339966759,None,29,0,116,0,,,,,264.88945170800434,,264.86443445799523,264.88945170800434,265.8563122499909,265.8563122499909,265.8563122499909,265.8563122499909,265.87953974999255,266.85618279100163,266.85618279100163,267.19055341600324,x,1,0.3318253339966759,None,,,,,p3,001,2025-09-30_16h59.30.748,untitled,,2025.1.1,None,2025-09-30 17h00.00.269397 +0530,
150,v,117,1,29,v,1,0.5726161249913275,None,29,1,117,1,,,,,267.20010745798936,,267.19110845800606,267.20010745798936,268.190163457999,268.190163457999,268.190163457999,268.190163457999,268.19726983300643,269.20663400000194,269.20663400000194,269.7914677080116,v,1,0.5726161249913275,None,,,,,p3,001,2025-09-30_16h59.30.748,untitled,,2025.1.1,None,2025-09-30 17h00.00.269397 +0530,
50,c,118,2,29,c,1,0.2509862080041785,None,29,2,118,2,,,,,269.80601783300517,,269.7922292079893,269.80601783300517,270.7902192079928,270.7902192079928,270.7902192079928,270.7902192079928,270.7970155829971,271.7900637499988,271.7900637499988,272.0490046250052,c,1,0.2509862080041785,None,,,,,p3,001,2025-09-30_16h59.30.748,untitled,,2025.1.1,None,2025-09-30 17h00.00.269397 +0530,
-150,z,119,3,29,z,1,0.35206454200670123,None,29,3,119,3,,,,,272.05935274998774,,272.0495452079922,272.05935274998774,273.04717500001425,273.04717500001425,273.04717500001425,273.04717500001425,273.05602187500335,274.0569112499943,274.0569112499943,274.41442716598976,z,1,0.35206454200670123,None,,,,,p3,001,2025-09-30_16h59.30.748,untitled,,2025.1.1,None,2025-09-30 17h00.00.269397 +0530,
-50,x,120,0,30,x,1,0.08152400000835769,None,30,0,120,0,,,,,274.4396219160117,,274.41495170799317,274.4396219160117,275.4066748750047,275.4066748750047,275.4066748750047,275.4066748750047,275.42981604099623,276.4133662499953,276.4133662499953,276.49738600000273,x,1,0.08152400000835769,None,,,,,p3,001,2025-09-30_16h59.30.748,untitled,,2025.1.1,None,2025-09-30 17h00.00.269397 +0530,
150,v,121,1,30,v,1,0.042682208004407585,None,30,1,121,1,,,,,276.5230302080163,,276.4979060830083,276.5230302080163,277.489578083012,277.489578083012,277.489578083012,277.489578083012,277.51279533299385,278.4963803330029,278.4963803330029,278.5407484160096,v,1,0.042682208004407585,None,,,,,p3,001,2025-09-30_16h59.30.748,untitled,,2025.1.1,None,2025-09-30 17h00.00.269397 +0530,
50,c,122,2,30,c,1,0.139257250004448,None,30,2,122,2,,,,,278.54750616601086,,278.54127712501213,278.54750616601086,279.53958066599444,279.53958066599444,279.53958066599444,279.53958066599444,279.53958066599444,280.5398498750001,280.5398498750001,280.6808198750077,c,1,0.139257250004448,None,,,,,p3,001,2025-09-30_16h59.30.748,untitled,,2025.1.1,None,2025-09-30 17h00.00.269397 +0530,
-150,z,123,3,30,z,1,0.12514962497516535,None,30,3,123,3,,,,,280.6895661249873,,280.6813323330134,280.6895661249873,281.67301520801266,281.67301520801266,281.67301520801266,281.67301520801266,281.6808865409985,282.6798483750026,282.6798483750026,282.8076660410152,z,1,0.12514962497516535,None,,,,,p3,001,2025-09-30_16h59.30.748,untitled,,2025.1.1,None,2025-09-30 17h00.00.269397 +0530,
-50,x,124,0,31,x,1,0.0007324170146603137,None,31,0,124,0,,,,,282.8171826660109,,282.808216541016,282.8171826660109,283.82331779101514,283.82331779101514,283.82331779101514,283.82331779101514,283.84042695799144,284.8071634579974,284.8071634579974,284.81639620801434,x,1,0.0007324170146603137,None,,,,,p3,001,2025-09-30_16h59.30.748,untitled,,2025.1.1,None,2025-09-30 17h00.00.269397 +0530,
150,v,125,1,31,v,1,0.1618540839990601,None,31,1,125,1,,,,,284.8259648329986,,284.8169276250119,284.8259648329986,285.8130632909888,285.8130632909888,285.8130632909888,285.8130632909888,285.8228831659944,286.8131034160033,286.8131034160033,286.98209812500863,v,1,0.1618540839990601,None,,,,,p3,001,2025-09-30_16h59.30.748,untitled,,2025.1.1,None,2025-09-30 17h00.00.269397 +0530,
50,c,126,2,31,c,1,0.08508708298904821,None,31,2,126,2,,,,,286.9926472910156,,286.9826645409921,286.9926472910156,287.98114387498936,287.98114387498936,287.98114387498936,287.98114387498936,287.9900612909987,288.98194195801625,288.98194195801625,289.0753605829959,c,1,0.08508708298904821,None,,,,,p3,001,2025-09-30_16h59.30.748,untitled,,2025.1.1,None,2025-09-30 17h00.00.269397 +0530,
-150,z,127,3,31,z,1,0.20999699999811128,None,31,3,127,3,,,,,289.0852286659938,,289.0760911249963,289.0852286659938,290.0740131250059,290.0740131250059,290.0740131250059,290.0740131250059,290.080742457998,291.07308254099917,291.07308254099917,291.291015625,z,1,0.20999699999811128,None,,,,,p3,001,2025-09-30_16h59.30.748,untitled,,2025.1.1,None,2025-09-30 17h00.00.269397 +0530,
-50,x,128,0,32,x,1,0.5665676659846213,None,32,0,128,0,,,,,291.30022999999346,,291.2914490000112,291.30022999999346,292.2900632079982,292.2900632079982,292.2900632079982,292.2900632079982,292.29703037498984,293.30743504100246,293.30743504100246,293.8823527499917,x,1,0.5665676659846213,None,,,,,p3,001,2025-09-30_16h59.30.748,untitled,,2025.1.1,None,2025-09-30 17h00.00.269397 +0530,
150,v,129,1,32,v,1,0.2750836669874843,None,32,1,129,1,,,,,293.89225833301316,,293.8829177500156,293.89225833301316,294.89069095801096,294.89069095801096,294.89069095801096,294.89069095801096,294.8977208750148,295.88287070801016,295.88287070801016,296.1646016250015,v,1,0.2750836669874843,None,,,,,p3,001,2025-09-30_16h59.30.748,untitled,,2025.1.1,None,2025-09-30 17h00.00.269397 +0530,
50,c,130,2,32,c,1,0.32186854098108597,None,32,2,130,2,,,,,296.1758919999993,,296.1651597910095,296.1758919999993,297.1647585000028,297.1647585000028,297.1647585000028,297.1647585000028,297.1733456660004,298.17417604100774,298.17417604100774,298.4995216249954,c,1,0.32186854098108597,None,,,,,p3,001,2025-09-30_16h59.30.748,untitled,,2025.1.1,None,2025-09-30 17h00.00.269397 +0530,
-150,z,131,3,32,z,1,0.33363933401415125,None,32,3,131,3,,,,,298.5092906659993,,298.50024829100585,298.5092906659993,299.4977102499979,299.4977102499979,299.4977102499979,299.4977102499979,299.5066233329999,300.5073904579913,300.5073904579913,300.859198457998,z,1,0.33363933401415125,None,,,,,p3,001,2025-09-30_16h59.30.748,untitled,,2025.1.1,None,2025-09-30 17h00.00.269397 +0530,
-50,x,132,0,33,x,1,0.4423549580096733,None,33,0,132,0,,,,,300.87333550001495,,300.8600538749888,300.87333550001495,301.85700991601334,301.85700991601334,301.85700991601334,301.85700991601334,301.8635632499936,302.85672629100736,302.85672629100736,303.30811216600705,x,1,0.4423549580096733,None,,,,,p3,001,2025-09-30_16h59.30.748,untitled,,2025.1.1,None,2025-09-30 17h00.00.269397 +0530,
150,v,133,1,33,v,1,0.07012454199139029,None,33,1,133,1,,,,,303.31796054099686,,303.3086607909936,303.31796054099686,304.3068912909948,304.3068912909948,304.3068912909948,304.3068912909948,304.31310887500877,305.32403145800345,305.32403145800345,305.3992709160084,v,1,0.07012454199139029,None,,,,,p3,001,2025-09-30_16h59.30.748,untitled,,2025.1.1,None,2025-09-30 17h00.00.269397 +0530,
50,c,134,2,33,c,1,0.286045875021955,None,33,2,134,2,,,,,305.40931787498994,,305.3996876250021,305.40931787498994,306.4076798330061,306.4076798330061,306.4076798330061,306.4076798330061,306.41559950000374,307.39195916600875,307.39195916600875,307.68183520800085,c,1,0.286045875021955,None,,,,,p3,001,2025-09-30_16h59.30.748,untitled,,2025.1.1,None,2025-09-30 17h00.00.269397 +0530,
-150,z,135,3,33,z,1,0.6767585839843377,None,33,3,135,3,,,,,307.70704487498733,,307.68239004100906,307.70704487498733,308.68015674999333,308.68015674999333,308.68015674999333,308.68015674999333,308.696824499988,309.68038508298923,309.68038508298923,310.36455666599795,z,1,0.6767585839843377,None,,,,,p3,001,2025-09-30_16h59.30.748,untitled,,2025.1.1,None,2025-09-30 17h00.00.269397 +0530,
-50,x,136,0,34,x,1,0.5971494170080405,None,34,0,136,0,,,,,310.373543624999,,310.3649945410143,310.373543624999,311.3569263330137,311.3569263330137,311.3569263330137,311.3569263330137,311.36360300000524,312.3569590410043,312.3569590410043,312.958287165995,x,1,0.5971494170080405,None,,,,,p3,001,2025-09-30_16h59.30.748,untitled,,2025.1.1,None,2025-09-30 17h00.00.269397 +0530,
150,v,137,1,34,v,1,1.1347187499923166,None,34,1,137,1,,,,,312.9680482909898,,312.958815416001,312.9680482909898,313.95728604099713,313.95728604099713,313.95728604099713,313.95728604099713,313.9654694159981,314.949304083013,314.949304083013,316.0918712079874,v,1,1.1347187499923166,None,,,,,p3,001,2025-09-30_16h59.30.748,untitled,,2025.1.1,None,2025-09-30 17h00.00.269397 +0530,
50,c,138,2,34,c,1,0.10106779201305471,None,34,2,138,2,,,,,316.10166254101205,,316.09243141600746,316.10166254101205,317.09064312500414,317.09064312500414,317.09064312500414,317.09064312500414,317.0974831659987,318.09106733300723,318.09106733300723,318.19859174999874,c,1,0.10106779201305471,None,,,,,p3,001,2025-09-30_16h59.30.748,untitled,,2025.1.1,None,2025-09-30 17h00.00.269397 +0530,
-150,z,139,3,34,z,1,3.2225223749992438,None,34,3,139,3,,,,,318.2073492500058,,318.1990761659981,318.2073492500058,319.19101654100814,319.19101654100814,319.19101654100814,319.19101654100814,319.1988667080004,320.1908225000079,320.1908225000079,323.4156765410153,z,1,3.2225223749992438,None,,,,,p3,001,2025-09-30_16h59.30.748,untitled,,2025.1.1,None,2025-09-30 17h00.00.269397 +0530,
-50,x,140,0,35,x,1,0.43907466702512465,None,35,0,140,0,,,,,323.44082858299953,,323.41618475000723,323.44082858299953,324.4149696659879,324.4149696659879,324.4149696659879,324.4149696659879,324.4308820000151,325.4161525410018,325.4161525410018,325.85829583299346,x,1,0.43907466702512465,None,,,,,p3,001,2025-09-30_16h59.30.748,untitled,,2025.1.1,None,2025-09-30 17h00.00.269397 +0530,
150,v,141,1,35,v,1,1.3266962920024525,None,35,1,141,1,,,,,325.86403108300874,,325.85871100000804,325.86403108300874,326.85729020799045,326.85729020799045,326.85729020799045,326.85729020799045,326.85729020799045,327.8496132080036,327.8496132080036,329.19287416600855,v,1,1.3266962920024525,None,,,,,p3,001,2025-09-30_16h59.30.748,untitled,,2025.1.1,None,2025-09-30 17h00.00.269397 +0530,
50,c,142,2,35,c,1,0.4223235840036068,None,35,2,142,2,,,,,329.2030080409895,,329.19344491598895,329.2030080409895,330.1907118750096,330.1907118750096,330.1907118750096,330.1907118750096,330.1973190830031,331.2078514159948,331.2078514159948,331.63238749999437,c,1,0.4223235840036068,None,,,,,p3,001,2025-09-30_16h59.30.748,untitled,,2025.1.1,None,2025-09-30 17h00.00.269397 +0530,
-150,z,143,3,35,z,1,0.7348537079815287,None,35,3,143,3,,,,,331.6581329579931,,331.6329260409984,331.6581329579931,332.6416542500083,332.6416542500083,332.6416542500083,332.6416542500083,332.64876829099376,333.6334862910153,333.6334862910153,334.3762877499976,z,1,0.7348537079815287,None,,,,,p3,001,2025-09-30_16h59.30.748,untitled,,2025.1.1,None,2025-09-30 17h00.00.269397 +0530,
-50,x,144,0,36,x,1,0.5278748749988154,None,36,0,144,0,,,,,334.39076850001584,,334.3769647500012,334.39076850001584,335.37398537501576,335.37398537501576,335.37398537501576,335.37398537501576,335.3816935410141,336.3735441250028,336.3735441250028,336.9104658750002,x,1,0.5278748749988154,None,,,,,p3,001,2025-09-30_16h59.30.748,untitled,,2025.1.1,None,2025-09-30 17h00.00.269397 +0530,
150,v,145,1,36,v,1,6.756394916999852,None,36,1,145,1,,,,,336.9206106660131,,336.9110992909991,336.9206106660131,337.9081606249965,337.9081606249965,337.9081606249965,337.9081606249965,337.9149411249964,338.9078959579929,338.9078959579929,345.66602470801445,v,1,6.756394916999852,None,,,,,p3,001,2025-09-30_16h59.30.748,untitled,,2025.1.1,None,2025-09-30 17h00.00.269397 +0530,
50,c,146,2,36,c,1,0.5932122499798425,None,36,2,146,2,,,,,345.6913404999941,,345.6665812910069,345.6913404999941,346.6583756660111,346.6583756660111,346.6583756660111,346.6583756660111,346.68252395800664,347.6750946659886,347.6750946659886,348.27547183301067,c,1,0.5932122499798425,None,,,,,p3,001,2025-09-30_16h59.30.748,untitled,,2025.1.1,None,2025-09-30 17h00.00.269397 +0530,
-150,z,147,3,36,z,1,0.573645915981615,None,36,3,147,3,,,,,348.2846889999928,,348.2758982910018,348.2846889999928,349.26599387501483,349.26599387501483,349.26599387501483,349.26599387501483,349.3087035829958,350.2747567500046,350.2747567500046,350.85930183299934,z,1,0.573645915981615,None,,,,,p3,001,2025-09-30_16h59.30.748,untitled,,2025.1.1,None,2025-09-30 17h00.00.269397 +0530,
-50,x,148,0,37,x,1,0.47963337498367764,None,37,0,148,0,,,,,350.8694315830071,,350.8598599160032,350.8694315830071,351.8578311250021,351.8578311250021,351.8578311250021,351.8578311250021,351.8645084160089,352.85786966601154,352.85786966601154,353.3424481250113,x,1,0.47963337498367764,None,,,,,p3,001,2025-09-30_16h59.30.748,untitled,,2025.1.1,None,2025-09-30 17h00.00.269397 +0530,
150,v,149,1,37,v,1,0.9285500410187524,None,37,1,149,1,,,,,353.3520558750024,,353.34299895798904,353.3520558750024,354.35871875000885,354.35871875000885,354.35871875000885,354.35871875000885,354.35871875000885,355.3587312499876,355.3587312499876,356.2926212910097,v,1,0.9285500410187524,None,,,,,p3,001,2025-09-30_16h59.30.748,untitled,,2025.1.1,None,2025-09-30 17h00.00.269397 +0530,
50,c,150,2,37,c,1,0.6967155000020284,None,37,2,150,2,,,,,356.30209770801594,,356.29317033299594,356.30209770801594,357.29221029099426,357.29221029099426,357.29221029099426,357.29221029099426,357.2993745410058,358.2916295409959,358.2916295409959,359.01078633300494,c,1,0.6967155000020284,None,,,,,p3,001,2025-09-30_16h59.30.748,untitled,,2025.1.1,None,2025-09-30 17h00.00.269397 +0530,
-150,z,151,3,37,z,1,2.872496541996952,None,37,3,151,3,,,,,359.02459929100587,,359.01147649998893,359.02459929100587,360.0082093329984,360.0082093329984,360.0082093329984,360.0082093329984,360.01581554100267,361.00793349999003,361.00793349999003,363.8829757499916,z,1,2.872496541996952,None,,,,,p3,001,2025-09-30_16h59.30.748,untitled,,2025.1.1,None,2025-09-30 17h00.00.269397 +0530,
-50,x,152,0,38,x,1,0.9591386669781059,None,38,0,152,0,,,,,363.90889158300706,,363.88352154099266,363.90889158300706,364.88343270801124,364.88343270801124,364.88343270801124,364.88343270801124,364.9257164580049,365.87521779100643,365.87521779100643,366.84288187499624,x,1,0.9591386669781059,None,,,,,p3,001,2025-09-30_16h59.30.748,untitled,,2025.1.1,None,2025-09-30 17h00.00.269397 +0530,
150,v,153,1,38,v,1,1.3358550000120886,None,38,1,153,1,,,,,366.8530121250078,,366.84342462499626,366.8530121250078,367.84212399998796,367.84212399998796,367.84212399998796,367.84212399998796,367.8496427079954,368.8415257500019,368.8415257500019,370.1846380000061,v,1,1.3358550000120886,None,,,,,p3,001,2025-09-30_16h59.30.748,untitled,,2025.1.1,None,2025-09-30 17h00.00.269397 +0530,
50,c,154,2,38,c,1,0.3033648330019787,None,38,2,154,2,,,,,370.19474841599003,,370.1852192080114,370.19474841599003,371.18311554100364,371.18311554100364,371.18311554100364,371.18311554100364,371.20883358299034,372.1839442499913,372.1839442499913,372.4929791660106,c,1,0.3033648330019787,None,,,,,p3,001,2025-09-30_16h59.30.748,untitled,,2025.1.1,None,2025-09-30 17h00.00.269397 +0530,
-150,z,155,3,38,z,1,2.749764625012176,None,38,3,155,3,,,,,372.5026126250159,,372.49352791599813,372.5026126250159,373.49264041599235,373.49264041599235,373.49264041599235,373.49264041599235,373.49973629100714,374.4917031250079,374.4917031250079,377.2430699999968,z,1,2.749764625012176,None,,,,,p3,001,2025-09-30_16h59.30.748,untitled,,2025.1.1,None,2025-09-30 17h00.00.269397 +0530,
-50,x,156,0,39,x,1,0.3783565420017112,None,39,0,156,0,,,,,377.2494854159886,,377.2436231659958,377.2494854159886,378.2426129580126,378.2426129580126,378.2426129580126,378.2426129580126,378.2426129580126,379.23412441599066,379.23412441599066,379.617720750015,x,1,0.3783565420017112,None,,,,,p3,001,2025-09-30_16h59.30.748,untitled,,2025.1.1,None,2025-09-30 17h00.00.269397 +0530,
150,v,157,1,39,v,1,0.6716741250129417,None,39,1,157,1,,,,,379.62748795800144,,379.6182392910123,379.62748795800144,380.618954458012,380.618954458012,380.618954458012,380.618954458012,380.6274087910133,381.6158346660086,381.6158346660086,382.29317708298913,v,1,0.6716741250129417,None,,,,,p3,001,2025-09-30_16h59.30.748,untitled,,2025.1.1,None,2025-09-30 17h00.00.269397 +0530,
50,c,158,2,39,c,1,1.7220731250126846,None,39,2,158,2,,,,,382.3027233330067,,382.2936895409948,382.3027233330067,383.30943625001237,383.30943625001237,383.30943625001237,383.30943625001237,383.30943625001237,384.28422941599274,384.28422941599274,386.0100804580143,c,1,1.7220731250126846,None,,,,,p3,001,2025-09-30_16h59.30.748,untitled,,2025.1.1,None,2025-09-30 17h00.00.269397 +0530,
-150,z,159,3,39,z,1,0.20068987499689683,None,39,3,159,3,,,,,386.02029533300083,,386.010616250016,386.02029533300083,387.0089235829946,387.0089235829946,387.0089235829946,387.0089235829946,387.015802540991,388.0086555000162,388.0086555000162,388.21672037499957,z,1,0.20068987499689683,None,,,,,p3,001,2025-09-30_16h59.30.748,untitled,,2025.1.1,None,2025-09-30 17h00.00.269397 +0530,
-50,x,160,0,40,x,1,0.26376566701219417,None,40,0,160,0,,,,,388.22574283299036,,388.2172438330017,388.22574283299036,389.21803791599814,389.21803791599814,389.21803791599814,389.21803791599814,389.21803791599814,390.20877045800444,390.20877045800444,390.4783067080134,x,1,0.26376566701219417,None,,,,,p3,001,2025-09-30_16h59.30.748,untitled,,2025.1.1,None,2025-09-30 17h00.00.269397 +0530,
150,v,161,1,40,v,1,0.11960974999237806,None,40,1,161,1,,,,,390.4920269580034,,390.4789579999924,390.4920269580034,391.4755232910102,391.4755232910102,391.4755232910102,391.4755232910102,391.48224187499727,392.4929137910076,392.4929137910076,392.61703966601635,v,1,0.11960974999237806,None,,,,,p3,001,2025-09-30_16h59.30.748,untitled,,2025.1.1,None,2025-09-30 17h00.00.269397 +0530,
50,c,162,2,40,c,1,0.24390583302010782,None,40,2,162,2,,,,,392.64232116600033,,392.6174663749989,392.64232116600033,393.6263504580129,393.6263504580129,393.6263504580129,393.6263504580129,393.6428081250051,394.62651291600196,394.62651291600196,394.8768447499897,c,1,0.24390583302010782,None,,,,,p3,001,2025-09-30_16h59.30.748,untitled,,2025.1.1,None,2025-09-30 17h00.00.269397 +0530,
-150,z,163,3,40,z,1,0.08181804200285114,None,40,3,163,3,,,,,394.8866012500075,,394.87748845800525,394.8866012500075,395.875550916011,395.875550916011,395.875550916011,395.875550916011,395.88209195798845,396.87558495800477,396.87558495800477,396.9601062500151,z,1,0.08181804200285114,None,,,,,p3,001,2025-09-30_16h59.30.748,untitled,,2025.1.1,None,2025-09-30 17h00.00.269397 +0530,
-50,x,164,0,41,x,1,0.17703954098396935,None,41,0,164,0,,,,,396.9694675409992,,396.96064716600813,396.9694675409992,397.9504749159969,397.9504749159969,397.9504749159969,397.9504749159969,397.99325170801603,398.97647129101097,398.97647129101097,399.1601981249987,x,1,0.17703954098396935,None,,,,,p3,001,2025-09-30_16h59.30.748,untitled,,2025.1.1,None,2025-09-30 17h00.00.269397 +0530,
150,v,165,1,41,v,1,0.250861333013745,None,41,1,165,1,,,,,399.1693046250148,,399.1608314999903,399.1693046250148,400.17616999999154,400.17616999999154,400.17616999999154,400.17616999999154,400.1932113330113,401.1765262080007,401.1765262080007,401.4447829579876,v,1,0.250861333013745,None,,,,,p3,001,2025-09-30_16h59.30.748,untitled,,2025.1.1,None,2025-09-30 17h00.00.269397 +0530,
50,c,166,2,41,c,1,0.059142209007404745,None,41,2,166,2,,,,,401.4553342080035,,401.44545266599744,401.4553342080035,402.4598941250006,402.4598941250006,402.4598941250006,402.4598941250006,402.4598941250006,403.45128662500065,403.45128662500065,403.5179097499931,c,1,0.059142209007404745,None,,,,,p3,001,2025-09-30_16h59.30.748,untitled,,2025.1.1,None,2025-09-30 17h00.00.269397 +0530,
-150,z,167,3,41,z,1,0.0289054169843439,None,41,3,167,3,,,,,403.54254683299223,,403.51835441600997,403.54254683299223,404.51676904101623,404.51676904101623,404.51676904101623,404.51676904101623,404.55986499998835,405.5095577079919,405.5095577079919,405.54364466600236,z,1,0.0289054169843439,None,,,,,p3,001,2025-09-30_16h59.30.748,untitled,,2025.1.1,None,2025-09-30 17h00.00.269397 +0530,
-50,x,168,0,42,x,1,0.14401741698384285,None,42,0,168,0,,,,,405.5532674579881,,405.54417562499293,405.5532674579881,406.5338160409883,406.5338160409883,406.5338160409883,406.5338160409883,406.5502545000054,407.5423869160004,407.5423869160004,407.6929645409982,x,1,0.14401741698384285,None,,,,,p3,001,2025-09-30_16h59.30.748,untitled,,2025.1.1,None,2025-09-30 17h00.00.269397 +0530,
150,v,169,1,42,v,1,0.025484541984042153,None,42,1,169,1,,,,,407.7018111660145,,407.69341783301206,407.7018111660145,408.68373445799807,408.68373445799807,408.68373445799807,408.68373445799807,408.7000847909949,409.6830584999989,409.6830584999989,409.71033741600695,v,1,0.025484541984042153,None,,,,,p3,001,2025-09-30_16h59.30.748,untitled,,2025.1.1,None,2025-09-30 17h00.00.269397 +0530,
50,c,170,2,42,c,1,0.07022337499074638,None,42,2,170,2,,,,,409.7162612910033,,409.7108614160097,409.7162612910033,410.70932287501637,410.70932287501637,410.70932287501637,410.70932287501637,410.70932287501637,411.7263617500139,411.7263617500139,411.8042913750105,c,1,0.07022337499074638,None,,,,,p3,001,2025-09-30_16h59.30.748,untitled,,2025.1.1,None,2025-09-30 17h00.00.269397 +0530,
-150,z,171,3,42,x,0,0.3603401249856688,None,42,3,171,3,,,,,411.8131904579932,,411.80486058301176,411.8131904579932,412.80082883298746,412.80082883298746,412.80082883298746,412.80082883298746,412.80914579099044,413.8010144160071,413.8010144160071,414.168114125001,x,0,0.3603401249856688,None,,,,,p3,001,2025-09-30_16h59.30.748,untitled,,2025.1.1,None,2025-09-30 17h00.00.269397 +0530,
-50,x,172,0,43,v,0,0.28480550000676885,None,43,0,172,0,,,,,414.1927800409903,,414.1685967500089,414.1927800409903,415.1669408750022,415.1669408750022,415.1669408750022,415.1669408750022,415.1836255410162,416.166619333002,416.166619333002,416.460680624994,v,0,0.28480550000676885,None,,,,,p3,001,2025-09-30_16h59.30.748,untitled,,2025.1.1,None,2025-09-30 17h00.00.269397 +0530,
150,v,173,1,43,v,1,0.011184832983417436,None,43,1,173,1,,,,,416.4699428330059,,416.46125204101554,416.4699428330059,417.45965245799744,417.45965245799744,417.45965245799744,417.45965245799744,417.46698200001265,418.45932870800607,418.45932870800607,418.4771942080115,v,1,0.011184832983417436,None,,,,,p3,001,2025-09-30_16h59.30.748,untitled,,2025.1.1,None,2025-09-30 17h00.00.269397 +0530,
50,c,174,2,43,c,1,0.23670745801064186,None,43,2,174,2,,,,,418.4865097909933,,418.4777255410154,418.4865097909933,419.4769842909882,419.4769842909882,419.4769842909882,419.4769842909882,419.48484170800657,420.4789130410063,420.4789130410063,420.71709766599815,c,1,0.23670745801064186,None,,,,,p3,001,2025-09-30_16h59.30.748,untitled,,2025.1.1,None,2025-09-30 17h00.00.269397 +0530,
-150,z,175,3,43,z,1,0.16773954199743457,None,43,3,175,3,,,,,420.7260086250026,,420.7175159160106,420.7260086250026,421.709827624989,421.709827624989,421.709827624989,421.709827624989,421.7173048330005,422.7178692909947,422.7178692909947,422.89508562500123,z,1,0.16773954199743457,None,,,,,p3,001,2025-09-30_16h59.30.748,untitled,,2025.1.1,None,2025-09-30 17h00.00.269397 +0530,
-50,x,176,0,44,x,1,0.3805334579956252,None,44,0,176,0,,,,,422.90941583301174,,422.8958965410129,422.90941583301174,423.8929367910023,423.8929367910023,423.8929367910023,423.8929367910023,423.8994980409916,424.8928368749912,424.8928368749912,425.2774262079911,x,1,0.3805334579956252,None,,,,,p3,001,2025-09-30_16h59.30.748,untitled,,2025.1.1,None,2025-09-30 17h00.00.269397 +0530,
150,v,177,1,44,v,1,0.05130424999515526,None,44,1,177,1,,,,,425.2867925410101,,425.27798458299367,425.2867925410101,426.2771608750045,426.2771608750045,426.2771608750045,426.2771608750045,426.29393695801264,427.2771962909901,427.2771962909901,427.3363892500056,v,1,0.05130424999515526,None,,,,,p3,001,2025-09-30_16h59.30.748,untitled,,2025.1.1,None,2025-09-30 17h00.00.269397 +0530,
50,c,178,2,44,c,1,0.09675908301142044,None,44,2,178,2,,,,,427.34595891600475,,427.3369365830149,427.34595891600475,428.32795674999943,428.32795674999943,428.32795674999943,428.32795674999943,428.3489479999989,429.3337029159884,429.3337029159884,429.43484012500267,c,1,0.09675908301142044,None,,,,,p3,001,2025-09-30_16h59.30.748,untitled,,2025.1.1,None,2025-09-30 17h00.00.269397 +0530,
-150,z,179,3,44,z,1,0.05719150000368245,None,44,3,179,3,,,,,429.45986245799577,,429.4353490830108,429.45986245799577,430.443524250004,430.443524250004,430.443524250004,430.443524250004,430.46043820801424,431.43530133299646,431.43530133299646,431.4942102910136,z,1,0.05719150000368245,None,,,,,p3,001,2025-09-30_16h59.30.748,untitled,,2025.1.1,None,2025-09-30 17h00.00.269397 +0530,
-50,x,180,0,45,x,1,0.12551566699403338,None,45,0,180,0,,,,,431.5035266249906,,431.49474391600234,431.5035266249906,432.4931756659935,432.4931756659935,432.4931756659935,432.4931756659935,432.49909249998746,433.49299416600843,433.49299416600843,433.6275913330028,x,1,0.12551566699403338,None,,,,,p3,001,2025-09-30_16h59.30.748,untitled,,2025.1.1,None,2025-09-30 17h00.00.269397 +0530,
150,v,181,1,45,v,1,0.08409204200142995,None,45,1,181,1,,,,,433.63657691600383,,433.62811554101063,433.63657691600383,434.6265650000132,434.6265650000132,434.6265650000132,434.6265650000132,434.63839129099506,435.6264147910115,435.6264147910115,435.7183246659988,v,1,0.08409204200142995,None,,,,,p3,001,2025-09-30_16h59.30.748,untitled,,2025.1.1,None,2025-09-30 17h00.00.269397 +0530,
50,c,182,2,45,c,1,0.10744970897212625,None,45,2,182,2,,,,,435.7433323750156,,435.71885487501277,435.7433323750156,436.7169047500065,436.7169047500065,436.7169047500065,436.7169047500065,436.7332842909964,437.72003575001145,437.72003575001145,437.83435654098867,c,1,0.10744970897212625,None,,,,,p3,001,2025-09-30_16h59.30.748,untitled,,2025.1.1,None,2025-09-30 17h00.00.269397 +0530,
-150,z,183,3,45,z,1,0.19088908401317894,None,45,3,183,3,,,,,437.84320862501045,,437.8348016249947,437.84320862501045,438.82667529099854,438.82667529099854,438.82667529099854,438.82667529099854,438.83428412501235,439.834626958007,439.834626958007,440.0279054160055,z,1,0.19088908401317894,None,,,,,p3,001,2025-09-30_16h59.30.748,untitled,,2025.1.1,None,2025-09-30 17h00.00.269397 +0530,
-50,x,184,0,46,x,1,0.02964508399600163,None,46,0,184,0,,,,,440.03734604100464,,440.0284277079918,440.03734604100464,441.02718604099937,441.02718604099937,441.02718604099937,441.02718604099937,441.0335796250147,442.0269870829943,442.0269870829943,442.07895925000776,x,1,0.02964508399600163,None,,,,,p3,001,2025-09-30_16h59.30.748,untitled,,2025.1.1,None,2025-09-30 17h00.00.269397 +0530,
150,v,185,1,46,v,1,0.28377974999602884,None,46,1,185,1,,,,,442.09313195801224,,442.07975879099104,442.09313195801224,443.07883183300146,443.07883183300146,443.07883183300146,443.07883183300146,443.09393387500313,444.09378595801536,444.09378595801536,444.38680983299855,v,1,0.28377974999602884,None,,,,,p3,001,2025-09-30_16h59.30.748,untitled,,2025.1.1,None,2025-09-30 17h00.00.269397 +0530,
50,c,186,2,46,c,1,0.007903249992523342,None,46,2,186,2,,,,,444.396301041008,,444.3873599159997,444.396301041008,445.3854483749892,445.3854483749892,445.3854483749892,445.3854483749892,445.41032741600065,446.41069529100787,446.41069529100787,446.42767791601364,c,1,0.007903249992523342,None,,,,,p3,001,2025-09-30_16h59.30.748,untitled,,2025.1.1,None,2025-09-30 17h00.00.269397 +0530,
-150,z,187,3,46,z,1,0.18690450000576675,None,46,3,187,3,,,,,446.4362671250128,,446.42810720799025,446.4362671250128,447.41748808301054,447.41748808301054,447.41748808301054,447.41748808301054,447.434315874998,448.44384683298995,448.44384683298995,448.64527583299787,z,1,0.18690450000576675,None,,,,,p3,001,2025-09-30_16h59.30.748,untitled,,2025.1.1,None,2025-09-30 17h00.00.269397 +0530,
-50,x,188,0,47,x,1,0.03294283300056122,None,47,0,188,0,,,,,448.6538727910083,,448.645874290989,448.6538727910083,449.6609159159998,449.6609159159998,449.6609159159998,449.6609159159998,449.6609159159998,450.6435827079986,450.6435827079986,450.67799399999785,x,1,0.03294283300056122,None,,,,,p3,001,2025-09-30_16h59.30.748,untitled,,2025.1.1,None,2025-09-30 17h00.00.269397 +0530,
150,v,189,1,47,v,1,0.03185683401534334,None,47,1,189,1,,,,,450.68739158299286,,450.6785148330091,450.68739158299286,451.67803008301416,451.67803008301416,451.67803008301416,451.67803008301416,451.6941580410057,452.6767082909937,452.6767082909937,452.7110407910077,v,1,0.03185683401534334,None,,,,,p3,001,2025-09-30_16h59.30.748,untitled,,2025.1.1,None,2025-09-30 17h00.00.269397 +0530,
50,c,190,2,47,c,1,0.2090153330063913,None,47,2,190,2,,,,,452.71839033300057,,452.7114547500096,452.71839033300057,453.7019760000112,453.7019760000112,453.7019760000112,453.7019760000112,453.71132045800914,454.7056266250147,454.7056266250147,454.91853862500284,c,1,0.2090153330063913,None,,,,,p3,001,2025-09-30_16h59.30.748,untitled,,2025.1.1,None,2025-09-30 17h00.00.269397 +0530,
-150,z,191,3,47,z,1,0.13174104198697023,None,47,3,191,3,,,,,454.943861000007,,454.91913504101103,454.943861000007,455.9190101250133,455.9190101250133,455.9190101250133,455.9190101250133,455.94412200001534,456.9106846660143,456.9106846660143,457.06228025001474,z,1,0.13174104198697023,None,,,,,p3,001,2025-09-30_16h59.30.748,untitled,,2025.1.1,None,2025-09-30 17h00.00.269397 +0530,
-50,x,192,0,48,x,1,0.18236304199672304,None,48,0,192,0,,,,,457.0770195410005,,457.06309549999423,457.0770195410005,458.0771374999895,458.0771374999895,458.0771374999895,458.0771374999895,458.0941989579878,459.06017700000666,459.06017700000666,459.24475554100354,x,1,0.18236304199672304,None,,,,,p3,001,2025-09-30_16h59.30.748,untitled,,2025.1.1,None,2025-09-30 17h00.00.269397 +0530,
150,v,193,1,48,v,1,0.041039542004000396,None,48,1,193,1,,,,,459.25387375001446,,459.2452877910109,459.25387375001446,460.24418791598873,460.24418791598873,460.24418791598873,460.24418791598873,460.2506648749986,461.24463129098876,461.24463129098876,461.2962438329996,v,1,0.041039542004000396,None,,,,,p3,001,2025-09-30_16h59.30.748,untitled,,2025.1.1,None,2025-09-30 17h00.00.269397 +0530,
50,c,194,2,48,c,1,0.09883491598884575,None,48,2,194,2,,,,,461.30690145801054,,461.2969523750071,461.30690145801054,462.29444987501483,462.29444987501483,462.29444987501483,462.29444987501483,462.3008869999903,463.31082008298836,463.31082008298836,463.41252479099785,c,1,0.09883491598884575,None,,,,,p3,001,2025-09-30_16h59.30.748,untitled,,2025.1.1,None,2025-09-30 17h00.00.269397 +0530,
-150,z,195,3,48,z,1,0.17018508299952373,None,48,3,195,3,,,,,463.4270357080095,,463.4131467080151,463.4270357080095,464.4111727499985,464.4111727499985,464.4111727499985,464.4111727499985,464.41828812501626,465.4104392080044,465.4104392080044,465.58545904100174,z,1,0.17018508299952373,None,,,,,p3,001,2025-09-30_16h59.30.748,untitled,,2025.1.1,None,2025-09-30 17h00.00.269397 +0530,
-50,x,196,0,49,x,1,0.31764645798830315,None,49,0,196,0,,,,,465.6106017080019,,465.5858916660072,465.6106017080019,466.57795420801267,466.57795420801267,466.57795420801267,466.57795420801267,466.6014922079921,467.5849388749921,467.5849388749921,467.9130605829996,x,1,0.31764645798830315,None,,,,,p3,001,2025-09-30_16h59.30.748,untitled,,2025.1.1,None,2025-09-30 17h00.00.269397 +0530,
150,v,197,1,49,v,1,0.1512090000032913,None,49,1,197,1,,,,,467.9242615409894,,467.91374266601633,467.9242615409894,468.91081537501304,468.91081537501304,468.91081537501304,468.91081537501304,468.91790966599365,469.9104534999933,469.9104534999933,470.06335937499534,v,1,0.1512090000032913,None,,,,,p3,001,2025-09-30_16h59.30.748,untitled,,2025.1.1,None,2025-09-30 17h00.00.269397 +0530,
50,c,198,2,49,c,1,0.12130062500364147,None,49,2,198,2,,,,,470.07747533300426,,470.0637933750113,470.07747533300426,471.0606274160091,471.0606274160091,471.0606274160091,471.0606274160091,471.06753145801486,472.0773670829949,472.0773670829949,472.2132626250095,c,1,0.12130062500364147,None,,,,,p3,001,2025-09-30_16h59.30.748,untitled,,2025.1.1,None,2025-09-30 17h00.00.269397 +0530,
-150,z,199,3,49,z,1,0.3359413339931052,None,49,3,199,3,,,,,472.2239990410162,,472.2138967500068,472.2239990410162,473.21128833299736,473.21128833299736,473.21128833299736,473.21128833299736,473.21781279100105,474.21059083301225,474.21059083301225,474.55271683301544,z,1,0.3359413339931052,None,,,,,p3,001,2025-09-30_16h59.30.748,untitled,,2025.1.1,None,2025-09-30 17h00.00.269397 +0530,
-50,x,0,0,0,x,1,0.3109854169888422,None,,,,,0,0,0,0,474.58461062499555,,474.57629416600685,474.58461062499555,475.54509329100256,475.54509329100256,475.54509329100256,475.54509329100256,475.5841768750106,476.5444973749982,476.5444973749982,476.8618335830106,,,,,x,1,0.3109854169888422,None,p3,001,2025-09-30_16h59.30.748,untitled,,2025.1.1,None,2025-09-30 17h00.00.269397 +0530,
150,v,1,1,0,v,1,0.5868492499866989,None,,,,,0,1,1,1,476.8706811250013,,476.86228912501247,476.8706811250013,477.860720333003,477.860720333003,477.860720333003,477.860720333003,477.8684902910027,478.86091570800636,478.86091570800636,479.4522103749914,,,,,v,1,0.5868492499866989,None,p3,001,2025-09-30_16h59.30.748,untitled,,2025.1.1,None,2025-09-30 17h00.00.269397 +0530,
50,c,2,2,0,c,1,0.5181813749950379,None,,,,,0,2,2,2,479.47762862499803,,479.45270191601594,479.47762862499803,480.4519007909985,480.4519007909985,480.4519007909985,480.4519007909985,480.46833608299494,481.4613545000029,481.4613545000029,481.99624112501624,,,,,c,1,0.5181813749950379,None,p3,001,2025-09-30_16h59.30.748,untitled,,2025.1.1,None,2025-09-30 17h00.00.269397 +0530,
50,c,3,3,1,c,1,0.7054889159917366,None,,,,,1,3,3,2,482.010885124997,,481.9969904999889,482.010885124997,482.9943337079894,482.9943337079894,482.9943337079894,482.9943337079894,483.00131675001467,483.9941467909957,483.9941467909957,484.7024872500042,,,,,c,1,0.7054889159917366,None,p3,001,2025-09-30_16h59.30.748,untitled,,2025.1.1,None,2025-09-30 17h00.00.269397 +0530,
-150,z,4,4,0,z,1,0.5152888339944184,None,,,,,0,4,4,3,484.72850979099167,,484.7030346659885,484.72850979099167,485.70301779100555,485.70301779100555,485.70301779100555,485.70301779100555,485.71863208300783,486.6944102499983,486.6944102499983,487.2133452910057,,,,,z,1,0.5152888339944184,None,p3,001,2025-09-30_16h59.30.748,untitled,,2025.1.1,None,2025-09-30 17h00.00.269397 +0530,
-150,z,5,5,1,z,1,0.4678004999877885,None,,,,,1,5,5,3,487.225225333008,,487.2140340000042,487.225225333008,488.2109931659943,488.2109931659943,488.2109931659943,488.2109931659943,488.2184731659945,489.21095574999345,489.21095574999345,489.6868857910158,,,,,z,1,0.4678004999877885,None,p3,001,2025-09-30_16h59.30.748,untitled,,2025.1.1,None,2025-09-30 17h00.00.269397 +0530,
150,v,6,6,1,v,1,0.4865684999967925,None,,,,,1,6,6,1,489.696871416003,,489.687444915995,489.696871416003,490.6850561659958,490.6850561659958,490.6850561659958,490.6850561659958,490.6942849580082,491.6952000409947,491.6952000409947,492.1856613330019,,,,,v,1,0.4865684999967925,None,p3,001,2025-09-30_16h59.30.748,untitled,,2025.1.1,None,2025-09-30 17h00.00.269397 +0530,
-150,z,7,7,2,z,1,0.34365362499374896,None,,,,,2,7,7,3,492.2113332079898,,492.1862046250026,492.2113332079898,493.17843904098845,493.17843904098845,493.17843904098845,493.17843904098845,493.2284970830078,494.17790237499867,494.17790237499867,494.5464759579918,,,,,z,1,0.34365362499374896,None,p3,001,2025-09-30_16h59.30.748,untitled,,2025.1.1,None,2025-09-30 17h00.00.269397 +0530,
150,v,8,8,2,v,1,0.4368142919847742,None,,,,,2,8,8,1,494.5612407909939,,494.5471826250141,494.5612407909939,495.5449160829885,495.5449160829885,495.5449160829885,495.5449160829885,495.55195087500033,496.55409950000467,496.55409950000467,496.99685479101026,,,,,v,1,0.4368142919847742,None,p3,001,2025-09-30_16h59.30.748,untitled,,2025.1.1,None,2025-09-30 17h00.00.269397 +0530,
150,v,9,9,3,v,1,0.5265514589846134,None,,,,,3,9,9,1,497.0073167500086,,496.9974707910151,497.0073167500086,497.9946964159899,497.9946964159899,497.9946964159899,497.9946964159899,498.0021811659972,499.0119725409895,499.0119725409895,499.5475142500072,,,,,v,1,0.5265514589846134,None,p3,001,2025-09-30_16h59.30.748,untitled,,2025.1.1,None,2025-09-30 17h00.00.269397 +0530,
-150,z,10,10,3,z,1,0.6549794579914305,None,,,,,3,10,10,3,499.5612456660019,,499.5483260829933,499.5612456660019,500.5446600000141,500.5446600000141,500.5446600000141,500.5446600000141,500.55206341599114,501.5617914579925,501.5617914579925,502.230573458015,,,,,z,1,0.6549794579914305,None,p3,001,2025-09-30_16h59.30.748,untitled,,2025.1.1,None,2025-09-30 17h00.00.269397 +0530,
150,v,11,11,4,v,1,0.5337964159843978,None,,,,,4,11,11,1,502.2417804579891,,502.23126962501556,502.2417804579891,503.2454335410148,503.2454335410148,503.2454335410148,503.2454335410148,503.2454335410148,504.23688816599315,504.23688816599315,504.7808899160009,,,,,v,1,0.5337964159843978,None,p3,001,2025-09-30_16h59.30.748,untitled,,2025.1.1,None,2025-09-30 17h00.00.269397 +0530,
150,v,12,12,5,v,1,0.47270633399602957,None,,,,,5,12,12,1,504.7931547909975,,504.78175262501463,504.7931547909975,505.7783468750131,505.7783468750131,505.7783468750131,505.7783468750131,505.7854557080136,506.77792358299484,506.77792358299484,507.2538102079998,,,,,v,1,0.47270633399602957,None,p3,001,2025-09-30_16h59.30.748,untitled,,2025.1.1,None,2025-09-30 17h00.00.269397 +0530,
150,v,13,13,6,v,1,0.4967491250135936,None,,,,,6,13,13,1,507.26388195800246,,507.25437937499373,507.26388195800246,508.2532747910009,508.2532747910009,508.2532747910009,508.2532747910009,508.2785633330059,509.25320333300624,509.25320333300624,509.7637466659944,,,,,v,1,0.4967491250135936,None,p3,001,2025-09-30_16h59.30.748,untitled,,2025.1.1,None,2025-09-30 17h00.00.269397 +0530,
-50,x,14,14,1,x,1,0.5652585419884417,None,,,,,1,14,14,0,509.77808074999484,,509.7644433329988,509.77808074999484,510.762136416015,510.762136416015,510.762136416015,510.762136416015,510.7698691659898,511.76151045798906,511.76151045798906,512.3308263329964,,,,,x,1,0.5652585419884417,None,p3,001,2025-09-30_16h59.30.748,untitled,,2025.1.1,None,2025-09-30 17h00.00.269397 +0530,
-150,z,15,15,4,z,1,0.441261542000575,None,,,,,4,15,15,3,512.3434119999874,,512.3316676660033,512.3434119999874,513.3284502910101,513.3284502910101,513.3284502910101,513.3284502910101,513.3354508749908,514.3284250409924,514.3284250409924,514.7796032910119,,,,,z,1,0.441261542000575,None,p3,001,2025-09-30_16h59.30.748,untitled,,2025.1.1,None,2025-09-30 17h00.00.269397 +0530,
150,v,16,16,7,v,1,1.1236029159917962,None,,,,,7,16,16,1,514.7894023330009,,514.7801889580151,514.7894023330009,515.7787032909982,515.7787032909982,515.7787032909982,515.7787032909982,515.7862726660096,516.7719972080085,516.7719972080085,517.9118050830148,,,,,v,1,1.1236029159917962,None,p3,001,2025-09-30_16h59.30.748,untitled,,2025.1.1,None,2025-09-30 17h00.00.269397 +0530,
-50,x,17,17,2,x,1,0.46135091700125486,None,,,,,2,17,17,0,517.9172771660087,,517.9122984159912,517.9172771660087,518.9023826660123,518.9023826660123,518.9023826660123,518.9023826660123,518.9116087910079,519.9124592909939,519.9124592909939,520.3797239999985,,,,,x,1,0.46135091700125486,None,p3,001,2025-09-30_16h59.30.748,untitled,,2025.1.1,None,2025-09-30 17h00.00.269397 +0530,
-150,z,18,18,5,z,1,0.4744535840000026,None,,,,,5,18,18,3,520.3890842499968,,520.3802854999958,520.3890842499968,521.3789232909912,521.3789232909912,521.3789232909912,521.3789232909912,521.3852997079957,522.3783460409904,522.3783460409904,522.8628961660143,,,,,z,1,0.4744535840000026,None,p3,001,2025-09-30_16h59.30.748,untitled,,2025.1.1,None,2025-09-30 17h00.00.269397 +0530,
150,v,19,19,8,v,1,0.7042679580044933,None,,,,,8,19,19,1,522.8731447079917,,522.8634653330082,522.8731447079917,523.8618145410146,523.8618145410146,523.8618145410146,523.8618145410146,523.8692745000008,524.8794045409886,524.8794045409886,525.5859762080072,,,,,v,1,0.7042679580044933,None,p3,001,2025-09-30_16h59.30.748,untitled,,2025.1.1,None,2025-09-30 17h00.00.269397 +0530,
-150,z,20,20,6,z,1,0.6472421669750474,None,,,,,6,20,20,3,525.5956691660103,,525.586558415991,525.5956691660103,526.5784557500156,526.5784557500156,526.5784557500156,526.5784557500156,526.5850053330068,527.5784730830055,527.5784730830055,528.2298443749896,,,,,z,1,0.6472421669750474,None,p3,001,2025-09-30_16h59.30.748,untitled,,2025.1.1,None,2025-09-30 17h00.00.269397 +0530,
50,c,21,21,2,c,1,0.657197707972955,None,,,,,2,21,21,2,528.2394704160106,,528.2304113330028,528.2394704160106,529.2299093749898,529.2299093749898,529.2299093749898,529.2299093749898,529.246644208004,530.2294626249932,530.2294626249932,530.8963328750106,,,,,c,1,0.657197707972955,None,p3,001,2025-09-30_16h59.30.748,untitled,,2025.1.1,None,2025-09-30 17h00.00.269397 +0530,
50,c,22,22,3,c,1,0.6337655409879517,None,,,,,3,22,22,2,530.906262790988,,530.8968932080024,530.906262790988,531.8956884579966,531.8956884579966,531.8956884579966,531.8956884579966,531.902809666004,532.8958976250142,532.8958976250142,533.5366843749944,,,,,c,1,0.6337655409879517,None,p3,001,2025-09-30_16h59.30.748,untitled,,2025.1.1,None,2025-09-30 17h00.00.269397 +0530,
-150,z,23,23,7,z,1,1.4267691250133794,None,,,,,7,23,23,3,533.5623082079983,,533.5372283750039,533.5623082079983,534.5291702079994,534.5291702079994,534.5291702079994,534.5291702079994,534.553006666014,535.5459168750094,535.5459168750094,536.9799906249973,,,,,z,1,1.4267691250133794,None,p3,001,2025-09-30_16h59.30.748,untitled,,2025.1.1,None,2025-09-30 17h00.00.269397 +0530,
-150,z,24,24,8,z,1,0.9674187499913387,None,,,,,8,24,24,3,536.9891078330111,,536.9804446249909,536.9891078330111,537.9788843750139,537.9788843750139,537.9788843750139,537.9788843750139,537.9864147909975,538.9792222079996,538.9792222079996,539.9535245000152,,,,,z,1,0.9674187499913387,None,p3,001,2025-09-30_16h59.30.748,untitled,,2025.1.1,None,2025-09-30 17h00.00.269397 +0530,
150,v,25,25,9,v,1,0.46974462500656955,None,,,,,9,25,25,1,539.9790346249938,,539.9540964580083,539.9790346249938,540.9465750410163,540.9465750410163,540.9465750410163,540.9465750410163,540.969906415994,541.9548687910137,541.9548687910137,542.4301602499909,,,,,v,1,0.46974462500656955,None,p3,001,2025-09-30_16h59.30.748,untitled,,2025.1.1,None,2025-09-30 17h00.00.269397 +0530,
-150,z,26,26,9,z,1,0.4778768329997547,None,,,,,9,26,26,3,542.4399414579966,,542.430630124989,542.4399414579966,543.4226720829902,543.4226720829902,543.4226720829902,543.4226720829902,543.4308649160084,544.4288437080104,544.4288437080104,544.9128400000045,,,,,z,1,0.4778768329997547,None,p3,001,2025-09-30_16h59.30.748,untitled,,2025.1.1,None,2025-09-30 17h00.00.269397 +0530,
-150,z,27,27,10,z,1,0.4849118329875637,None,,,,,10,27,27,3,544.9222842910094,,544.913297082996,544.9222842910094,545.9036708330095,545.9036708330095,545.9036708330095,545.9036708330095,545.9201625830028,546.929864833015,546.929864833015,547.4205772500136,,,,,z,1,0.4849118329875637,None,p3,001,2025-09-30_16h59.30.748,untitled,,2025.1.1,None,2025-09-30 17h00.00.269397 +0530,
150,v,28,28,10,v,1,0.40332225000020117,None,,,,,10,28,28,1,547.4458358330012,,547.4211299580056,547.4458358330012,548.4300478750083,548.4300478750083,548.4300478750083,548.4300478750083,548.446781665989,549.4297602910083,549.4297602910083,549.8386473749997,,,,,v,1,0.40332225000020117,None,p3,001,2025-09-30_16h59.30.748,untitled,,2025.1.1,None,2025-09-30 17h00.00.269397 +0530,
150,v,29,29,11,v,1,0.4623547920200508,None,,,,,11,29,29,1,549.8486080410075,,549.8391498329875,549.8486080410075,550.8368600409885,550.8368600409885,550.8368600409885,550.8368600409885,550.8456407499907,551.8364387910115,551.8364387910115,552.3037834579882,,,,,v,1,0.4623547920200508,None,p3,001,2025-09-30_16h59.30.748,untitled,,2025.1.1,None,2025-09-30 17h00.00.269397 +0530,
-150,z,30,30,11,z,1,0.4986066250130534,None,,,,,11,30,30,3,552.3128227500129,,552.3043090830033,552.3128227500129,553.3033678329957,553.3033678329957,553.3033678329957,553.3033678329957,553.3033678329957,554.2963019580056,554.2963019580056,554.7982377909939,,,,,z,1,0.4986066250130534,None,p3,001,2025-09-30_16h59.30.748,untitled,,2025.1.1,None,2025-09-30 17h00.00.269397 +0530,
-150,z,31,31,12,z,1,0.9419785840145778,None,,,,,12,31,31,3,554.8088419999985,,554.798913458013,554.8088419999985,555.7963860830059,555.7963860830059,555.7963860830059,555.7963860830059,555.8041488750023,556.8048367500014,556.8048367500014,557.754206957994,,,,,z,1,0.9419785840145778,None,p3,001,2025-09-30_16h59.30.748,untitled,,2025.1.1,None,2025-09-30 17h00.00.269397 +0530,
-50,x,32,32,3,x,1,0.6232203750114422,None,,,,,3,32,32,0,557.7793837499921,,557.7547703750024,557.7793837499921,558.7467202080006,558.7467202080006,558.7467202080006,558.7467202080006,558.7801745829929,559.763461791008,559.763461791008,560.3972565830045,,,,,x,1,0.6232203750114422,None,p3,001,2025-09-30_16h59.30.748,untitled,,2025.1.1,None,2025-09-30 17h00.00.269397 +0530,
-150,z,33,33,13,z,1,1.448571125016315,None,,,,,13,33,33,3,560.4064734579879,,560.3978087500145,560.4064734579879,561.395895958005,561.395895958005,561.395895958005,561.395895958005,561.4026973750151,562.3961241659999,562.3961241659999,563.8473259579914,,,,,z,1,1.448571125016315,None,p3,001,2025-09-30_16h59.30.748,untitled,,2025.1.1,None,2025-09-30 17h00.00.269397 +0530,
50,c,34,34,4,c,1,1.13334324999596,None,,,,,4,34,34,2,563.8579714579973,,563.8479354160081,563.8579714579973,564.8464383330138,564.8464383330138,564.8464383330138,564.8464383330138,564.8539457079896,565.846360208001,565.846360208001,566.9885204999882,,,,,c,1,1.13334324999596,None,p3,001,2025-09-30_16h59.30.748,untitled,,2025.1.1,None,2025-09-30 17h00.00.269397 +0530,
-150,z,35,35,14,z,1,0.6711462920065969,None,,,,,14,35,35,3,566.9982142079971,,566.9890782500152,566.9982142079971,567.9788859580003,567.9788859580003,567.9788859580003,567.9788859580003,567.9962702080084,568.9866150410089,568.9866150410089,569.6640703330049,,,,,z,1,0.6711462920065969,None,p3,001,2025-09-30_16h59.30.748,untitled,,2025.1.1,None,2025-09-30 17h00.00.269397 +0530,
-50,x,36,36,4,x,1,0.9669533749984112,None,,,,,4,36,36,0,569.6737181660137,,569.6646270829951,569.6737181660137,570.6634573749907,570.6634573749907,570.6634573749907,570.6634573749907,570.6704525410023,571.6628132500045,571.6628132500045,572.6383972910116,,,,,x,1,0.9669533749984112,None,p3,001,2025-09-30_16h59.30.748,untitled,,2025.1.1,None,2025-09-30 17h00.00.269397 +0530,
150,v,37,37,12,v,1,0.560915334004676,None,,,,,12,37,37,1,572.6636869159993,,572.6388333750074,572.6636869159993,573.6371606249886,573.6371606249886,573.6371606249886,573.6371606249886,573.6536364160129,574.6298554580135,574.6298554580135,575.1978017500078,,,,,v,1,0.560915334004676,None,p3,001,2025-09-30_16h59.30.748,untitled,,2025.1.1,None,2025-09-30 17h00.00.269397 +0530,
-50,x,38,38,5,x,1,0.8517474579857662,None,,,,,5,38,38,0,575.2080172499991,,575.1984226249915,575.2080172499991,576.1965616249945,576.1965616249945,576.1965616249945,576.1965616249945,576.203711582988,577.2060364999925,577.2060364999925,578.0642489579914,,,,,x,1,0.8517474579857662,None,p3,001,2025-09-30_16h59.30.748,untitled,,2025.1.1,None,2025-09-30 17h00.00.269397 +0530,
150,v,39,39,13,v,1,0.44768766601919197,None,,,,,13,39,39,1,578.0735037910054,,578.0648068750161,578.0735037910054,579.063086625014,579.063086625014,579.063086625014,579.063086625014,579.0702670410101,580.0630247500085,580.0630247500085,580.5136580830149,,,,,v,1,0.44768766601919197,None,p3,001,2025-09-30_16h59.30.748,untitled,,2025.1.1,None,2025-09-30 17h00.00.269397 +0530,
-50,x,40,40,6,x,1,0.5701368750014808,None,,,,,6,40,40,0,580.5194382909976,,580.5141010410152,580.5194382909976,581.5139422079956,581.5139422079956,581.5139422079956,581.5139422079956,581.5212166660058,582.5306750409945,582.5306750409945,583.105435333011,,,,,x,1,0.5701368750014808,None,p3,001,2025-09-30_16h59.30.748,untitled,,2025.1.1,None,2025-09-30 17h00.00.269397 +0530,
150,v,41,41,14,v,1,0.46588170900940895,None,,,,,14,41,41,1,583.1158803750004,,583.1059675829893,583.1158803750004,584.1043469159922,584.1043469159922,584.1043469159922,584.1043469159922,584.1131523330114,585.1048427500064,585.1048427500064,585.581137791014,,,,,v,1,0.46588170900940895,None,p3,001,2025-09-30_16h59.30.748,untitled,,2025.1.1,None,2025-09-30 17h00.00.269397 +0530,
-50,x,42,42,7,x,1,0.6619050830195192,None,,,,,7,42,42,0,585.5903054160008,,585.581704790995,585.5903054160008,586.5801280000014,586.5801280000014,586.5801280000014,586.5801280000014,586.5871669579938,587.5798310409882,587.5798310409882,588.2472455000097,,,,,x,1,0.6619050830195192,None,p3,001,2025-09-30_16h59.30.748,untitled,,2025.1.1,None,2025-09-30 17h00.00.269397 +0530,
-50,x,43,43,8,x,1,0.5397597499832045,None,,,,,8,43,43,0,588.2562749159988,,588.247685875016,588.2562749159988,589.2375104159873,589.2375104159873,589.2375104159873,589.2375104159873,589.2542277500033,590.2370262499899,590.2370262499899,590.7987423329905,,,,,x,1,0.5397597499832045,None,p3,001,2025-09-30_16h59.30.748,untitled,,2025.1.1,None,2025-09-30 17h00.00.269397 +0530,
-50,x,44,44,9,x,1,0.3936047090101056,None,,,,,9,44,44,0,590.8133714580035,,590.7994032500137,590.8133714580035,591.7974995409895,591.7974995409895,591.7974995409895,591.7974995409895,591.8048231250141,592.7964997499948,592.7964997499948,593.1993318749883,,,,,x,1,0.3936047090101056,None,p3,001,2025-09-30_16h59.30.748,untitled,,2025.1.1,None,2025-09-30 17h00.00.269397 +0530,
-150,z,45,45,15,z,1,0.5004665419983212,None,,,,,15,45,45,3,593.2133572080056,,593.2000297910126,593.2133572080056,594.1977381659963,594.1977381659963,594.1977381659963,594.1977381659963,594.204818875005,595.1973027499916,595.1973027499916,595.7051206250035,,,,,z,1,0.5004665419983212,None,p3,001,2025-09-30_16h59.30.748,untitled,,2025.1.1,None,2025-09-30 17h00.00.269397 +0530,
50,c,46,46,5,c,1,1.422913582995534,None,,,,,5,46,46,2,595.7309301249916,,595.7056999159977,595.7309301249916,596.7045088330051,596.7045088330051,596.7045088330051,596.7045088330051,596.721200791013,597.6968061660009,597.6968061660009,599.1223027909873,,,,,c,1,1.422913582995534,None,p3,001,2025-09-30_16h59.30.748,untitled,,2025.1.1,None,2025-09-30 17h00.00.269397 +0530,
150,v,47,47,15,v,1,0.5249602499825414,None,,,,,15,47,47,1,599.1329251250136,,599.1228436249949,599.1329251250136,600.1212149579951,600.1212149579951,600.1212149579951,600.1212149579951,600.1300837500021,601.1307725410152,601.1307725410152,601.6655319579877,,,,,v,1,0.5249602499825414,None,p3,001,2025-09-30_16h59.30.748,untitled,,2025.1.1,None,2025-09-30 17h00.00.269397 +0530,
-150,z,48,48,16,z,1,0.6064446659875102,None,,,,,16,48,48,3,601.6753315830138,,601.6660916660039,601.6753315830138,602.6635160830047,602.6635160830047,602.6635160830047,602.6635160830047,602.6697314580088,603.6634697499976,603.6634697499976,604.2721807500056,,,,,z,1,0.6064446659875102,None,p3,001,2025-09-30_16h59.30.748,untitled,,2025.1.1,None,2025-09-30 17h00.00.269397 +0530,
-50,x,49,49,10,x,1,0.7680131670203991,None,,,,,10,49,49,0,604.2801462500065,,604.2727333329967,604.2801462500065,605.2716824579984,605.2716824579984,605.2716824579984,605.2716824579984,605.2716824579984,606.2716953330091,606.2716953330091,607.048513332993,,,,,x,1,0.7680131670203991,None,p3,001,2025-09-30_16h59.30.748,untitled,,2025.1.1,None,2025-09-30 17h00.00.269397 +0530,
-50,x,50,50,11,x,1,0.5708547499962151,None,,,,,11,50,50,0,607.0587069579924,,607.0490879160061,607.0587069579924,608.0479483329982,608.0479483329982,608.0479483329982,608.0479483329982,608.0549822500034,609.0482566250139,609.0482566250139,609.6324155410111,,,,,x,1,0.5708547499962151,None,p3,001,2025-09-30_16h59.30.748,untitled,,2025.1.1,None,2025-09-30 17h00.00.269397 +0530,
50,c,51,51,6,c,1,0.6327795420074835,None,,,,,6,51,51,2,609.6472202079894,,609.6332158329897,609.6472202079894,610.6304792500159,610.6304792500159,610.6304792500159,610.6304792500159,610.6376847079955,611.6303499999922,611.6303499999922,612.2650577079912,,,,,c,1,0.6327795420074835,None,p3,001,2025-09-30_16h59.30.748,untitled,,2025.1.1,None,2025-09-30 17h00.00.269397 +0530,
-50,x,52,52,12,x,1,0.6904110419854987,None,,,,,12,52,52,0,612.2745950410026,,612.2656389999902,612.2745950410026,613.2647070410021,613.2647070410021,613.2647070410021,613.2647070410021,613.2725176659878,614.2644356660021,614.2644356660021,614.9663521659968,,,,,x,1,0.6904110419854987,None,p3,001,2025-09-30_16h59.30.748,untitled,,2025.1.1,None,2025-09-30 17h00.00.269397 +0530,
50,c,53,53,7,c,1,1.908957375009777,None,,,,,7,53,53,2,614.9776054999966,,614.96706145801,614.9776054999966,615.964001040993,615.964001040993,615.964001040993,615.964001040993,615.9709964159993,616.9638409999898,616.9638409999898,618.8820551660028,,,,,c,1,1.908957375009777,None,p3,001,2025-09-30_16h59.30.748,untitled,,2025.1.1,None,2025-09-30 17h00.00.269397 +0530,
150,v,54,54,16,v,1,0.6157467080047354,None,,,,,16,54,54,1,618.8920277500001,,618.8827625410049,618.8920277500001,619.880844750005,619.880844750005,619.880844750005,619.880844750005,619.8879220410017,620.8811140409962,620.8811140409962,621.4989589579927,,,,,v,1,0.6157467080047354,None,p3,001,2025-09-30_16h59.30.748,untitled,,2025.1.1,None,2025-09-30 17h00.00.269397 +0530,
-50,x,55,55,13,x,1,0.6131548749981448,None,,,,,13,55,55,0,621.5092700409878,,621.4995577080117,621.5092700409878,622.4973440410104,622.4973440410104,622.4973440410104,622.4973440410104,622.5039868750027,623.4976227910083,623.4976227910083,624.115387916012,,,,,x,1,0.6131548749981448,None,p3,001,2025-09-30_16h59.30.748,untitled,,2025.1.1,None,2025-09-30 17h00.00.269397 +0530,
50,c,56,56,8,c,1,0.6908406669972464,None,,,,,8,56,56,2,624.1246945000021,,624.1159638749959,624.1246945000021,625.1139885000011,625.1139885000011,625.1139885000011,625.1139885000011,625.1211365000054,626.113919416006,626.113919416006,626.8150582080125,,,,,c,1,0.6908406669972464,None,p3,001,2025-09-30_16h59.30.748,untitled,,2025.1.1,None,2025-09-30 17h00.00.269397 +0530,
50,c,57,57,9,c,1,0.5168454590020701,None,,,,,9,57,57,2,626.8243703749904,,626.8155154580018,626.8243703749904,627.8057553750114,627.8057553750114,627.8057553750114,627.8057553750114,627.8484116659965,628.8140664579987,628.8140664579987,629.3387887080025,,,,,c,1,0.5168454590020701,None,p3,001,2025-09-30_16h59.30.748,untitled,,2025.1.1,None,2025-09-30 17h00.00.269397 +0530,
-150,z,58,58,17,z,1,0.6176137919828761,None,,,,,17,58,58,3,629.364921750006,,629.3393281660101,629.364921750006,630.3385353749909,630.3385353749909,630.3385353749909,630.3385353749909,630.354434458015,631.3383377499995,631.3383377499995,631.9663067910005,,,,,z,1,0.6176137919828761,None,p3,001,2025-09-30_16h59.30.748,untitled,,2025.1.1,None,2025-09-30 17h00.00.269397 +0530,
50,c,59,59,10,c,1,0.6825255409930833,None,,,,,10,59,59,2,631.9811277080153,,631.9669729580055,631.9811277080153,632.9643375409942,632.9643375409942,632.9643375409942,632.9643375409942,632.9716511660081,633.9643761659972,633.9643761659972,634.6489334579965,,,,,c,1,0.6825255409930833,None,p3,001,2025-09-30_16h59.30.748,untitled,,2025.1.1,None,2025-09-30 17h00.00.269397 +0530,
-50,x,60,60,14,z,0,0.5182560829853173,None,,,,,14,60,60,0,634.6587908749934,,634.6494842910033,634.6587908749934,635.6652207080042,635.6652207080042,635.6652207080042,635.6652207080042,635.6652207080042,636.6475878749916,636.6475878749916,637.1730785830005,,,,,z,0,0.5182560829853173,None,p3,001,2025-09-30_16h59.30.748,untitled,,2025.1.1,None,2025-09-30 17h00.00.269397 +0530,
-150,z,61,61,18,z,1,0.5279470829991624,None,,,,,18,61,61,3,637.1843234160042,,637.173641500005,637.1843234160042,638.1723140410031,638.1723140410031,638.1723140410031,638.1723140410031,638.1809834160085,639.1819567079947,639.1819567079947,639.7163499160088,,,,,z,1,0.5279470829991624,None,p3,001,2025-09-30_16h59.30.748,untitled,,2025.1.1,None,2025-09-30 17h00.00.269397 +0530,
150,v,62,62,17,v,1,0.47664370900020003,None,,,,,17,62,62,1,639.7313351659977,,639.7169036660052,639.7313351659977,640.7155291250092,640.7155291250092,640.7155291250092,640.7155291250092,640.7229311660049,641.7143782910134,641.7143782910134,642.1988261660154,,,,,v,1,0.47664370900020003,None,p3,001,2025-09-30_16h59.30.748,untitled,,2025.1.1,None,2025-09-30 17h00.00.269397 +0530,
150,v,63,63,18,v,1,0.6321392079989891,None,,,,,18,63,63,1,642.2079616659903,,642.1992800830049,642.2079616659903,643.1907176249952,643.1907176249952,643.1907176249952,643.1907176249952,643.1999276659917,644.1977676659881,644.1977676659881,644.8325825000065,,,,,v,1,0.6321392079989891,None,p3,001,2025-09-30_16h59.30.748,untitled,,2025.1.1,None,2025-09-30 17h00.00.269397 +0530,
-150,z,64,64,19,z,1,0.7254724999947939,None,,,,,19,64,64,3,644.8429887910024,,644.8331685829908,644.8429887910024,645.8311821249954,645.8311821249954,645.8311821249954,645.8311821249954,645.8388224999944,646.8486816660152,646.8486816660152,647.5831347079948,,,,,z,1,0.7254724999947939,None,p3,001,2025-09-30_16h59.30.748,untitled,,2025.1.1,None,2025-09-30 17h00.00.269397 +0530,
-50,x,65,65,15,x,1,1.2851162079896312,None,,,,,15,65,65,0,647.5981622909894,,647.5840266250016,647.5981622909894,648.5812893749971,648.5812893749971,648.5812893749971,648.5812893749971,648.5885285830009,649.5907639579964,649.5907639579964,650.8827047499944,,,,,x,1,1.2851162079896312,None,p3,001,2025-09-30_16h59.30.748,untitled,,2025.1.1,None,2025-09-30 17h00.00.269397 +0530,
-150,z,66,66,20,z,1,0.9805713340174407,None,,,,,20,66,66,3,650.8921419580001,,650.8832698749902,650.8921419580001,651.8986009579967,651.8986009579967,651.8986009579967,651.8986009579967,651.9154894580133,652.8822916659992,652.8822916659992,653.8664203750086,,,,,z,1,0.9805713340174407,None,p3,001,2025-09-30_16h59.30.748,untitled,,2025.1.1,None,2025-09-30 17h00.00.269397 +0530,
150,v,67,67,19,v,1,0.49706579200574197,None,,,,,19,67,67,1,653.8755212500109,,653.8670013750088,653.8755212500109,654.8824433330155,654.8824433330155,654.8824433330155,654.8824433330155,654.8824433330155,655.8646789999912,655.8646789999912,656.3660204579937,,,,,v,1,0.49706579200574197,None,p3,001,2025-09-30_16h59.30.748,untitled,,2025.1.1,None,2025-09-30 17h00.00.269397 +0530,
-50,x,68,68,16,x,1,0.8469660829869099,None,,,,,16,68,68,0,656.3754807910009,,656.3665622909903,656.3754807910009,657.3647052499873,657.3647052499873,657.3647052499873,657.3647052499873,657.3712966660096,658.3648160409939,658.3648160409939,659.2161704160098,,,,,x,1,0.8469660829869099,None,p3,001,2025-09-30_16h59.30.748,untitled,,2025.1.1,None,2025-09-30 17h00.00.269397 +0530,
150,v,69,69,20,v,1,0.6899241250066552,None,,,,,20,69,69,1,659.2261106249935,,659.2167307909986,659.2261106249935,660.2151805830072,660.2151805830072,660.2151805830072,660.2151805830072,660.2228058330074,661.2070437500079,661.2070437500079,661.8994546250033,,,,,v,1,0.6899241250066552,None,p3,001,2025-09-30_16h59.30.748,untitled,,2025.1.1,None,2025-09-30 17h00.00.269397 +0530,
-150,z,70,70,21,z,1,0.6589274169818964,None,,,,,21,70,70,3,661.9059414160147,,661.9000360410137,661.9059414160147,662.8983299999963,662.8983299999963,662.8983299999963,662.8983299999963,662.8983299999963,663.8988275830052,663.8988275830052,664.5661344160035,,,,,z,1,0.6589274169818964,None,p3,001,2025-09-30_16h59.30.748,untitled,,2025.1.1,None,2025-09-30 17h00.00.269397 +0530,
50,c,71,71,11,c,1,0.9745012919884175,None,,,,,11,71,71,2,664.5755937909998,,664.5666982080147,664.5755937909998,665.5661368329893,665.5661368329893,665.5661368329893,665.5661368329893,665.5827095829882,666.5563633329875,666.5563633329875,667.5504679160076,,,,,c,1,0.9745012919884175,None,p3,001,2025-09-30_16h59.30.748,untitled,,2025.1.1,None,2025-09-30 17h00.00.269397 +0530,
150,v,72,72,21,v,1,0.7434353749849834,None,,,,,21,72,72,1,667.5650157910131,,667.551140333002,667.5650157910131,668.5483822909882,668.5483822909882,668.5483822909882,668.5483822909882,668.5554420830158,669.548360374989,669.548360374989,670.2994010410039,,,,,v,1,0.7434353749849834,None,p3,001,2025-09-30_16h59.30.748,untitled,,2025.1.1,None,2025-09-30 17h00.00.269397 +0530,
50,c,73,73,12,c,1,0.8472350419906434,None,,,,,12,73,73,2,670.3079132910061,,670.2997963750095,670.3079132910061,671.2994542499946,671.2994542499946,671.2994542499946,671.2994542499946,671.3164102910087,672.3157056249911,672.3157056249911,673.1677086660056,,,,,c,1,0.8472350419906434,None,p3,001,2025-09-30_16h59.30.748,untitled,,2025.1.1,None,2025-09-30 17h00.00.269397 +0530,
-150,z,74,74,22,z,1,0.9050316250068136,None,,,,,22,74,74,3,673.1790402079932,,673.168369291001,673.1790402079932,674.1652027909877,674.1652027909877,674.1652027909877,674.1652027909877,674.1719881249883,675.1828276250162,675.1828276250162,676.1011138329923,,,,,z,1,0.9050316250068136,None,p3,001,2025-09-30_16h59.30.748,untitled,,2025.1.1,None,2025-09-30 17h00.00.269397 +0530,
-150,z,75,75,23,z,1,0.4965458750084508,None,,,,,23,75,75,3,676.1156601250113,,676.1018203329877,676.1156601250113,677.1161144160142,677.1161144160142,677.1161144160142,677.1161144160142,677.1161144160142,678.1163455829956,678.1163455829956,678.6167203329969,,,,,z,1,0.4965458750084508,None,p3,001,2025-09-30_16h59.30.748,untitled,,2025.1.1,None,2025-09-30 17h00.00.269397 +0530,
-150,z,76,76,24,z,1,0.4079071670130361,None,,,,,24,76,76,3,678.6263614160125,,678.6173469159985,678.6263614160125,679.6153467080148,679.6153467080148,679.6153467080148,679.6153467080148,679.6229670830071,680.6160012909968,680.6160012909968,681.0333293750009,,,,,z,1,0.4079071670130361,None,p3,001,2025-09-30_16h59.30.748,untitled,,2025.1.1,None,2025-09-30 17h00.00.269397 +0530,
-50,x,77,77,17,x,1,1.1137558339978568,None,,,,,17,77,77,0,681.0428998749994,,681.0339358749916,681.0428998749994,682.0330794579932,682.0330794579932,682.0330794579932,682.0330794579932,682.049841458007,683.033264208003,683.033264208003,684.1513506250049,,,,,x,1,1.1137558339978568,None,p3,001,2025-09-30_16h59.30.748,untitled,,2025.1.1,None,2025-09-30 17h00.00.269397 +0530,
-50,x,78,78,18,x,1,0.7819400420121383,None,,,,,18,78,78,0,684.1654170000111,,684.1520067079982,684.1654170000111,685.1666632500128,685.1666632500128,685.1666632500128,685.1666632500128,685.1666632500128,686.1580469160108,686.1580469160108,686.9498310000054,,,,,x,1,0.7819400420121383,None,p3,001,2025-09-30_16h59.30.748,untitled,,2025.1.1,None,2025-09-30 17h00.00.269397 +0530,
-50,x,79,79,19,x,1,0.4382867499953136,None,,,,,19,79,79,0,686.9589401659905,,686.9503200410109,686.9589401659905,687.9497670000128,687.9497670000128,687.9497670000128,687.9497670000128,687.9666857499979,688.9396619159961,688.9396619159961,689.3884145409975,,,,,x,1,0.4382867499953136,None,p3,001,2025-09-30_16h59.30.748,untitled,,2025.1.1,None,2025-09-30 17h00.00.269397 +0530,
-50,x,80,80,20,x,1,0.5135092500131577,None,,,,,20,80,80,0,689.401784791,,689.390111582994,689.401784791,690.3823088750069,690.3823088750069,690.3823088750069,690.3823088750069,690.3987554160121,691.3824429580127,691.3824429580127,691.900638082996,,,,,x,1,0.5135092500131577,None,p3,001,2025-09-30_16h59.30.748,untitled,,2025.1.1,None,2025-09-30 17h00.00.269397 +0530,
-50,x,81,81,21,x,1,0.396226208016742,None,,,,,21,81,81,0,691.9134774160048,,691.9015157500107,691.9134774160048,692.8988363750104,692.8988363750104,692.8988363750104,692.8988363750104,692.9058431659942,693.9167637499922,693.9167637499922,694.3186002500006,,,,,x,1,0.396226208016742,None,p3,001,2025-09-30_16h59.30.748,untitled,,2025.1.1,None,2025-09-30 17h00.00.269397 +0530,
150,v,82,82,22,v,1,0.755483833985636,None,,,,,22,82,82,1,694.3322290409997,,694.3195987080107,694.3322290409997,695.3333435000095,695.3333435000095,695.3333435000095,695.3333435000095,695.3333435000095,696.3333836660022,696.3333836660022,697.1003918329952,,,,,v,1,0.755483833985636,None,p3,001,2025-09-30_16h59.30.748,untitled,,2025.1.1,None,2025-09-30 17h00.00.269397 +0530,
50,c,83,83,13,c,1,0.5821546250081155,None,,,,,13,83,83,2,697.1103310830076,,697.1009777910076,697.1103310830076,698.1000844160153,698.1000844160153,698.1000844160153,698.1000844160153,698.1169307499949,699.0997072079917,699.0997072079917,699.684933749988,,,,,c,1,0.5821546250081155,None,p3,001,2025-09-30_16h59.30.748,untitled,,2025.1.1,None,2025-09-30 17h00.00.269397 +0530,
-150,z,84,84,25,z,1,2.049327999993693,None,,,,,25,84,84,3,699.6995620829985,,699.6854873330158,699.6995620829985,700.7002844579984,700.7002844579984,700.7002844579984,700.7002844579984,700.7002844579984,701.6995776249969,701.6995776249969,703.7518547080108,,,,,z,1,2.049327999993693,None,p3,001,2025-09-30_16h59.30.748,untitled,,2025.1.1,None,2025-09-30 17h00.00.269397 +0530,
50,c,85,85,14,c,1,1.150144042010652,None,,,,,14,85,85,2,703.7659830829944,,703.7525724160078,703.7659830829944,704.7669268329919,704.7669268329919,704.7669268329919,704.7669268329919,704.7669268329919,705.766698374995,705.766698374995,706.9252174579888,,,,,c,1,1.150144042010652,None,p3,001,2025-09-30_16h59.30.748,untitled,,2025.1.1,None,2025-09-30 17h00.00.269397 +0530,
-150,z,86,86,26,z,1,0.7052252919820603,None,,,,,26,86,86,3,706.932595582999,,706.9257411659928,706.932595582999,707.9236312079884,707.9236312079884,707.9236312079884,707.9236312079884,707.9236312079884,708.9236151250079,708.9236151250079,709.6339183750097,,,,,z,1,0.7052252919820603,None,p3,001,2025-09-30_16h59.30.748,untitled,,2025.1.1,None,2025-09-30 17h00.00.269397 +0530,
50,c,87,87,15,c,1,1.8832077079860028,None,,,,,15,87,87,2,709.6434732500056,,709.6344355829933,709.6434732500056,710.6337441659998,710.6337441659998,710.6337441659998,710.6337441659998,710.650519791001,711.6336096250161,711.6336096250161,713.5245767500019,,,,,c,1,1.8832077079860028,None,p3,001,2025-09-30_16h59.30.748,untitled,,2025.1.1,None,2025-09-30 17h00.00.269397 +0530,
50,c,88,88,16,c,1,0.8433717500010971,None,,,,,16,88,88,2,713.5500467910024,,713.5251022079901,713.5500467910024,714.5338382080081,714.5338382080081,714.5338382080081,714.5338382080081,714.5505074159882,715.5334003329917,715.5334003329917,716.3840737910068,,,,,c,1,0.8433717500010971,None,p3,001,2025-09-30_16h59.30.748,untitled,,2025.1.1,None,2025-09-30 17h00.00.269397 +0530,
150,v,89,89,23,v,1,1.1292980830185115,None,,,,,23,89,89,1,716.3931145830138,,716.384543291002,716.3931145830138,717.38377437499,717.38377437499,717.38377437499,717.38377437499,717.4000448750157,718.3835729999992,718.3835729999992,719.5176843749941,,,,,v,1,1.1292980830185115,None,p3,001,2025-09-30_16h59.30.748,untitled,,2025.1.1,None,2025-09-30 17h00.00.269397 +0530,
150,v,90,90,24,v,1,0.5629963329993188,None,,,,,24,90,90,1,719.5277944160043,,719.518321999989,719.5277944160043,720.5173107080045,720.5173107080045,720.5173107080045,720.5173107080045,720.5335539160005,721.5168116659916,721.5168116659916,722.0839214579901,,,,,v,1,0.5629963329993188,None,p3,001,2025-09-30_16h59.30.748,untitled,,2025.1.1,None,2025-09-30 17h00.00.269397 +0530,
-150,z,91,91,27,z,1,0.8018457079888321,None,,,,,27,91,91,3,722.0898824580072,,722.0843789580103,722.0898824580072,723.0839479579881,723.0839479579881,723.0839479579881,723.0839479579881,723.1003488750139,724.0840347910125,724.0840347910125,724.9021754160058,,,,,z,1,0.8018457079888321,None,p3,001,2025-09-30_16h59.30.748,untitled,,2025.1.1,None,2025-09-30 17h00.00.269397 +0530,
-150,z,92,92,28,z,1,0.5524350419873372,None,,,,,28,92,92,3,724.9131057909981,,724.9028742079972,724.9131057909981,725.9175341250084,725.9175341250084,725.9175341250084,725.9175341250084,725.9175341250084,726.9173519159958,726.9173519159958,727.4854530410084,,,,,z,1,0.5524350419873372,None,p3,001,2025-09-30_16h59.30.748,untitled,,2025.1.1,None,2025-09-30 17h00.00.269397 +0530,
50,c,93,93,17,c,1,0.9532064999802969,None,,,,,17,93,93,2,727.4997751660121,,727.4861452080077,727.4997751660121,728.500821958005,728.500821958005,728.500821958005,728.500821958005,728.500821958005,729.5006916660059,729.5006916660059,730.4693189579993,,,,,c,1,0.9532064999802969,None,p3,001,2025-09-30_16h59.30.748,untitled,,2025.1.1,None,2025-09-30 17h00.00.269397 +0530,
150,v,94,94,25,v,1,0.38976024999283254,None,,,,,25,94,94,1,730.4834796249925,,730.4700755829981,730.4834796249925,731.483478707989,731.483478707989,731.483478707989,731.483478707989,731.483478707989,732.4841370829963,732.4841370829963,732.8844518749975,,,,,v,1,0.38976024999283254,None,p3,001,2025-09-30_16h59.30.748,untitled,,2025.1.1,None,2025-09-30 17h00.00.269397 +0530,
50,c,95,95,18,c,1,0.7923344580049161,None,,,,,18,95,95,2,732.8941001250059,,732.8851003749878,732.8941001250059,733.8841608749935,733.8841608749935,733.8841608749935,733.8841608749935,733.9009020829981,734.8843904160021,734.8843904160021,735.6845381250023,,,,,c,1,0.7923344580049161,None,p3,001,2025-09-30_16h59.30.748,untitled,,2025.1.1,None,2025-09-30 17h00.00.269397 +0530,
-150,z,96,96,29,z,1,0.648627624992514,None,,,,,29,96,96,3,735.6945345829881,,735.6851753329975,735.6945345829881,736.6838553750131,736.6838553750131,736.6838553750131,736.6838553750131,736.6909276660008,737.6841912500095,737.6841912500095,738.3358161660144,,,,,z,1,0.648627624992514,None,p3,001,2025-09-30_16h59.30.748,untitled,,2025.1.1,None,2025-09-30 17h00.00.269397 +0530,
150,v,97,97,26,v,1,0.4723883749975357,None,,,,,26,97,97,1,738.3498817500076,,738.336558415991,738.3498817500076,739.3513031660113,739.3513031660113,739.3513031660113,739.3513031660113,739.3513031660113,740.333478125016,740.333478125016,740.8192709579889,,,,,v,1,0.4723883749975357,None,p3,001,2025-09-30_16h59.30.748,untitled,,2025.1.1,None,2025-09-30 17h00.00.269397 +0530,
150,v,98,98,27,v,1,1.3287806250154972,None,,,,,27,98,98,1,740.8338309160026,,740.8198648329999,740.8338309160026,741.8348717910121,741.8348717910121,741.8348717910121,741.8348717910121,741.8348717910121,742.8339885830064,742.8339885830064,744.1687492500059,,,,,v,1,1.3287806250154972,None,p3,001,2025-09-30_16h59.30.748,untitled,,2025.1.1,None,2025-09-30 17h00.00.269397 +0530,
-50,x,99,99,22,x,1,1.3474369169853162,None,,,,,22,99,99,0,744.1835771249898,,744.169355082995,744.1835771249898,745.1840454160119,745.1840454160119,745.1840454160119,745.1840454160119,745.1840454160119,746.1668679580034,746.1668679580034,747.5355638329929,,,,,x,1,1.3474369169853162,None,p3,001,2025-09-30_16h59.30.748,untitled,,2025.1.1,None,2025-09-30 17h00.00.269397 +0530,
-50,x,100,100,23,x,1,0.5787150000105612,None,,,,,23,100,100,0,747.5501175830141,,747.5362583750102,747.5501175830141,748.5512757080141,748.5512757080141,748.5512757080141,748.5512757080141,748.5512757080141,749.5511147080106,749.5511147080106,750.1347980829887,,,,,x,1,0.5787150000105612,None,p3,001,2025-09-30_16h59.30.748,untitled,,2025.1.1,None,2025-09-30 17h00.00.269397 +0530,
-150,z,101,101,30,z,1,3.3763460000045598,None,,,,,30,101,101,3,750.1448660409951,,750.1353705000074,750.1448660409951,751.1346500829968,751.1346500829968,751.1346500829968,751.1346500829968,751.1511027080123,752.1335643749917,752.1335643749917,755.5179602910066,,,,,z,1,3.3763460000045598,None,p3,001,2025-09-30_16h59.30.748,untitled,,2025.1.1,None,2025-09-30 17h00.00.269397 +0530,
50,c,102,102,19,c,1,5.383821625000564,None,,,,,19,102,102,2,755.5267889579991,,755.5184170000139,755.5267889579991,756.5180864580034,756.5180864580034,756.5180864580034,756.5180864580034,756.5347242499993,757.5181579999917,757.5181579999917,762.9193805000104,,,,,c,1,5.383821625000564,None,p3,001,2025-09-30_16h59.30.748,untitled,,2025.1.1,None,2025-09-30 17h00.00.269397 +0530,
-150,z,103,103,31,z,1,7.983867207978619,None,,,,,31,103,103,3,762.9341132499976,,762.9201381249877,762.9341132499976,763.9349456249911,763.9349456249911,763.9349456249911,763.9349456249911,763.9349456249911,764.9179200830113,764.9179200830113,772.9098587500048,,,,,z,1,7.983867207978619,None,p3,001,2025-09-30_16h59.30.748,untitled,,2025.1.1,None,2025-09-30 17h00.00.269397 +0530,
150,v,104,104,28,v,1,0.7223261659964919,None,,,,,28,104,104,1,772.9210049580142,,772.9107345000084,772.9210049580142,773.9184212500113,773.9184212500113,773.9184212500113,773.9184212500113,773.9350494579994,774.9185738750093,774.9185738750093,775.6534029160102,,,,,v,1,0.7223261659964919,None,p3,001,2025-09-30_16h59.30.748,untitled,,2025.1.1,None,2025-09-30 17h00.00.269397 +0530,
50,c,105,105,20,c,1,2.0817431660252623,None,,,,,20,105,105,2,775.6677637500106,,775.6540714160074,775.6677637500106,776.6679598749906,776.6679598749906,776.6679598749906,776.6679598749906,776.6679598749906,777.6681145410112,777.6681145410112,779.753514083015,,,,,c,1,2.0817431660252623,None,p3,001,2025-09-30_16h59.30.748,untitled,,2025.1.1,None,2025-09-30 17h00.00.269397 +0530,
150,v,106,106,29,v,1,0.8503199169936124,None,,,,,29,106,106,1,779.7645622080017,,779.7541675409884,779.7645622080017,780.7687930410029,780.7687930410029,780.7687930410029,780.7687930410029,780.7687930410029,781.7683929580089,781.7683929580089,782.6272095000022,,,,,v,1,0.8503199169936124,None,p3,001,2025-09-30_16h59.30.748,untitled,,2025.1.1,None,2025-09-30 17h00.00.269397 +0530,
50,c,107,107,21,c,1,2.089216583990492,None,,,,,21,107,107,2,782.6373609160073,,782.6278241660038,782.6373609160073,783.6350378330098,783.6350378330098,783.6350378330098,783.6350378330098,783.6520239160163,784.6347435830103,784.6347435830103,786.7371534999984,,,,,c,1,2.089216583990492,None,p3,001,2025-09-30_16h59.30.748,untitled,,2025.1.1,None,2025-09-30 17h00.00.269397 +0530,
50,c,108,108,22,c,1,2.0956229170260485,None,,,,,22,108,108,2,786.7511093330104,,786.7378754579986,786.7511093330104,787.7521042909939,787.7521042909939,787.7521042909939,787.7521042909939,787.7521042909939,788.7515442080039,788.7515442080039,790.8536024159985,,,,,c,1,2.0956229170260485,None,p3,001,2025-09-30_16h59.30.748,untitled,,2025.1.1,None,2025-09-30 17h00.00.269397 +0530,
150,v,109,109,30,v,1,1.5904782500001602,None,,,,,30,109,109,1,790.8676399580145,,790.8543118330126,790.8676399580145,791.8687615410017,791.8687615410017,791.8687615410017,791.8687615410017,791.8687615410017,792.8686075000151,792.8686075000151,794.4695902499952,,,,,v,1,1.5904782500001602,None,p3,001,2025-09-30_16h59.30.748,untitled,,2025.1.1,None,2025-09-30 17h00.00.269397 +0530,
-50,x,110,110,24,x,1,3.9463672499987297,None,,,,,24,110,110,0,794.4846326659899,,794.4701918330102,794.4846326659899,795.4676592499891,795.4676592499891,795.4676592499891,795.4676592499891,795.4751996659907,796.4677260410099,796.4677260410099,800.420714915992,,,,,x,1,3.9463672499987297,None,p3,001,2025-09-30_16h59.30.748,untitled,,2025.1.1,None,2025-09-30 17h00.00.269397 +0530,
50,c,111,111,23,c,1,1.3135521659860387,None,,,,,23,111,111,2,800.434509957995,,800.421400666004,800.434509957995,801.4354855830024,801.4354855830024,801.4354855830024,801.4354855830024,801.4354855830024,802.4182322499983,802.4182322499983,803.7358986659965,,,,,c,1,1.3135521659860387,None,p3,001,2025-09-30_16h59.30.748,untitled,,2025.1.1,None,2025-09-30 17h00.00.269397 +0530,
-50,x,112,112,25,x,1,4.234519874997204,None,,,,,25,112,112,0,803.7457895000116,,803.7364685829962,803.7457895000116,804.7354452080035,804.7354452080035,804.7354452080035,804.7354452080035,804.7522992079903,805.7522168330033,805.7522168330033,810.0040511660045,,,,,x,1,4.234519874997204,None,p3,001,2025-09-30_16h59.30.748,untitled,,2025.1.1,None,2025-09-30 17h00.00.269397 +0530,
-150,z,113,113,32,z,1,1.280937042000005,None,,,,,32,113,113,3,810.0181736660015,,810.0046728329908,810.0181736660015,811.0190293329943,811.0190293329943,811.0190293329943,811.0190293329943,811.0190293329943,812.0019892080163,812.0019892080163,813.2869747499935,,,,,z,1,1.280937042000005,None,p3,001,2025-09-30_16h59.30.748,untitled,,2025.1.1,None,2025-09-30 17h00.00.269397 +0530,
150,v,114,114,31,v,1,0.8106741659867112,None,,,,,31,114,114,1,813.3015048330126,,813.2876574159891,813.3015048330126,814.2848965410085,814.2848965410085,814.2848965410085,814.2848965410085,814.2919228330138,815.2851677500003,815.2851677500003,816.1020061660092,,,,,v,1,0.8106741659867112,None,p3,001,2025-09-30_16h59.30.748,untitled,,2025.1.1,None,2025-09-30 17h00.00.269397 +0530,
-150,z,115,115,33,z,1,0.737820666981861,None,,,,,33,115,115,3,816.1105499580153,,816.1024984999967,816.1105499580153,817.0926524160022,817.0926524160022,817.0926524160022,817.0926524160022,817.109123000002,818.1022984579904,818.1022984579904,818.8534470000013,,,,,z,1,0.737820666981861,None,p3,001,2025-09-30_16h59.30.748,untitled,,2025.1.1,None,2025-09-30 17h00.00.269397 +0530,
50,c,116,116,24,c,1,0.580899375025183,None,,,,,24,116,116,2,818.8687436660111,,818.8541280410136,818.8687436660111,819.8518771659874,819.8518771659874,819.8518771659874,819.8518771659874,819.85868450001,820.8518894579902,820.8518894579902,821.4363578330085,,,,,c,1,0.580899375025183,None,p3,001,2025-09-30_16h59.30.748,untitled,,2025.1.1,None,2025-09-30 17h00.00.269397 +0530,
-50,x,117,117,26,x,1,0.4909917500044685,None,,,,,26,117,117,0,821.4467594999878,,821.4369362079888,821.4467594999878,822.434997666016,822.434997666016,822.434997666016,822.434997666016,822.4433000409917,823.4348826660134,823.4348826660134,823.9271704579878,,,,,x,1,0.4909917500044685,None,p3,001,2025-09-30_16h59.30.748,untitled,,2025.1.1,None,2025-09-30 17h00.00.269397 +0530,
50,c,118,118,25,c,1,0.5673360000073444,None,,,,,25,118,118,2,823.9348872080154,,823.9276280000049,823.9348872080154,824.9364209159976,824.9364209159976,824.9364209159976,824.9364209159976,824.9364209159976,825.9255179580068,825.9255179580068,826.4942772079958,,,,,c,1,0.5673360000073444,None,p3,001,2025-09-30_16h59.30.748,untitled,,2025.1.1,None,2025-09-30 17h00.00.269397 +0530,
50,c,119,119,26,c,1,1.0147022499877494,None,,,,,26,119,119,2,826.5042885410076,,826.4948732499906,826.5042885410076,827.4929501250153,827.4929501250153,827.4929501250153,827.4929501250153,827.5015711250016,828.4921794160036,828.4921794160036,829.5100017499935,,,,,c,1,1.0147022499877494,None,p3,001,2025-09-30_16h59.30.748,untitled,,2025.1.1,None,2025-09-30 17h00.00.269397 +0530,
-50,x,120,120,27,x,1,0.9922078749805223,None,,,,,27,120,120,0,829.5353143750108,,829.5105601660034,829.5353143750108,830.5191819579923,830.5191819579923,830.5191819579923,830.5191819579923,830.525901874993,831.501697166008,831.501697166008,832.5031168750138,,,,,x,1,0.9922078749805223,None,p3,001,2025-09-30_16h59.30.748,untitled,,2025.1.1,None,2025-09-30 17h00.00.269397 +0530,
150,v,121,121,32,v,1,0.5133597079839092,None,,,,,32,121,121,1,832.5133291250095,,832.5036822080147,832.5133291250095,833.50248645799,833.50248645799,833.50248645799,833.50248645799,833.5093137910007,834.4935247910034,834.4935247910034,835.0098791659984,,,,,v,1,0.5133597079839092,None,p3,001,2025-09-30_16h59.30.748,untitled,,2025.1.1,None,2025-09-30 17h00.00.269397 +0530,
50,c,122,122,27,c,1,0.4834955840196926,None,,,,,27,122,122,2,835.0353358749999,,835.0104341660044,835.0353358749999,836.0097050410113,836.0097050410113,836.0097050410113,836.0097050410113,836.0527232910099,837.0193978330062,837.0193978330062,837.509540708008,,,,,c,1,0.4834955840196926,None,p3,001,2025-09-30_16h59.30.748,untitled,,2025.1.1,None,2025-09-30 17h00.00.269397 +0530,
-50,x,123,123,28,x,1,0.7080083749897312,None,,,,,28,123,123,0,837.5186093749944,,837.5099863749929,837.5186093749944,838.5102015000011,838.5102015000011,838.5102015000011,838.5102015000011,838.5102015000011,839.5109031659958,839.5109031659958,840.2266793329909,,,,,x,1,0.7080083749897312,None,p3,001,2025-09-30_16h59.30.748,untitled,,2025.1.1,None,2025-09-30 17h00.00.269397 +0530,
-150,z,124,124,34,z,1,0.4460085419996176,None,,,,,34,124,124,3,840.2355423750123,,840.2271204580029,840.2355423750123,841.2356635410106,841.2356635410106,841.2356635410106,841.2356635410106,841.2356635410106,842.2358095830132,842.2358095830132,842.686872708,,,,,z,1,0.4460085419996176,None,p3,001,2025-09-30_16h59.30.748,untitled,,2025.1.1,None,2025-09-30 17h00.00.269397 +0530,
150,v,125,125,33,v,1,0.712174624990439,None,,,,,33,125,125,1,842.6966612079996,,842.6874473750067,842.6966612079996,843.6847416659875,843.6847416659875,843.6847416659875,843.6847416659875,843.6923027909943,844.702583041013,844.702583041013,845.4202365830133,,,,,v,1,0.712174624990439,None,p3,001,2025-09-30_16h59.30.748,untitled,,2025.1.1,None,2025-09-30 17h00.00.269397 +0530,
-50,x,126,126,29,x,1,0.5588563340133987,None,,,,,29,126,126,0,845.4279104580055,,845.4207227079896,845.4279104580055,846.4191036249977,846.4191036249977,846.4191036249977,846.4191036249977,846.4267199999886,847.4198391659884,847.4198391659884,847.9866161250102,,,,,x,1,0.5588563340133987,None,p3,001,2025-09-30_16h59.30.748,untitled,,2025.1.1,None,2025-09-30 17h00.00.269397 +0530,
150,v,127,127,34,v,1,0.6018642499984708,None,,,,,34,127,127,1,847.9958664579899,,847.9870897080109,847.9958664579899,848.9866795830021,848.9866795830021,848.9866795830021,848.9866795830021,849.0035531249887,849.9859395409876,849.9859395409876,850.604361708014,,,,,v,1,0.6018642499984708,None,p3,001,2025-09-30_16h59.30.748,untitled,,2025.1.1,None,2025-09-30 17h00.00.269397 +0530,
50,c,128,128,28,c,1,1.3032879160018638,None,,,,,28,128,128,2,850.6138248750067,,850.6049681660079,850.6138248750067,851.6036805830081,851.6036805830081,851.6036805830081,851.6036805830081,851.6201023749891,852.6194620000024,852.6194620000024,853.9283157500031,,,,,c,1,1.3032879160018638,None,p3,001,2025-09-30_16h59.30.748,untitled,,2025.1.1,None,2025-09-30 17h00.00.269397 +0530,
150,v,129,129,35,v,1,0.514789082983043,None,,,,,35,129,129,1,853.9386549160117,,853.9289040000003,853.9386549160117,854.9367523330147,854.9367523330147,854.9367523330147,854.9367523330147,854.953498582996,855.9531427079928,855.9531427079928,856.4702220000036,,,,,v,1,0.514789082983043,None,p3,001,2025-09-30_16h59.30.748,untitled,,2025.1.1,None,2025-09-30 17h00.00.269397 +0530,
-50,x,130,130,30,f10,0,0.06520375001127832,None,,,,,30,130,130,0,856.4796726249915,,856.4708041659906,856.4796726249915,857.4701240829891,857.4701240829891,857.4701240829891,857.4701240829891,857.4867529580079,858.4697579579952,858.4697579579952,858.5373163330078,,,,,f10,0,0.06520375001127832,None,p3,001,2025-09-30_16h59.30.748,untitled,,2025.1.1,None,2025-09-30 17h00.00.269397 +0530,
50,c,131,131,29,z,0,0.7490222500055097,None,,,,,29,131,131,2,858.5508490409993,,858.5379682909988,858.5508490409993,859.5369363329955,859.5369363329955,859.5369363329955,859.5369363329955,859.5534027910035,860.5359603750112,860.5359603750112,861.2875757080037,,,,,z,0,0.7490222500055097,None,p3,001,2025-09-30_16h59.30.748,untitled,,2025.1.1,None,2025-09-30 17h00.00.269397 +0530,
50,c,132,132,30,c,1,0.43462437501875684,None,,,,,30,132,132,2,861.2969226250134,,861.2883299159876,861.2969226250134,862.2861713329912,862.2861713329912,862.2861713329912,862.2861713329912,862.2930601249973,863.2871542909998,863.2871542909998,863.7289092910069,,,,,c,1,0.43462437501875684,None,p3,001,2025-09-30_16h59.30.748,untitled,,2025.1.1,None,2025-09-30 17h00.00.269397 +0530,
-50,x,133,133,31,x,1,0.5432568750111386,None,,,,,31,133,133,0,863.7392055410019,,863.7295024580089,863.7392055410019,864.7270997079904,864.7270997079904,864.7270997079904,864.7270997079904,864.7359064159973,865.7365773750062,865.7365773750062,866.2872738330043,,,,,x,1,0.5432568750111386,None,p3,001,2025-09-30_16h59.30.748,untitled,,2025.1.1,None,2025-09-30 17h00.00.269397 +0530,
50,c,134,134,31,c,1,0.6787854589929339,None,,,,,31,134,134,2,866.2970805410005,,866.2878737910069,866.2970805410005,867.2868390000076,867.2868390000076,867.2868390000076,867.2868390000076,867.303394165996,868.2870912080107,868.2870912080107,868.969722208014,,,,,c,1,0.6787854589929339,None,p3,001,2025-09-30_16h59.30.748,untitled,,2025.1.1,None,2025-09-30 17h00.00.269397 +0530,
-50,x,135,135,32,x,1,1.1802321670111269,None,,,,,32,135,135,0,868.9767084580089,,868.9700033330009,868.9767084580089,869.9700409159996,869.9700409159996,869.9700409159996,869.9700409159996,869.9867178330023,870.9706003330066,870.9706003330066,872.1540697499877,,,,,x,1,1.1802321670111269,None,p3,001,2025-09-30_16h59.30.748,untitled,,2025.1.1,None,2025-09-30 17h00.00.269397 +0530,
-50,x,136,136,33,x,1,0.40986716700717807,None,,,,,33,136,136,0,872.1641197080025,,872.1546527910104,872.1641197080025,873.1536873750156,873.1536873750156,873.1536873750156,873.1536873750156,873.1704080000054,874.1539817909943,874.1539817909943,874.5875650829985,,,,,x,1,0.40986716700717807,None,p3,001,2025-09-30_16h59.30.748,untitled,,2025.1.1,None,2025-09-30 17h00.00.269397 +0530,
-150,z,137,137,35,z,1,0.4343417919881176,None,,,,,35,137,137,3,874.6031417500053,,874.5881528749887,874.6031417500053,875.5871382500045,875.5871382500045,875.5871382500045,875.5871382500045,875.6039055830042,876.587398750009,876.587398750009,877.0279493330163,,,,,z,1,0.4343417919881176,None,p3,001,2025-09-30_16h59.30.748,untitled,,2025.1.1,None,2025-09-30 17h00.00.269397 +0530,
150,v,138,138,36,v,1,0.453646290989127,None,,,,,36,138,138,1,877.0528929579887,,877.0285249580047,877.0528929579887,878.0368616250053,878.0368616250053,878.0368616250053,878.0368616250053,878.0442028749967,879.0373017909878,879.0373017909878,879.5054310410051,,,,,v,1,0.453646290989127,None,p3,001,2025-09-30_16h59.30.748,untitled,,2025.1.1,None,2025-09-30 17h00.00.269397 +0530,
150,v,139,139,37,v,1,0.3900458749849349,None,,,,,37,139,139,1,879.5194763749896,,879.5061195830058,879.5194763749896,880.5206008329988,880.5206008329988,880.5206008329988,880.5206008329988,880.5206008329988,881.5027629999968,881.5027629999968,881.8949567909876,,,,,v,1,0.3900458749849349,None,p3,001,2025-09-30_16h59.30.748,untitled,,2025.1.1,None,2025-09-30 17h00.00.269397 +0530,
150,v,140,140,38,v,1,0.3877680000150576,None,,,,,38,140,140,1,881.9060507499962,,881.8955266250123,881.9060507499962,882.8890441659896,882.8890441659896,882.8890441659896,882.8890441659896,882.9034269159893,883.8930572080135,883.8930572080135,884.2874251249887,,,,,v,1,0.3877680000150576,None,p3,001,2025-09-30_16h59.30.748,untitled,,2025.1.1,None,2025-09-30 17h00.00.269397 +0530,
150,v,141,141,39,v,1,0.3817449159978423,None,,,,,39,141,141,1,884.2965931250073,,884.2879789159924,884.2965931250073,885.2862611660094,885.2862611660094,885.2862611660094,885.2862611660094,885.292758666008,886.2870086659968,886.2870086659968,886.6704607499996,,,,,v,1,0.3817449159978423,None,p3,001,2025-09-30_16h59.30.748,untitled,,2025.1.1,None,2025-09-30 17h00.00.269397 +0530,
-50,x,142,142,34,z,0,0.4677635419939179,None,,,,,34,142,142,0,886.6791918750096,,886.6709785409912,886.6791918750096,887.6695785000047,887.6695785000047,887.6695785000047,887.6695785000047,887.6763688329956,888.661937375,888.661937375,889.1377106659929,,,,,z,0,0.4677635419939179,None,p3,001,2025-09-30_16h59.30.748,untitled,,2025.1.1,None,2025-09-30 17h00.00.269397 +0530,
-150,z,143,143,36,z,1,0.41270950000034645,None,,,,,36,143,143,3,889.14730099999,,889.1382681250107,889.14730099999,890.1365274580021,890.1365274580021,890.1365274580021,890.1365274580021,890.1433886250015,891.136222333007,891.136222333007,891.5538972910144,,,,,z,1,0.41270950000034645,None,p3,001,2025-09-30_16h59.30.748,untitled,,2025.1.1,None,2025-09-30 17h00.00.269397 +0530,
-150,z,144,144,37,z,1,0.3741326669987757,None,,,,,37,144,144,3,891.5635488330154,,891.5543332500092,891.5635488330154,892.5432852079975,892.5432852079975,892.5432852079975,892.5432852079975,892.5595210409956,893.5436441659986,893.5436441659986,893.9210060409969,,,,,z,1,0.3741326669987757,None,p3,001,2025-09-30_16h59.30.748,untitled,,2025.1.1,None,2025-09-30 17h00.00.269397 +0530,
50,c,145,145,32,c,1,0.5961438330123201,None,,,,,32,145,145,2,893.9305844159971,,893.9215525409963,893.9305844159971,894.9121374159877,894.9121374159877,894.9121374159877,894.9121374159877,894.9534000830026,895.9197119580058,895.9197119580058,896.5210101249977,,,,,c,1,0.5961438330123201,None,p3,001,2025-09-30_16h59.30.748,untitled,,2025.1.1,None,2025-09-30 17h00.00.269397 +0530,
-150,z,146,146,38,z,1,0.3484726249880623,None,,,,,38,146,146,3,896.5303536659922,,896.5215620830131,896.5303536659922,897.5206863330095,897.5206863330095,897.5206863330095,897.5206863330095,897.5278298330086,898.5373799579975,898.5373799579975,898.8890099579876,,,,,z,1,0.3484726249880623,None,p3,001,2025-09-30_16h59.30.748,untitled,,2025.1.1,None,2025-09-30 17h00.00.269397 +0530,
50,c,147,147,33,c,1,0.316358708019834,None,,,,,33,147,147,2,898.9004551660037,,898.8896860830137,898.9004551660037,899.8870746660104,899.8870746660104,899.8870746660104,899.8870746660104,899.893772957992,900.886474791012,900.886474791012,901.2048755830037,,,,,c,1,0.316358708019834,None,p3,001,2025-09-30_16h59.30.748,untitled,,2025.1.1,None,2025-09-30 17h00.00.269397 +0530,
-50,x,148,148,35,z,0,0.5305280830070842,None,,,,,35,148,148,0,901.2150724160019,,901.2054658330162,901.2150724160019,902.2041161660163,902.2041161660163,902.2041161660163,902.2041161660163,902.2112901250075,903.196143832989,903.196143832989,903.7380085829936,,,,,z,0,0.5305280830070842,None,p3,001,2025-09-30_16h59.30.748,untitled,,2025.1.1,None,2025-09-30 17h00.00.269397 +0530,
50,c,149,149,34,c,1,0.8039904999895953,None,,,,,34,149,149,2,903.7476752910006,,903.7386300830112,903.7476752910006,904.7366161250102,904.7366161250102,904.7366161250102,904.7366161250102,904.7442695409991,905.7538014159945,905.7538014159945,906.562607083004,,,,,c,1,0.8039904999895953,None,p3,001,2025-09-30_16h59.30.748,untitled,,2025.1.1,None,2025-09-30 17h00.00.269397 +0530,
150,v,150,150,40,v,1,0.5089807499898598,None,,,,,40,150,150,1,906.5731188330101,,906.5631508330116,906.5731188330101,907.5713640410104,907.5713640410104,907.5713640410104,907.5713640410104,907.5878817079938,908.562793457997,908.562793457997,909.0793352499895,,,,,v,1,0.5089807499898598,None,p3,001,2025-09-30_16h59.30.748,untitled,,2025.1.1,None,2025-09-30 17h00.00.269397 +0530,
50,c,151,151,35,c,1,0.5863948749902193,None,,,,,35,151,151,2,909.0897489580093,,909.0799745830009,909.0897489580093,910.0770297909912,910.0770297909912,910.0770297909912,910.0770297909912,910.0867070409877,911.0773223330034,911.0773223330034,911.6714507910074,,,,,c,1,0.5863948749902193,None,p3,001,2025-09-30_16h59.30.748,untitled,,2025.1.1,None,2025-09-30 17h00.00.269397 +0530,
-50,x,152,152,36,x,1,0.968841624999186,None,,,,,36,152,152,0,911.6808670829923,,911.6720252910163,911.6808670829923,912.6701322080044,912.6701322080044,912.6701322080044,912.6701322080044,912.6777166659886,913.6700943750038,913.6700943750038,914.645030832995,,,,,x,1,0.968841624999186,None,p3,001,2025-09-30_16h59.30.748,untitled,,2025.1.1,None,2025-09-30 17h00.00.269397 +0530,
50,c,153,153,36,c,1,1.130023416975746,None,,,,,36,153,153,2,914.670319375,,914.6455795000074,914.670319375,915.6455245830002,915.6455245830002,915.6455245830002,915.6455245830002,915.670670624997,916.6439810410084,916.6439810410084,917.7781848750019,,,,,c,1,1.130023416975746,None,p3,001,2025-09-30_16h59.30.748,untitled,,2025.1.1,None,2025-09-30 17h00.00.269397 +0530,
150,v,154,154,41,v,1,0.8822921250248328,None,,,,,41,154,154,1,917.7905290409981,,917.7787297079922,917.7905290409981,918.7706867080124,918.7706867080124,918.7706867080124,918.7706867080124,918.7869457910128,919.7775634159916,919.7775634159916,920.6615357499977,,,,,v,1,0.8822921250248328,None,p3,001,2025-09-30_16h59.30.748,untitled,,2025.1.1,None,2025-09-30 17h00.00.269397 +0530,
-150,z,155,155,39,z,1,1.5701256669999566,None,,,,,39,155,155,3,920.6697222079965,,920.6620664999937,920.6697222079965,921.6536101659876,921.6536101659876,921.6536101659876,921.6536101659876,921.6603255000082,922.6708253330144,922.6708253330144,924.2454482910107,,,,,z,1,1.5701256669999566,None,p3,001,2025-09-30_16h59.30.748,untitled,,2025.1.1,None,2025-09-30 17h00.00.269397 +0530,
150,v,156,156,42,v,1,1.6388032080139965,None,,,,,42,156,156,1,924.271094708005,,924.2460174160078,924.271094708005,925.237031333003,925.237031333003,925.237031333003,925.237031333003,925.2612485830032,926.2459526660095,926.2459526660095,927.888553458004,,,,,v,1,1.6388032080139965,None,p3,001,2025-09-30_16h59.30.748,untitled,,2025.1.1,None,2025-09-30 17h00.00.269397 +0530,
-50,x,157,157,37,x,1,0.8985791250015609,None,,,,,37,157,157,0,927.89825608299,,927.8892547079886,927.89825608299,928.8871189159981,928.8871189159981,928.8871189159981,928.8871189159981,928.8947006659873,929.8871727079968,929.8871727079968,930.7884638750111,,,,,x,1,0.8985791250015609,None,p3,001,2025-09-30_16h59.30.748,untitled,,2025.1.1,None,2025-09-30 17h00.00.269397 +0530,
50,c,158,158,37,c,1,0.7725167500029784,None,,,,,37,158,158,2,930.7980489580077,,930.7890405830112,930.7980489580077,931.7787947499892,931.7787947499892,931.7787947499892,931.7787947499892,931.7955990410119,932.7872451659932,932.7872451659932,933.5634017910052,,,,,c,1,0.7725167500029784,None,p3,001,2025-09-30_16h59.30.748,untitled,,2025.1.1,None,2025-09-30 17h00.00.269397 +0530,
-50,x,159,159,38,x,1,0.9991820830036886,None,,,,,38,159,159,0,933.5736951250001,,933.5639757910103,933.5736951250001,934.5628578329924,934.5628578329924,934.5628578329924,934.5628578329924,934.5713134999969,935.5606179999886,935.5606179999886,936.5633571660146,,,,,x,1,0.9991820830036886,None,p3,001,2025-09-30_16h59.30.748,untitled,,2025.1.1,None,2025-09-30 17h00.00.269397 +0530,
150,v,160,160,43,v,1,1.4319953330268618,None,,,,,43,160,160,1,936.5736970829894,,936.564024124993,936.5736970829894,937.5617621249985,937.5617621249985,937.5617621249985,937.5617621249985,937.5705907910015,938.561819124996,938.561819124996,939.9967176660139,,,,,v,1,1.4319953330268618,None,p3,001,2025-09-30_16h59.30.748,untitled,,2025.1.1,None,2025-09-30 17h00.00.269397 +0530,
150,v,161,161,44,v,1,0.9169143330072984,None,,,,,44,161,161,1,940.0070315409976,,939.9972913750098,940.0070315409976,941.0048822500103,941.0048822500103,941.0048822500103,941.0048822500103,941.0121207080083,941.9967969160061,941.9967969160061,942.9221145829943,,,,,v,1,0.9169143330072984,None,p3,001,2025-09-30_16h59.30.748,untitled,,2025.1.1,None,2025-09-30 17h00.00.269397 +0530,
50,c,162,162,38,c,1,0.9970166659913957,None,,,,,38,162,162,2,942.9321540409874,,942.9226847910031,942.9321540409874,943.9209792499896,943.9209792499896,943.9209792499896,943.9209792499896,943.9279801660159,944.9217071660096,944.9217071660096,945.9222294579959,,,,,c,1,0.9970166659913957,None,p3,001,2025-09-30_16h59.30.748,untitled,,2025.1.1,None,2025-09-30 17h00.00.269397 +0530,
-50,x,163,163,39,x,1,0.8625279170228168,None,,,,,39,163,163,0,945.9313044580049,,945.9227841249958,945.9313044580049,946.9219042909972,946.9219042909972,946.9219042909972,946.9219042909972,946.9386569579947,947.9123456660018,947.9123456660018,948.7790152500093,,,,,x,1,0.8625279170228168,None,p3,001,2025-09-30_16h59.30.748,untitled,,2025.1.1,None,2025-09-30 17h00.00.269397 +0530,
50,c,164,164,39,c,1,0.8523088750080206,None,,,,,39,164,164,2,948.8049434580025,,948.7796119159902,948.8049434580025,949.7788702080143,949.7788702080143,949.7788702080143,949.7788702080143,949.795092040993,950.7884268749913,950.7884268749913,951.6461115000129,,,,,c,1,0.8523088750080206,None,p3,001,2025-09-30_16h59.30.748,untitled,,2025.1.1,None,2025-09-30 17h00.00.269397 +0530,
-50,x,165,165,40,x,1,1.0634952919790521,None,,,,,40,165,165,0,951.6710305410088,,951.6465901249903,951.6710305410088,952.6381849159952,952.6381849159952,952.6381849159952,952.6381849159952,952.6618752909999,953.6383097500075,953.6383097500075,954.7056859160075,,,,,x,1,1.0634952919790521,None,p3,001,2025-09-30_16h59.30.748,untitled,,2025.1.1,None,2025-09-30 17h00.00.269397 +0530,
-50,x,166,166,41,x,1,1.3095250000187661,None,,,,,41,166,166,0,954.7147919579875,,954.7062467079959,954.7147919579875,955.7052435830119,955.7052435830119,955.7052435830119,955.7052435830119,955.7125440000091,956.7043027080072,956.7043027080072,958.0228242079902,,,,,x,1,1.3095250000187661,None,p3,001,2025-09-30_16h59.30.748,untitled,,2025.1.1,None,2025-09-30 17h00.00.269397 +0530,
50,c,167,167,40,c,1,0.7091791669954546,None,,,,,40,167,167,2,958.0334207499982,,958.0235723750084,958.0334207499982,959.0219705830095,959.0219705830095,959.0219705830095,959.0219705830095,959.0287615410052,960.0387013329891,960.0387013329891,960.7554361250077,,,,,c,1,0.7091791669954546,None,p3,001,2025-09-30_16h59.30.748,untitled,,2025.1.1,None,2025-09-30 17h00.00.269397 +0530,
-50,x,168,168,42,x,1,0.7983614170225337,None,,,,,42,168,168,0,960.7652322080103,,960.7558777079976,960.7652322080103,961.7463442500157,961.7463442500157,961.7463442500157,961.7463442500157,961.7890262079891,962.7544425830129,962.7544425830129,963.5556974580104,,,,,x,1,0.7983614170225337,None,p3,001,2025-09-30_16h59.30.748,untitled,,2025.1.1,None,2025-09-30 17h00.00.269397 +0530,
50,c,169,169,41,c,1,0.6433990410005208,None,,,,,41,169,169,2,963.5651995830121,,963.5562500410015,963.5651995830121,964.554431291006,964.554431291006,964.554431291006,964.554431291006,964.5610352910007,965.5543770829972,965.5543770829972,966.2059578330081,,,,,c,1,0.6433990410005208,None,p3,001,2025-09-30_16h59.30.748,untitled,,2025.1.1,None,2025-09-30 17h00.00.269397 +0530,
-150,z,170,170,40,z,1,1.0337554999860004,None,,,,,40,170,170,3,966.2154343750153,,966.2063997910009,966.2154343750153,967.2053344160086,967.2053344160086,967.2053344160086,967.2053344160086,967.2122886659927,968.2219427500095,968.2219427500095,969.2637414580095,,,,,z,1,1.0337554999860004,None,p3,001,2025-09-30_16h59.30.748,untitled,,2025.1.1,None,2025-09-30 17h00.00.269397 +0530,
150,v,171,171,45,v,1,0.6061852909915615,None,,,,,45,171,171,1,969.2738028329914,,969.2643576659902,969.2738028329914,970.2623551250144,970.2623551250144,970.2623551250144,970.2623551250144,970.2712684579892,971.2635030829988,971.2635030829988,971.8729532909929,,,,,v,1,0.6061852909915615,None,p3,001,2025-09-30_16h59.30.748,untitled,,2025.1.1,None,2025-09-30 17h00.00.269397 +0530,
150,v,172,172,46,v,1,0.39502012499724515,None,,,,,46,172,172,1,971.8822961249971,,971.8735120829951,971.8822961249971,972.8722472079971,972.8722472079971,972.8722472079971,972.8722472079971,972.8795002080151,973.8647531250026,973.8647531250026,974.2628845410072,,,,,v,1,0.39502012499724515,None,p3,001,2025-09-30_16h59.30.748,untitled,,2025.1.1,None,2025-09-30 17h00.00.269397 +0530,
-150,z,173,173,41,z,1,0.3095794999971986,None,,,,,41,173,173,3,974.2883048749936,,974.2634729160054,974.2883048749936,975.2629382500018,975.2629382500018,975.2629382500018,975.2629382500018,975.2793239160092,976.2721501660126,976.2721501660126,976.5903262910142,,,,,z,1,0.3095794999971986,None,p3,001,2025-09-30_16h59.30.748,untitled,,2025.1.1,None,2025-09-30 17h00.00.269397 +0530,
50,c,174,174,42,c,1,0.7637188330118079,None,,,,,42,174,174,2,976.5994623329898,,976.5907639159996,976.5994623329898,977.5887544160069,977.5887544160069,977.5887544160069,977.5887544160069,977.595757291012,978.5880906250095,978.5880906250095,979.3561749999935,,,,,c,1,0.7637188330118079,None,p3,001,2025-09-30_16h59.30.748,untitled,,2025.1.1,None,2025-09-30 17h00.00.269397 +0530,
50,c,175,175,43,c,1,0.39298783300910145,None,,,,,43,175,175,2,979.3652653330064,,979.3567253749934,979.3652653330064,980.3551747500023,980.3551747500023,980.3551747500023,980.3551747500023,980.3621813750069,981.3548362909933,981.3548362909933,981.7562060409982,,,,,c,1,0.39298783300910145,None,p3,001,2025-09-30_16h59.30.748,untitled,,2025.1.1,None,2025-09-30 17h00.00.269397 +0530,
-150,z,176,176,42,z,1,0.412865749996854,None,,,,,42,176,176,3,981.7655182080052,,981.7567754159973,981.7655182080052,982.7555074999982,982.7555074999982,982.7555074999982,982.7555074999982,982.7626870409877,983.7549286659923,983.7549286659923,984.1749901660078,,,,,z,1,0.412865749996854,None,p3,001,2025-09-30_16h59.30.748,untitled,,2025.1.1,None,2025-09-30 17h00.00.269397 +0530,
50,c,177,177,44,c,1,0.6117750419944059,None,,,,,44,177,177,2,984.1884016249969,,984.1754566660093,984.1884016249969,985.1722581660142,985.1722581660142,985.1722581660142,985.1722581660142,985.1791791660071,986.171959750005,986.171959750005,986.7900463330152,,,,,c,1,0.6117750419944059,None,p3,001,2025-09-30_16h59.30.748,untitled,,2025.1.1,None,2025-09-30 17h00.00.269397 +0530,
150,v,178,178,47,v,1,0.7769704579841346,None,,,,,47,178,178,1,986.7996662910155,,986.7906967079907,986.7996662910155,987.7889406660106,987.7889406660106,987.7889406660106,987.7889406660106,987.7958594160154,988.7889674160106,988.7889674160106,989.5742669579922,,,,,v,1,0.7769704579841346,None,p3,001,2025-09-30_16h59.30.748,untitled,,2025.1.1,None,2025-09-30 17h00.00.269397 +0530,
-50,x,179,179,43,x,1,0.7701838339853566,None,,,,,43,179,179,0,989.5858303749992,,989.5749626659963,989.5858303749992,990.5890807080141,990.5890807080141,990.5890807080141,990.5890807080141,990.5890807080141,991.5816861659987,991.5816861659987,992.3565975830134,,,,,x,1,0.7701838339853566,None,p3,001,2025-09-30_16h59.30.748,untitled,,2025.1.1,None,2025-09-30 17h00.00.269397 +0530,
-150,z,180,180,43,z,1,1.8803549580043182,None,,,,,43,180,180,3,992.3668250000046,,992.3571644999902,992.3668250000046,993.3551247910073,993.3551247910073,993.3551247910073,993.3551247910073,993.3625597080099,994.3484477500024,994.3484477500024,996.231518125016,,,,,z,1,1.8803549580043182,None,p3,001,2025-09-30_16h59.30.748,untitled,,2025.1.1,None,2025-09-30 17h00.00.269397 +0530,
-50,x,181,181,44,x,1,1.5287251659901813,None,,,,,44,181,181,0,996.2391531250032,,996.2321939580142,996.2391531250032,997.2301185409888,997.2301185409888,997.2301185409888,997.2301185409888,997.2301185409888,998.2390660409874,998.2390660409874,999.77322933299,,,,,x,1,1.5287251659901813,None,p3,001,2025-09-30_16h59.30.748,untitled,,2025.1.1,None,2025-09-30 17h00.00.269397 +0530,
50,c,182,182,45,c,1,0.6702737090236042,None,,,,,45,182,182,2,999.7826144580031,,999.7737909579882,999.7826144580031,1000.7721029579989,1000.7721029579989,1000.7721029579989,1000.7721029579989,1000.7793679579918,1001.764518083015,1001.764518083015,1002.4399291250156,,,,,c,1,0.6702737090236042,None,p3,001,2025-09-30_16h59.30.748,untitled,,2025.1.1,None,2025-09-30 17h00.00.269397 +0530,
50,c,183,183,46,c,1,0.679215790994931,None,,,,,46,183,183,2,1002.449560625013,,1002.4404823330115,1002.449560625013,1003.4390480410075,1003.4390480410075,1003.4390480410075,1003.4390480410075,1003.4457450830087,1004.4386160410068,1004.4386160410068,1005.1234448330069,,,,,c,1,0.679215790994931,None,p3,001,2025-09-30_16h59.30.748,untitled,,2025.1.1,None,2025-09-30 17h00.00.269397 +0530,
50,c,184,184,47,c,1,0.6298852089967113,None,,,,,47,184,184,2,1005.1330244159908,,1005.1239577909873,1005.1330244159908,1006.122927999997,1006.122927999997,1006.122927999997,1006.122927999997,1006.1298008750018,1007.122111500008,1007.122111500008,1007.7577177080093,,,,,c,1,0.6298852089967113,None,p3,001,2025-09-30_16h59.30.748,untitled,,2025.1.1,None,2025-09-30 17h00.00.269397 +0530,
50,c,185,185,48,c,1,1.1473350840096828,None,,,,,48,185,185,2,1007.7720348750008,,1007.7584070409939,1007.7720348750008,1008.7559175410133,1008.7559175410133,1008.7559175410133,1008.7559175410133,1008.762956874998,1009.7655353329901,1009.7655353329901,1010.9147225409979,,,,,c,1,1.1473350840096828,None,p3,001,2025-09-30_16h59.30.748,untitled,,2025.1.1,None,2025-09-30 17h00.00.269397 +0530,
-150,z,186,186,44,z,1,0.5556644159951247,None,,,,,44,186,186,3,1010.9222981249914,,1010.915266875003,1010.9222981249914,1011.9135543330049,1011.9135543330049,1011.9135543330049,1011.9135543330049,1011.9135543330049,1012.9130561659986,1012.9130561659986,1013.4735838749912,,,,,z,1,0.5556644159951247,None,p3,001,2025-09-30_16h59.30.748,untitled,,2025.1.1,None,2025-09-30 17h00.00.269397 +0530,
-150,z,187,187,45,z,1,0.45013091701548547,None,,,,,45,187,187,3,1013.4834733330063,,1013.4741428749985,1013.4834733330063,1014.4724179999903,1014.4724179999903,1014.4724179999903,1014.4724179999903,1014.4794112909876,1015.4726779579942,1015.4726779579942,1015.9301927910128,,,,,z,1,0.45013091701548547,None,p3,001,2025-09-30_16h59.30.748,untitled,,2025.1.1,None,2025-09-30 17h00.00.269397 +0530,
-150,z,188,188,46,z,1,0.5403102500131354,None,,,,,46,188,188,3,1015.9564587080094,,1015.9306608329935,1015.9564587080094,1016.9299279580009,1016.9299279580009,1016.9299279580009,1016.9299279580009,1016.9475414580083,1017.9395186660113,1017.9395186660113,1018.4818007909926,,,,,z,1,0.5403102500131354,None,p3,001,2025-09-30_16h59.30.748,untitled,,2025.1.1,None,2025-09-30 17h00.00.269397 +0530,
-50,x,189,189,45,x,1,0.5428550420037936,None,,,,,45,189,189,0,1018.4917826660094,,1018.4823578330106,1018.4917826660094,1019.4798908749945,1019.4798908749945,1019.4798908749945,1019.4798908749945,1019.5063630829973,1020.4899979580077,1020.4899979580077,1021.040348999988,,,,,x,1,0.5428550420037936,None,p3,001,2025-09-30_16h59.30.748,untitled,,2025.1.1,None,2025-09-30 17h00.00.269397 +0530,
-150,z,190,190,47,z,1,0.6273040829983074,None,,,,,47,190,190,3,1021.0495648749929,,1021.0408067500102,1021.0495648749929,1022.0299032079929,1022.0299032079929,1022.0299032079929,1022.0299032079929,1022.046640332992,1023.0394562910078,1023.0394562910078,1023.675085875002,,,,,z,1,0.6273040829983074,None,p3,001,2025-09-30_16h59.30.748,untitled,,2025.1.1,None,2025-09-30 17h00.00.269397 +0530,
-150,z,191,191,48,z,1,0.6819002910051495,None,,,,,48,191,191,3,1023.6870148330054,,1023.6759651250031,1023.6870148330054,1024.6899536249985,1024.6899536249985,1024.6899536249985,1024.6899536249985,1024.6899536249985,1025.6729235409875,1025.6729235409875,1026.3571091660124,,,,,z,1,0.6819002910051495,None,p3,001,2025-09-30_16h59.30.748,untitled,,2025.1.1,None,2025-09-30 17h00.00.269397 +0530,
-50,x,192,192,46,x,1,0.784036750002997,None,,,,,46,192,192,0,1026.367355333001,,1026.3576731249923,1026.367355333001,1027.3560108329984,1027.3560108329984,1027.3560108329984,1027.3560108329984,1027.3629492080072,1028.3557636250043,1028.3557636250043,1029.1483231660095,,,,,x,1,0.784036750002997,None,p3,001,2025-09-30_16h59.30.748,untitled,,2025.1.1,None,2025-09-30 17h00.00.269397 +0530,
-50,x,193,193,47,x,1,0.6632107500045095,None,,,,,47,193,193,0,1029.1585297079873,,1029.1489233330067,1029.1585297079873,1030.1569275410147,1030.1569275410147,1030.1569275410147,1030.1569275410147,1030.164348833001,1031.173423625005,1031.173423625005,1031.840554333001,,,,,x,1,0.6632107500045095,None,p3,001,2025-09-30_16h59.30.748,untitled,,2025.1.1,None,2025-09-30 17h00.00.269397 +0530,
150,v,194,194,48,v,1,1.0264501250057947,None,,,,,48,194,194,1,1031.850583374995,,1031.8411082499952,1031.850583374995,1032.8392862910114,1032.8392862910114,1032.8392862910114,1032.8392862910114,1032.845839540998,1033.8403900830017,1033.8403900830017,1034.8743720409984,,,,,v,1,1.0264501250057947,None,p3,001,2025-09-30_16h59.30.748,untitled,,2025.1.1,None,2025-09-30 17h00.00.269397 +0530,
-50,x,195,195,48,x,1,0.8853672499826644,None,,,,,48,195,195,0,1034.8832177500008,,1034.8748209160112,1034.8832177500008,1035.872761540988,1035.872761540988,1035.872761540988,1035.872761540988,1035.879580790992,1036.8724951249897,1036.8724951249897,1037.775044665992,,,,,x,1,0.8853672499826644,None,p3,001,2025-09-30_16h59.30.748,untitled,,2025.1.1,None,2025-09-30 17h00.00.269397 +0530,
50,c,196,196,49,c,1,0.9649235830001999,None,,,,,49,196,196,2,1037.789334208006,,1037.7757042500016,1037.789334208006,1038.7731224579911,1038.7731224579911,1038.7731224579911,1038.7731224579911,1038.7805097909877,1039.7728423750086,1039.7728423750086,1040.7411557500018,,,,,c,1,0.9649235830001999,None,p3,001,2025-09-30_16h59.30.748,untitled,,2025.1.1,None,2025-09-30 17h00.00.269397 +0530,
150,v,197,197,49,v,1,1.3900097500008997,None,,,,,49,197,197,1,1040.749980833003,,1040.7417014579987,1040.749980833003,1041.7405895410047,1041.7405895410047,1041.7405895410047,1041.7405895410047,1041.7571037909947,1042.740780041,1042.740780041,1044.1332677080063,,,,,v,1,1.3900097500008997,None,p3,001,2025-09-30_16h59.30.748,untitled,,2025.1.1,None,2025-09-30 17h00.00.269397 +0530,
-50,x,198,198,49,x,1,0.9872188340232242,None,,,,,49,198,198,0,1044.1427639999893,,1044.1338375830092,1044.1427639999893,1045.1305981249898,1045.1305981249898,1045.1305981249898,1045.1305981249898,1045.139519874996,1046.1316259579908,1046.1316259579908,1047.1267458329967,,,,,x,1,0.9872188340232242,None,p3,001,2025-09-30_16h59.30.748,untitled,,2025.1.1,None,2025-09-30 17h00.00.269397 +0530,
-150,z,199,199,49,z,1,2.2140413750021253,None,,,,,49,199,199,3,1047.1395919159986,,1047.1272963749943,1047.1395919159986,1048.131971374998,1048.131971374998,1048.131971374998,1048.131971374998,1048.131971374998,1049.1236785830115,1049.1236785830115,1051.3410314159992,,,,,z,1,2.2140413750021253,None,p3,001,2025-09-30_16h59.30.748,untitled,,2025.1.1,None,2025-09-30 17h00.00.269397 +0530,
