pos,corr_resp,thisN,thisTrialN,thisRepN,key_resp.keys,key_resp.corr,key_resp.rt,key_resp.duration,trials.thisRepN,trials.thisTrialN,trials.thisN,trials.thisIndex,trials_2.thisRepN,trials_2.thisTrialN,trials_2.thisN,trials_2.thisIndex,thisRow.t,notes,trial.started,fixation.started,line1.started,line2.started,line3.started,line4.started,fixation.stopped,probe.started,key_resp.started,trial.stopped,trials.key_resp.keys,trials.key_resp.corr,trials.key_resp.rt,trials.key_resp.duration,trials_2.key_resp.keys,trials_2.key_resp.corr,trials_2.key_resp.rt,trials_2.key_resp.duration,participant,session,date,expName,expVersion,psychopyVersion,frameRate,expStart,
-50,x,0,0,0,x,1,0.7019358330289833,None,0,0,0,0,,,,,0.05196304200217128,,0.04079004196682945,0.05196304200217128,1.0059724579914473,1.0059724579914473,1.0059724579914473,1.0059724579914473,1.0503046669764444,1.9932622920023277,1.9932622920023277,3.0240288749919273,x,1,0.7019358330289833,None,,,,,p5,001,2025-10-02_12h51.59.578,untitled,,2025.1.1,120.05954954275607,2025-10-02 12h52.21.238452 +0530,
150,v,1,1,0,v,1,0.821396375016775,None,0,1,1,1,,,,,3.044844416959677,,3.0242286669672467,3.044844416959677,4.017221374961082,4.017221374961082,4.017221374961082,4.017221374961082,4.0401974999695085,5.02585574996192,5.02585574996192,5.853050666977651,v,1,0.821396375016775,None,,,,,p5,001,2025-10-02_12h51.59.578,untitled,,2025.1.1,120.05954954275607,2025-10-02 12h52.21.238452 +0530,
50,c,2,2,0,c,1,0.6576356249861419,None,0,2,2,2,,,,,5.864378832979128,,5.853740707971156,5.864378832979128,6.8508407499757595,6.8508407499757595,6.8508407499757595,6.8508407499757595,6.858097916992847,7.85967187496135,7.85967187496135,8.525726457999554,c,1,0.6576356249861419,None,,,,,p5,001,2025-10-02_12h51.59.578,untitled,,2025.1.1,120.05954954275607,2025-10-02 12h52.21.238452 +0530,
-150,z,3,3,0,z,1,0.32049041701247916,None,0,3,3,3,,,,,8.550727541965898,,8.526175207982305,8.550727541965898,9.517489916994236,9.517489916994236,9.517489916994236,9.517489916994236,9.54096087499056,10.534717832983006,10.534717832983006,10.859004458005074,z,1,0.32049041701247916,None,,,,,p5,001,2025-10-02_12h51.59.578,untitled,,2025.1.1,120.05954954275607,2025-10-02 12h52.21.238452 +0530,
-50,x,4,0,1,x,1,0.6678704990190454,None,1,0,4,0,,,,,10.884161624999251,,10.859552749956492,10.884161624999251,11.857899207971059,11.857899207971059,11.857899207971059,11.857899207971059,11.87363958300557,12.860373582981993,12.860373582981993,13.535406707960647,x,1,0.6678704990190454,None,,,,,p5,001,2025-10-02_12h51.59.578,untitled,,2025.1.1,120.05954954275607,2025-10-02 12h52.21.238452 +0530,
150,v,5,1,1,v,1,0.3089518750202842,None,1,1,5,1,,,,,13.544261832954362,,13.535842416982632,13.544261832954362,14.533946624957025,14.533946624957025,14.533946624957025,14.533946624957025,14.540153207955882,15.527316791994963,15.527316791994963,15.842155582970008,v,1,0.3089518750202842,None,,,,,p5,001,2025-10-02_12h51.59.578,untitled,,2025.1.1,120.05954954275607,2025-10-02 12h52.21.238452 +0530,
50,c,6,2,1,c,1,0.5806148329866119,None,1,2,6,2,,,,,15.86763674998656,,15.84273170796223,15.86763674998656,16.841332166979555,16.841332166979555,16.841332166979555,16.841332166979555,16.857738707971293,17.833917791955173,17.833917791955173,18.420065166952554,c,1,0.5806148329866119,None,,,,,p5,001,2025-10-02_12h51.59.578,untitled,,2025.1.1,120.05954954275607,2025-10-02 12h52.21.238452 +0530,
-150,z,7,3,1,z,1,0.30526366602862254,None,1,3,7,3,,,,,18.434109958005138,,18.42077237495687,18.434109958005138,19.417739333002828,19.417739333002828,19.417739333002828,19.417739333002828,19.425061666988768,20.41705829196144,20.41705829196144,20.72775774996262,z,1,0.30526366602862254,None,,,,,p5,001,2025-10-02_12h51.59.578,untitled,,2025.1.1,120.05954954275607,2025-10-02 12h52.21.238452 +0530,
-50,x,8,0,2,x,1,0.4566674579982646,None,2,0,8,0,,,,,20.737328041985165,,20.72821066697361,20.737328041985165,21.725387624988798,21.725387624988798,21.725387624988798,21.725387624988798,21.734012874949258,22.72550974995829,22.72550974995829,23.18482933298219,x,1,0.4566674579982646,None,,,,,p5,001,2025-10-02_12h51.59.578,untitled,,2025.1.1,120.05954954275607,2025-10-02 12h52.21.238452 +0530,
150,v,9,1,2,v,1,0.28701500000897795,None,2,1,9,1,,,,,23.190883707953617,,23.185259582998697,23.190883707953617,24.17520258296281,24.17520258296281,24.17520258296281,24.17520258296281,24.18425379198743,25.174377416959032,25.174377416959032,25.469051749969367,v,1,0.28701500000897795,None,,,,,p5,001,2025-10-02_12h51.59.578,untitled,,2025.1.1,120.05954954275607,2025-10-02 12h52.21.238452 +0530,
50,c,10,2,2,c,1,0.2974937080289237,None,2,2,10,2,,,,,25.478761292004492,,25.469500999955926,25.478761292004492,26.48516054195352,26.48516054195352,26.48516054195352,26.48516054195352,26.48516054195352,27.467742041975725,27.467742041975725,27.769042667001486,c,1,0.2974937080289237,None,,,,,p5,001,2025-10-02_12h51.59.578,untitled,,2025.1.1,120.05954954275607,2025-10-02 12h52.21.238452 +0530,
-150,z,11,3,2,z,1,0.024559040961321443,None,2,3,11,3,,,,,27.778812832955737,,27.7695927079767,27.778812832955737,28.767855541955214,28.767855541955214,28.767855541955214,28.767855541955214,28.775383792002685,29.767773500003386,29.767773500003386,29.80236899998272,z,1,0.024559040961321443,None,,,,,p5,001,2025-10-02_12h51.59.578,untitled,,2025.1.1,120.05954954275607,2025-10-02 12h52.21.238452 +0530,
-50,x,12,0,3,x,1,0.3890717910253443,None,3,0,12,0,,,,,29.812050457985606,,29.80290766694816,29.812050457985606,30.80190749996109,30.80190749996109,30.80190749996109,30.80190749996109,30.808562582999002,31.81819095800165,31.81819095800165,32.21117416699417,x,1,0.3890717910253443,None,,,,,p5,001,2025-10-02_12h51.59.578,untitled,,2025.1.1,120.05954954275607,2025-10-02 12h52.21.238452 +0530,
150,v,13,1,3,v,1,0.32028145797085017,None,3,1,13,1,,,,,32.220931207994,,32.21192949998658,32.220931207994,33.20884629199281,33.20884629199281,33.20884629199281,33.20884629199281,33.217897541995626,34.211024416959845,34.211024416959845,34.536273124977015,v,1,0.32028145797085017,None,,,,,p5,001,2025-10-02_12h51.59.578,untitled,,2025.1.1,120.05954954275607,2025-10-02 12h52.21.238452 +0530,
50,c,14,2,3,c,1,0.3576040419866331,None,3,2,14,2,,,,,34.54691608296707,,34.53697762498632,34.54691608296707,35.53562966699246,35.53562966699246,35.53562966699246,35.53562966699246,35.542934499972034,36.55202974996064,36.55202974996064,36.92033125000307,c,1,0.3576040419866331,None,,,,,p5,001,2025-10-02_12h51.59.578,untitled,,2025.1.1,120.05954954275607,2025-10-02 12h52.21.238452 +0530,
-150,z,15,3,3,z,1,0.29788300005020574,None,3,3,15,3,,,,,36.934482541983016,,36.9210614169715,36.934482541983016,37.918879791977815,37.918879791977815,37.918879791977815,37.918879791977815,37.92597908299649,38.91844799998216,38.91844799998216,39.21890508296201,z,1,0.29788300005020574,None,,,,,p5,001,2025-10-02_12h51.59.578,untitled,,2025.1.1,120.05954954275607,2025-10-02 12h52.21.238452 +0530,
-50,x,16,0,4,x,1,1.1777934990241192,None,4,0,16,0,,,,,39.224835332948714,,39.21933316695504,39.224835332948714,40.2090085829841,40.2090085829841,40.2090085829841,40.2090085829841,40.217914624954574,41.21863404195756,41.21863404195756,42.40396287495969,x,1,1.1777934990241192,None,,,,,p5,001,2025-10-02_12h51.59.578,untitled,,2025.1.1,120.05954954275607,2025-10-02 12h52.21.238452 +0530,
150,v,17,1,4,v,1,0.34398983302526176,None,4,1,17,1,,,,,42.4149617079529,,42.40468054194935,42.4149617079529,43.40214416699018,43.40214416699018,43.40214416699018,43.40214416699018,43.40914254199015,44.41138745797798,44.41138745797798,44.760298332956154,v,1,0.34398983302526176,None,,,,,p5,001,2025-10-02_12h51.59.578,untitled,,2025.1.1,120.05954954275607,2025-10-02 12h52.21.238452 +0530,
50,c,18,2,4,c,1,0.4783352499944158,None,4,2,18,2,,,,,44.77089608297683,,44.76092724996852,44.77089608297683,45.75958991696825,45.75958991696825,45.75958991696825,45.75958991696825,45.76807516696863,46.75908604200231,46.75908604200231,47.2430972919683,c,1,0.4783352499944158,None,,,,,p5,001,2025-10-02_12h51.59.578,untitled,,2025.1.1,120.05954954275607,2025-10-02 12h52.21.238452 +0530,
-150,z,19,3,4,z,1,0.3057045419700444,None,4,3,19,3,,,,,47.26887266698759,,47.243654541962314,47.26887266698759,48.24399808299495,48.24399808299495,48.24399808299495,48.24399808299495,48.28574837499764,49.2426158330054,49.2426158330054,49.5528011249844,z,1,0.3057045419700444,None,,,,,p5,001,2025-10-02_12h51.59.578,untitled,,2025.1.1,120.05954954275607,2025-10-02 12h52.21.238452 +0530,
-50,x,20,0,5,x,1,0.6006940410006791,None,5,0,20,0,,,,,49.562070124957245,,49.553326249995735,49.562070124957245,50.55159379198449,50.55159379198449,50.55159379198449,50.55159379198449,50.55833408300532,51.55254474998219,51.55254474998219,52.161341374972835,x,1,0.6006940410006791,None,,,,,p5,001,2025-10-02_12h51.59.578,untitled,,2025.1.1,120.05954954275607,2025-10-02 12h52.21.238452 +0530,
150,v,21,1,5,v,1,0.31102154101245105,None,5,1,21,1,,,,,52.171391291951295,,52.16191337496275,52.171391291951295,53.18604645796586,53.18604645796586,53.18604645796586,53.18604645796586,53.18604645796586,54.15930579195265,54.15930579195265,54.47741999995196,v,1,0.31102154101245105,None,,,,,p5,001,2025-10-02_12h51.59.578,untitled,,2025.1.1,120.05954954275607,2025-10-02 12h52.21.238452 +0530,
50,c,22,2,5,c,1,0.29685483302455395,None,5,2,22,2,,,,,54.48778029199457,,54.47796262498014,54.48778029199457,55.47681387496414,55.47681387496414,55.47681387496414,55.47681387496414,55.4852591669769,56.50250441697426,56.50250441697426,56.80422091699438,c,1,0.29685483302455395,None,,,,,p5,001,2025-10-02_12h51.59.578,untitled,,2025.1.1,120.05954954275607,2025-10-02 12h52.21.238452 +0530,
-150,z,23,3,5,z,1,0.46157358295749873,None,5,3,23,3,,,,,56.81873104197439,,56.80495233298279,56.81873104197439,57.80172554199817,57.80172554199817,57.80172554199817,57.80172554199817,57.8083306250046,58.818939582968596,58.818939582968596,59.286123124998994,z,1,0.46157358295749873,None,,,,,p5,001,2025-10-02_12h51.59.578,untitled,,2025.1.1,120.05954954275607,2025-10-02 12h52.21.238452 +0530,
-50,x,24,0,6,x,1,0.9429128330084495,None,6,0,24,0,,,,,59.29501070798142,,59.2865502499626,59.29501070798142,60.27615175000392,60.27615175000392,60.27615175000392,60.27615175000392,60.29269233299419,61.27735324995592,61.27735324995592,62.22845454199705,x,1,0.9429128330084495,None,,,,,p5,001,2025-10-02_12h51.59.578,untitled,,2025.1.1,120.05954954275607,2025-10-02 12h52.21.238452 +0530,
150,v,25,1,6,v,1,0.2710008330177516,None,6,1,25,1,,,,,62.238503417000175,,62.229065166960936,62.238503417000175,63.236275999981444,63.236275999981444,63.236275999981444,63.236275999981444,63.252768332953565,64.22634037496755,64.22634037496755,64.50335504196119,v,1,0.2710008330177516,None,,,,,p5,001,2025-10-02_12h51.59.578,untitled,,2025.1.1,120.05954954275607,2025-10-02 12h52.21.238452 +0530,
50,c,26,2,6,c,1,0.2752045420347713,None,6,2,26,2,,,,,64.51344358298229,,64.50392387498869,64.51344358298229,65.50276791700162,65.50276791700162,65.50276791700162,65.50276791700162,65.50981291697826,66.50218683294952,66.50218683294952,66.7865947499522,c,1,0.2752045420347713,None,,,,,p5,001,2025-10-02_12h51.59.578,untitled,,2025.1.1,120.05954954275607,2025-10-02 12h52.21.238452 +0530,
-150,z,27,3,6,z,1,0.5849024999770336,None,6,3,27,3,,,,,66.7963869170053,,66.78714608296286,66.7963869170053,67.77753837499768,67.77753837499768,67.77753837499768,67.77753837499768,67.81957908294862,68.78648858296219,68.78648858296219,69.37697954196483,z,1,0.5849024999770336,None,,,,,p5,001,2025-10-02_12h51.59.578,untitled,,2025.1.1,120.05954954275607,2025-10-02 12h52.21.238452 +0530,
-50,x,28,0,7,x,1,0.338095290993806,None,7,0,28,0,,,,,69.40280366694788,,69.37751649995334,69.40280366694788,70.3694434579811,70.3694434579811,70.3694434579811,70.3694434579811,70.41959491698071,71.37730012496468,71.37730012496468,71.72000124998158,x,1,0.338095290993806,None,,,,,p5,001,2025-10-02_12h51.59.578,untitled,,2025.1.1,120.05954954275607,2025-10-02 12h52.21.238452 +0530,
150,v,29,1,7,v,1,0.3186315830098465,None,7,1,29,1,,,,,71.7289794999524,,71.7205509999767,71.7289794999524,72.71983762498712,72.71983762498712,72.71983762498712,72.71983762498712,72.72713283298071,73.71870541694807,73.71870541694807,74.04449058294995,v,1,0.3186315830098465,None,,,,,p5,001,2025-10-02_12h51.59.578,untitled,,2025.1.1,120.05954954275607,2025-10-02 12h52.21.238452 +0530,
50,c,30,2,7,c,1,0.33780358301009983,None,7,2,30,2,,,,,74.05465458298568,,74.04502358299214,74.05465458298568,75.04345833294792,75.04345833294792,75.04345833294792,75.04345833294792,75.0521338749677,76.05266729195137,76.05266729195137,76.39451858296525,c,1,0.33780358301009983,None,,,,,p5,001,2025-10-02_12h51.59.578,untitled,,2025.1.1,120.05954954275607,2025-10-02 12h52.21.238452 +0530,
-150,z,31,3,7,z,1,0.24143291701329872,None,7,3,31,3,,,,,76.40477320796344,,76.39507545798551,76.40477320796344,77.39395974995568,77.39395974995568,77.39395974995568,77.39395974995568,77.41937991697341,78.40297641698271,78.40297641698271,78.6546606249758,z,1,0.24143291701329872,None,,,,,p5,001,2025-10-02_12h51.59.578,untitled,,2025.1.1,120.05954954275607,2025-10-02 12h52.21.238452 +0530,
-50,x,32,0,8,x,1,0.4337697909795679,None,8,0,32,0,,,,,78.66461545799393,,78.65535020799143,78.66461545799393,79.65240095800254,79.65240095800254,79.65240095800254,79.65240095800254,79.65978137496859,80.6527728329529,80.6527728329529,81.088163666951,x,1,0.4337697909795679,None,,,,,p5,001,2025-10-02_12h51.59.578,untitled,,2025.1.1,120.05954954275607,2025-10-02 12h52.21.238452 +0530,
150,v,33,1,8,v,1,0.3069963750313036,None,8,1,33,1,,,,,81.09940387494862,,81.08881262497744,81.09940387494862,82.0856397919706,82.0856397919706,82.0856397919706,82.0856397919706,82.09362587495707,83.08555545797572,83.08555545797572,83.42032979195938,v,1,0.3069963750313036,None,,,,,p5,001,2025-10-02_12h51.59.578,untitled,,2025.1.1,120.05954954275607,2025-10-02 12h52.21.238452 +0530,
50,c,34,2,8,c,1,0.5184097079909407,None,8,2,34,2,,,,,83.426547207986,,83.42094516695943,83.426547207986,84.4192456669989,84.4192456669989,84.4192456669989,84.4192456669989,84.4192456669989,85.41908820800018,85.41908820800018,85.94611141696805,c,1,0.5184097079909407,None,,,,,p5,001,2025-10-02_12h51.59.578,untitled,,2025.1.1,120.05954954275607,2025-10-02 12h52.21.238452 +0530,
-150,z,35,3,8,z,1,0.25145245803287253,None,8,3,35,3,,,,,85.9557083749678,,85.94685841695173,85.9557083749678,86.94356949999928,86.94356949999928,86.94356949999928,86.94356949999928,86.95238733297447,87.94302695797523,87.94302695797523,88.20433058298659,z,1,0.25145245803287253,None,,,,,p5,001,2025-10-02_12h51.59.578,untitled,,2025.1.1,120.05954954275607,2025-10-02 12h52.21.238452 +0530,
-50,x,36,0,9,x,1,0.30886333296075463,None,9,0,36,0,,,,,88.21438637498068,,88.20491812500404,88.21438637498068,89.20354145800229,89.20354145800229,89.20354145800229,89.20354145800229,89.21063691697782,90.20258937496692,90.20258937496692,90.52055720798671,x,1,0.30886333296075463,None,,,,,p5,001,2025-10-02_12h51.59.578,untitled,,2025.1.1,120.05954954275607,2025-10-02 12h52.21.238452 +0530,
150,v,37,1,9,v,1,0.2607662079972215,None,9,1,37,1,,,,,90.53034779196605,,90.52110208297381,90.53034779196605,91.51982237497577,91.51982237497577,91.51982237497577,91.51982237497577,91.53680466697551,92.51281012495747,92.51281012495747,92.77744833298493,v,1,0.2607662079972215,None,,,,,p5,001,2025-10-02_12h51.59.578,untitled,,2025.1.1,120.05954954275607,2025-10-02 12h52.21.238452 +0530,
50,c,38,2,9,c,1,0.3134622079669498,None,9,2,38,2,,,,,92.78618299996015,,92.77790708298562,92.78618299996015,93.76931520795915,93.76931520795915,93.76931520795915,93.76931520795915,93.77620841696626,94.77012499998091,94.77012499998091,95.0870678749634,c,1,0.3134622079669498,None,,,,,p5,001,2025-10-02_12h51.59.578,untitled,,2025.1.1,120.05954954275607,2025-10-02 12h52.21.238452 +0530,
-150,z,39,3,9,z,1,0.3018155420431867,None,9,3,39,3,,,,,95.09561095800018,,95.08751491695875,95.09561095800018,96.07769654196454,96.07769654196454,96.07769654196454,96.07769654196454,96.12026883295039,97.07881362497574,97.07881362497574,97.38726824999321,z,1,0.3018155420431867,None,,,,,p5,001,2025-10-02_12h51.59.578,untitled,,2025.1.1,120.05954954275607,2025-10-02 12h52.21.238452 +0530,
-50,x,40,0,10,x,1,0.35521308303577825,None,10,0,40,0,,,,,97.39709754195064,,97.38780787499854,97.39709754195064,98.38701149995904,98.38701149995904,98.38701149995904,98.38701149995904,98.39420470799087,99.3866558749578,99.3866558749578,99.75479199999245,x,1,0.35521308303577825,None,,,,,p5,001,2025-10-02_12h51.59.578,untitled,,2025.1.1,120.05954954275607,2025-10-02 12h52.21.238452 +0530,
150,v,41,1,10,v,1,0.30009274900658056,None,10,1,41,1,,,,,99.76960916694952,,99.75549166696146,99.76960916694952,100.75324083300075,100.75324083300075,100.75324083300075,100.75324083300075,100.7603786669788,101.75346787495073,101.75346787495073,102.0714965419611,v,1,0.30009274900658056,None,,,,,p5,001,2025-10-02_12h51.59.578,untitled,,2025.1.1,120.05954954275607,2025-10-02 12h52.21.238452 +0530,
50,c,42,2,10,c,1,0.3031584999989718,None,10,2,42,2,,,,,102.08644541696412,,102.07215787499445,102.08644541696412,103.06978379195789,103.06978379195789,103.06978379195789,103.06978379195789,103.07681137498002,104.07935229199938,104.07935229199938,104.38749295799062,c,1,0.3031584999989718,None,,,,,p5,001,2025-10-02_12h51.59.578,untitled,,2025.1.1,120.05954954275607,2025-10-02 12h52.21.238452 +0530,
-150,z,43,3,10,z,1,0.31491437496151775,None,10,3,43,3,,,,,104.39711191697279,,104.38804841699312,104.39711191697279,105.3865109999897,105.3865109999897,105.3865109999897,105.3865109999897,105.39396695798496,106.38665820797905,106.38665820797905,106.70449416700285,z,1,0.31491437496151775,None,,,,,p5,001,2025-10-02_12h51.59.578,untitled,,2025.1.1,120.05954954275607,2025-10-02 12h52.21.238452 +0530,
-50,x,44,0,11,x,1,0.4728353749960661,None,11,0,44,0,,,,,106.7197974579758,,106.70494216697989,106.7197974579758,107.70290704199579,107.70290704199579,107.70290704199579,107.70290704199579,107.71036229195306,108.70371791697107,108.70371791697107,109.178901999956,x,1,0.4728353749960661,None,,,,,p5,001,2025-10-02_12h51.59.578,untitled,,2025.1.1,120.05954954275607,2025-10-02 12h52.21.238452 +0530,
150,v,45,1,11,v,1,0.87629329203628,None,11,1,45,1,,,,,109.18932704196777,,109.17946337495232,109.18932704196777,110.17699787497986,110.17699787497986,110.17699787497986,110.17699787497986,110.18643045797944,111.1872677920037,111.1872677920037,112.07109862496145,v,1,0.87629329203628,None,,,,,p5,001,2025-10-02_12h51.59.578,untitled,,2025.1.1,120.05954954275607,2025-10-02 12h52.21.238452 +0530,
50,c,46,2,11,c,1,0.761061624973081,None,11,2,46,2,,,,,112.07995829195715,,112.07159633300034,112.07995829195715,113.0707630419638,113.0707630419638,113.0707630419638,113.0707630419638,113.07877854199614,114.06974274996901,114.06974274996901,114.83891862496966,c,1,0.761061624973081,None,,,,,p5,001,2025-10-02_12h51.59.578,untitled,,2025.1.1,120.05954954275607,2025-10-02 12h52.21.238452 +0530,
-150,z,47,3,11,z,1,0.5358974169939756,None,11,3,47,3,,,,,114.85079658299219,,114.83958320796955,114.85079658299219,115.83699154196074,115.83699154196074,115.83699154196074,115.83699154196074,115.84406424994813,116.84573112498038,116.84573112498038,117.38780174998101,z,1,0.5358974169939756,None,,,,,p5,001,2025-10-02_12h51.59.578,untitled,,2025.1.1,120.05954954275607,2025-10-02 12h52.21.238452 +0530,
-50,x,48,0,12,x,1,1.2560489579918794,None,12,0,48,0,,,,,117.39765591698233,,117.38834991696058,117.39765591698233,118.3869371250039,118.3869371250039,118.3869371250039,118.3869371250039,118.3936659579631,119.38650820800103,119.38650820800103,120.64510508294916,x,1,1.2560489579918794,None,,,,,p5,001,2025-10-02_12h51.59.578,untitled,,2025.1.1,120.05954954275607,2025-10-02 12h52.21.238452 +0530,
150,v,49,1,12,v,1,0.3539912080159411,None,12,1,49,1,,,,,120.67077495798003,,120.64566620800178,120.67077495798003,121.64435524999863,121.64435524999863,121.64435524999863,121.64435524999863,121.66077508300077,122.65391658298904,122.65391658298904,123.0220314579783,v,1,0.3539912080159411,None,,,,,p5,001,2025-10-02_12h51.59.578,untitled,,2025.1.1,120.05954954275607,2025-10-02 12h52.21.238452 +0530,
50,c,50,2,12,c,1,0.36929137498373166,None,12,2,50,2,,,,,123.03697570797522,,123.02282691700384,123.03697570797522,124.02012533298694,124.02012533298694,124.02012533298694,124.02012533298694,124.02719529200112,125.02134066697909,125.02134066697909,125.39681700000074,c,1,0.36929137498373166,None,,,,,p5,001,2025-10-02_12h51.59.578,untitled,,2025.1.1,120.05954954275607,2025-10-02 12h52.21.238452 +0530,
-150,z,51,3,12,z,1,0.31212791602592915,None,12,3,51,3,,,,,125.40663666697219,,125.39738041698001,125.40663666697219,126.39394454198191,126.39394454198191,126.39394454198191,126.39394454198191,126.40336499997647,127.39464316697558,127.39464316697558,127.71252004196867,z,1,0.31212791602592915,None,,,,,p5,001,2025-10-02_12h51.59.578,untitled,,2025.1.1,120.05954954275607,2025-10-02 12h52.21.238452 +0530,
-50,x,52,0,13,x,1,0.6420696660061367,None,13,0,52,0,,,,,127.72319108300144,,127.71298070799094,127.72319108300144,128.71214724995662,128.71214724995662,128.71214724995662,128.71214724995662,128.73740183300106,129.73753695795313,129.73753695795313,130.38817162497435,x,1,0.6420696660061367,None,,,,,p5,001,2025-10-02_12h51.59.578,untitled,,2025.1.1,120.05954954275607,2025-10-02 12h52.21.238452 +0530,
150,v,53,1,13,v,1,0.2238296659779735,None,13,1,53,1,,,,,130.39797329198336,,130.3887219579774,130.39797329198336,131.38686041696928,131.38686041696928,131.38686041696928,131.38686041696928,131.39358529198216,132.38688904198352,132.38688904198352,132.6215339579503,v,1,0.2238296659779735,None,,,,,p5,001,2025-10-02_12h51.59.578,untitled,,2025.1.1,120.05954954275607,2025-10-02 12h52.21.238452 +0530,
50,c,54,2,13,c,1,0.14587308303453028,None,13,2,54,2,,,,,132.63112137495773,,132.62206516700098,132.63112137495773,133.62038258300163,133.62038258300163,133.62038258300163,133.62038258300163,133.62723158299923,134.62016445799964,134.62016445799964,134.77255749999313,c,1,0.14587308303453028,None,,,,,p5,001,2025-10-02_12h51.59.578,untitled,,2025.1.1,120.05954954275607,2025-10-02 12h52.21.238452 +0530,
-150,z,55,3,13,z,1,0.34835066698724404,None,13,3,55,3,,,,,134.78686254197964,,134.77319654199528,134.78686254197964,135.7705259170034,135.7705259170034,135.7705259170034,135.7705259170034,135.77760454197414,136.77026516699698,136.77026516699698,137.1215179169667,z,1,0.34835066698724404,None,,,,,p5,001,2025-10-02_12h51.59.578,untitled,,2025.1.1,120.05954954275607,2025-10-02 12h52.21.238452 +0530,
-50,x,56,0,14,x,1,0.7439642079989426,None,14,0,56,0,,,,,137.13057008298347,,137.12205016700318,137.13057008298347,138.12139562499942,138.12139562499942,138.12139562499942,138.12139562499942,138.1281188330031,139.11174137500348,139.11174137500348,139.861696457956,x,1,0.7439642079989426,None,,,,,p5,001,2025-10-02_12h51.59.578,untitled,,2025.1.1,120.05954954275607,2025-10-02 12h52.21.238452 +0530,
150,v,57,1,14,v,1,0.345134417002555,None,14,1,57,1,,,,,139.87077833298827,,139.86215183296008,139.87077833298827,140.85476054198807,140.85476054198807,140.85476054198807,140.85476054198807,140.86198008299107,141.853735416953,141.853735416953,142.20633337495383,v,1,0.345134417002555,None,,,,,p5,001,2025-10-02_12h51.59.578,untitled,,2025.1.1,120.05954954275607,2025-10-02 12h52.21.238452 +0530,
50,c,58,2,14,c,1,0.26367774995742366,None,14,2,58,2,,,,,142.2176479169866,,142.2070065829903,142.2176479169866,143.2127721249708,143.2127721249708,143.2127721249708,143.2127721249708,143.2127721249708,144.20410479197744,144.20410479197744,144.47175687499112,c,1,0.26367774995742366,None,,,,,p5,001,2025-10-02_12h51.59.578,untitled,,2025.1.1,120.05954954275607,2025-10-02 12h52.21.238452 +0530,
-150,z,59,3,14,z,1,0.15595179196679965,None,14,3,59,3,,,,,144.48121079197153,,144.47230337496148,144.48121079197153,145.47125158295967,145.47125158295967,145.47125158295967,145.47125158295967,145.4882902079844,146.47069216700038,146.47069216700038,146.62983962497674,z,1,0.15595179196679965,None,,,,,p5,001,2025-10-02_12h51.59.578,untitled,,2025.1.1,120.05954954275607,2025-10-02 12h52.21.238452 +0530,
-50,x,60,0,15,x,1,0.3278433330124244,None,15,0,60,0,,,,,146.640440749994,,146.63038933300413,146.640440749994,147.6280979999574,147.6280979999574,147.6280979999574,147.6280979999574,147.63718099996913,148.62793183297617,148.62793183297617,148.96311308298027,x,1,0.3278433330124244,None,,,,,p5,001,2025-10-02_12h51.59.578,untitled,,2025.1.1,120.05954954275607,2025-10-02 12h52.21.238452 +0530,
150,v,61,1,15,v,1,0.40586862503550947,None,15,1,61,1,,,,,148.97323529195273,,148.9636744169984,148.97323529195273,149.96256404195447,149.96256404195447,149.96256404195447,149.96256404195447,149.9881380419829,150.96082566695986,150.96082566695986,151.37191541696666,v,1,0.40586862503550947,None,,,,,p5,001,2025-10-02_12h51.59.578,untitled,,2025.1.1,120.05954954275607,2025-10-02 12h52.21.238452 +0530,
50,c,62,2,15,c,1,0.5950641669915058,None,15,2,62,2,,,,,151.38165304198628,,151.37248708296102,151.38165304198628,152.36210766696604,152.36210766696604,152.36210766696604,152.36210766696604,152.40504449995933,153.37066108296858,153.37066108296858,153.9721744999988,c,1,0.5950641669915058,None,,,,,p5,001,2025-10-02_12h51.59.578,untitled,,2025.1.1,120.05954954275607,2025-10-02 12h52.21.238452 +0530,
-150,z,63,3,15,z,1,0.2542610410018824,None,15,3,63,3,,,,,153.98142674996052,,153.97279499995057,153.98142674996052,154.97178500000155,154.97178500000155,154.97178500000155,154.97178500000155,154.98859824996907,155.9884633749607,155.9884633749607,156.24696274998132,z,1,0.2542610410018824,None,,,,,p5,001,2025-10-02_12h51.59.578,untitled,,2025.1.1,120.05954954275607,2025-10-02 12h52.21.238452 +0530,
-50,x,64,0,16,x,1,0.4427223329548724,None,16,0,64,0,,,,,156.256947457965,,156.24754249997204,156.256947457965,157.24532270798227,157.24532270798227,157.24532270798227,157.24532270798227,157.25404574995628,158.25517974997638,158.25517974997638,158.70634670800064,x,1,0.4427223329548724,None,,,,,p5,001,2025-10-02_12h51.59.578,untitled,,2025.1.1,120.05954954275607,2025-10-02 12h52.21.238452 +0530,
150,v,65,1,16,v,1,0.34996729099657387,None,16,1,65,1,,,,,158.72103966696886,,158.70709616696695,158.72103966696886,159.7052974999533,159.7052974999533,159.7052974999533,159.7052974999533,159.71280074998504,160.72168929199688,160.72168929199688,161.079745874973,v,1,0.34996729099657387,None,,,,,p5,001,2025-10-02_12h51.59.578,untitled,,2025.1.1,120.05954954275607,2025-10-02 12h52.21.238452 +0530,
50,c,66,2,16,c,1,0.38911337399622425,None,16,2,66,2,,,,,161.10439504199894,,161.08018641697709,161.10439504199894,162.0789658749709,162.0789658749709,162.0789658749709,162.0789658749709,162.12185370799853,163.0785741249565,163.0785741249565,163.47245620796457,c,1,0.38911337399622425,None,,,,,p5,001,2025-10-02_12h51.59.578,untitled,,2025.1.1,120.05954954275607,2025-10-02 12h52.21.238452 +0530,
-150,z,67,3,16,z,1,0.3858800000161864,None,16,3,67,3,,,,,163.48157437494956,,163.47301362495637,163.48157437494956,164.4712530419929,164.4712530419929,164.4712530419929,164.4712530419929,164.47909474995686,165.4718475419795,165.4718475419795,165.87367649999214,z,1,0.3858800000161864,None,,,,,p5,001,2025-10-02_12h51.59.578,untitled,,2025.1.1,120.05954954275607,2025-10-02 12h52.21.238452 +0530,
-50,x,68,0,17,x,1,0.49431154096964747,None,17,0,68,0,,,,,165.88526612496935,,165.87438008299796,165.88526612496935,166.88872204197105,166.88872204197105,166.88872204197105,166.88872204197105,166.88872204197105,167.8885146669927,167.8885146669927,168.38903324998682,x,1,0.49431154096964747,None,,,,,p5,001,2025-10-02_12h51.59.578,untitled,,2025.1.1,120.05954954275607,2025-10-02 12h52.21.238452 +0530,
150,v,69,1,17,v,1,0.28228149900678545,None,17,1,69,1,,,,,168.3987209579791,,168.38961349998135,168.3987209579791,169.37946220795857,169.37946220795857,169.37946220795857,169.37946220795857,169.42205704195658,170.38850029197056,170.38850029197056,170.6726005829987,v,1,0.28228149900678545,None,,,,,p5,001,2025-10-02_12h51.59.578,untitled,,2025.1.1,120.05954954275607,2025-10-02 12h52.21.238452 +0530,
50,c,70,2,17,c,1,0.2767577500198968,None,17,2,70,2,,,,,170.67848174995743,,170.6731427499908,170.67848174995743,171.67200158297783,171.67200158297783,171.67200158297783,171.67200158297783,171.67905458295718,172.6630308329477,172.6630308329477,172.95691112498753,c,1,0.2767577500198968,None,,,,,p5,001,2025-10-02_12h51.59.578,untitled,,2025.1.1,120.05954954275607,2025-10-02 12h52.21.238452 +0530,
-150,z,71,3,17,z,1,0.3382241660146974,None,17,3,71,3,,,,,172.97111116698943,,172.95762849994935,172.97111116698943,173.97230029199272,173.97230029199272,173.97230029199272,173.97230029199272,173.97230029199272,174.9545866669505,174.9545866669505,175.2965114999679,z,1,0.3382241660146974,None,,,,,p5,001,2025-10-02_12h51.59.578,untitled,,2025.1.1,120.05954954275607,2025-10-02 12h52.21.238452 +0530,
-50,x,72,0,18,x,1,0.3823172500124201,None,18,0,72,0,,,,,175.32203687500441,,175.29706237500068,175.32203687500441,176.29630920797354,176.29630920797354,176.29630920797354,176.29630920797354,176.3390161669813,177.3054577919538,177.3054577919538,177.6893140829634,x,1,0.3823172500124201,None,,,,,p5,001,2025-10-02_12h51.59.578,untitled,,2025.1.1,120.05954954275607,2025-10-02 12h52.21.238452 +0530,
150,v,73,1,18,v,1,0.34315483301179484,None,18,1,73,1,,,,,177.69541966699762,,177.6898352499702,177.69541966699762,178.68826895795064,178.68826895795064,178.68826895795064,178.68826895795064,178.68826895795064,179.68872099998407,179.68872099998407,180.0387839579489,v,1,0.34315483301179484,None,,,,,p5,001,2025-10-02_12h51.59.578,untitled,,2025.1.1,120.05954954275607,2025-10-02 12h52.21.238452 +0530,
50,c,74,2,18,c,1,0.2676769579993561,None,18,2,74,2,,,,,180.04808029194828,,180.03924004198052,180.04808029194828,181.0296480829711,181.0296480829711,181.0296480829711,181.0296480829711,181.07229287497466,182.0301404579659,182.0301404579659,182.30603991699172,c,1,0.2676769579993561,None,,,,,p5,001,2025-10-02_12h51.59.578,untitled,,2025.1.1,120.05954954275607,2025-10-02 12h52.21.238452 +0530,
-150,z,75,3,18,z,1,0.4036872080178,None,18,3,75,3,,,,,182.31471591698937,,182.3064635419869,182.31471591698937,183.30423412495293,183.30423412495293,183.30423412495293,183.30423412495293,183.3117652499932,184.30417954199947,184.30417954199947,184.71342929196544,z,1,0.4036872080178,None,,,,,p5,001,2025-10-02_12h51.59.578,untitled,,2025.1.1,120.05954954275607,2025-10-02 12h52.21.238452 +0530,
-50,x,76,0,19,x,1,0.3505836660042405,None,19,0,76,0,,,,,184.73836704198038,,184.71395174995996,184.73836704198038,185.71252604195615,185.71252604195615,185.71252604195615,185.71252604195615,185.729210416961,186.71229733299697,186.71229733299697,187.07265966699924,x,1,0.3505836660042405,None,,,,,p5,001,2025-10-02_12h51.59.578,untitled,,2025.1.1,120.05954954275607,2025-10-02 12h52.21.238452 +0530,
150,v,77,1,19,v,1,0.29193216597195715,None,19,1,77,1,,,,,187.08249433297897,,187.07319983298657,187.08249433297897,188.07240149995778,188.07240149995778,188.07240149995778,188.07240149995778,188.07940212497488,189.06467908294871,189.06467908294871,189.36452245799592,v,1,0.29193216597195715,None,,,,,p5,001,2025-10-02_12h51.59.578,untitled,,2025.1.1,120.05954954275607,2025-10-02 12h52.21.238452 +0530,
50,c,78,2,19,c,1,0.4047126660007052,None,19,2,78,2,,,,,189.37480004195822,,189.36514991696458,189.37480004195822,190.3622543749516,190.3622543749516,190.3622543749516,190.3622543749516,190.3716037919512,191.36322670796653,191.36322670796653,191.7730312079657,c,1,0.4047126660007052,None,,,,,p5,001,2025-10-02_12h51.59.578,untitled,,2025.1.1,120.05954954275607,2025-10-02 12h52.21.238452 +0530,
-150,z,79,3,19,z,1,0.3163803750067018,None,19,3,79,3,,,,,191.78293120797025,,191.77357258298434,191.78293120797025,192.77229191700462,192.77229191700462,192.77229191700462,192.77229191700462,192.7790576669504,193.77251229196554,193.77251229196554,194.0978811669629,z,1,0.3163803750067018,None,,,,,p5,001,2025-10-02_12h51.59.578,untitled,,2025.1.1,120.05954954275607,2025-10-02 12h52.21.238452 +0530,
-50,x,80,0,20,x,1,0.35144462500466034,None,20,0,80,0,,,,,194.1082322919974,,194.09854124998674,194.1082322919974,195.09558862500126,195.09558862500126,195.09558862500126,195.09558862500126,195.10502141696634,196.09642516699387,196.09642516699387,196.45769179199124,x,1,0.35144462500466034,None,,,,,p5,001,2025-10-02_12h51.59.578,untitled,,2025.1.1,120.05954954275607,2025-10-02 12h52.21.238452 +0530,
150,v,81,1,20,v,1,0.3797237920225598,None,20,1,81,1,,,,,196.4680331669515,,196.45836462499574,196.4680331669515,197.45508270798018,197.45508270798018,197.45508270798018,197.45508270798018,197.46173183299834,198.45510683296015,198.45510683296015,198.83987041696673,v,1,0.3797237920225598,None,,,,,p5,001,2025-10-02_12h51.59.578,untitled,,2025.1.1,120.05954954275607,2025-10-02 12h52.21.238452 +0530,
50,c,82,2,20,c,1,0.3484505829983391,None,20,2,82,2,,,,,198.84940299997106,,198.84041537495796,198.84940299997106,199.8385622499627,199.8385622499627,199.8385622499627,199.8385622499627,199.84684920799918,200.83943891699892,200.83943891699892,201.1913327499642,c,1,0.3484505829983391,None,,,,,p5,001,2025-10-02_12h51.59.578,untitled,,2025.1.1,120.05954954275607,2025-10-02 12h52.21.238452 +0530,
-150,z,83,3,20,z,1,0.2588263329816982,None,20,3,83,3,,,,,201.20575708296383,,201.1920911669731,201.20575708296383,202.18937570799608,202.18937570799608,202.18937570799608,202.18937570799608,202.19642195798224,203.19788220798364,203.19788220798364,203.46462337498087,z,1,0.2588263329816982,None,,,,,p5,001,2025-10-02_12h51.59.578,untitled,,2025.1.1,120.05954954275607,2025-10-02 12h52.21.238452 +0530,
-50,x,84,0,21,x,1,0.7050398330320604,None,21,0,84,0,,,,,203.4749341669958,,203.4651745419833,203.4749341669958,204.4628045419813,204.4628045419813,204.4628045419813,204.4628045419813,204.4719328749925,205.46292604197515,205.46292604197515,206.17324754199944,x,1,0.7050398330320604,None,,,,,p5,001,2025-10-02_12h51.59.578,untitled,,2025.1.1,120.05954954275607,2025-10-02 12h52.21.238452 +0530,
150,v,85,1,21,v,1,0.8040118750068359,None,21,1,85,1,,,,,206.1828261250048,,206.1737922919565,206.1828261250048,207.17203591699945,207.17203591699945,207.17203591699945,207.17203591699945,207.17889854195528,208.1719097919995,208.1719097919995,208.97996999998577,v,1,0.8040118750068359,None,,,,,p5,001,2025-10-02_12h51.59.578,untitled,,2025.1.1,120.05954954275607,2025-10-02 12h52.21.238452 +0530,
50,c,86,2,21,c,1,0.34861225000349805,None,21,2,86,2,,,,,209.00562029198045,,208.98056779196486,209.00562029198045,209.97220237494912,209.97220237494912,209.97220237494912,209.97220237494912,209.99567145796027,210.9722845419892,210.9722845419892,211.32334612496197,c,1,0.34861225000349805,None,,,,,p5,001,2025-10-02_12h51.59.578,untitled,,2025.1.1,120.05954954275607,2025-10-02 12h52.21.238452 +0530,
-150,z,87,3,21,z,1,0.3378950829501264,None,21,3,87,3,,,,,211.32986999995774,,211.32388033298776,211.32986999995774,212.32249362498987,212.32249362498987,212.32249362498987,212.32249362498987,212.32249362498987,213.32205562497256,213.32205562497256,213.6637237079558,z,1,0.3378950829501264,None,,,,,p5,001,2025-10-02_12h51.59.578,untitled,,2025.1.1,120.05954954275607,2025-10-02 12h52.21.238452 +0530,
-50,x,88,0,22,x,1,1.067894375009928,None,22,0,88,0,,,,,213.67543583299266,,213.66432424995583,213.67543583299266,214.6557153329486,214.6557153329486,214.6557153329486,214.6557153329486,214.67207545798738,215.65600191697013,215.65600191697013,216.7307347499882,x,1,1.067894375009928,None,,,,,p5,001,2025-10-02_12h51.59.578,untitled,,2025.1.1,120.05954954275607,2025-10-02 12h52.21.238452 +0530,
150,v,89,1,22,v,1,0.332503582991194,None,22,1,89,1,,,,,216.74197070795344,,216.73132624995196,216.74197070795344,217.72286345798057,217.72286345798057,217.72286345798057,217.72286345798057,217.73884508298943,218.73938533297041,218.73938533297041,219.0734752919525,v,1,0.332503582991194,None,,,,,p5,001,2025-10-02_12h51.59.578,untitled,,2025.1.1,120.05954954275607,2025-10-02 12h52.21.238452 +0530,
50,c,90,2,22,c,1,0.2566245829802938,None,22,2,90,2,,,,,219.07923241698882,,219.0739948329865,219.07923241698882,220.0725086669554,220.0725086669554,220.0725086669554,220.0725086669554,220.0725086669554,221.07225729199126,221.07225729199126,221.33259895798983,c,1,0.2566245829802938,None,,,,,p5,001,2025-10-02_12h51.59.578,untitled,,2025.1.1,120.05954954275607,2025-10-02 12h52.21.238452 +0530,
-150,z,91,3,22,z,1,0.3904306239564903,None,22,3,91,3,,,,,221.34234737500083,,221.3332869169535,221.34234737500083,222.33024904195918,222.33024904195918,222.33024904195918,222.33024904195918,222.338998082967,223.35649745794944,223.35649745794944,223.7487138749566,z,1,0.3904306239564903,None,,,,,p5,001,2025-10-02_12h51.59.578,untitled,,2025.1.1,120.05954954275607,2025-10-02 12h52.21.238452 +0530,
-50,x,92,0,23,x,1,0.30166795797413215,None,23,0,92,0,,,,,223.7585015829536,,223.74924366699997,223.7585015829536,224.74711612495594,224.74711612495594,224.74711612495594,224.74711612495594,224.75558158295462,225.773294041981,225.773294041981,226.08049449999817,x,1,0.30166795797413215,None,,,,,p5,001,2025-10-02_12h51.59.578,untitled,,2025.1.1,120.05954954275607,2025-10-02 12h52.21.238452 +0530,
150,v,93,1,23,v,1,0.2995756239979528,None,23,1,93,1,,,,,226.10646791697945,,226.08105845795944,226.10646791697945,227.08042533299886,227.08042533299886,227.08042533299886,227.08042533299886,227.09635104198242,228.07239445799496,228.07239445799496,228.37377087498317,v,1,0.2995756239979528,None,,,,,p5,001,2025-10-02_12h51.59.578,untitled,,2025.1.1,120.05954954275607,2025-10-02 12h52.21.238452 +0530,
50,c,94,2,23,c,1,0.28539379098219797,None,23,2,94,2,,,,,228.37979341699975,,228.3743037499953,228.37979341699975,229.3726236249786,229.3726236249786,229.3726236249786,229.3726236249786,229.3726236249786,230.37259841698688,230.37259841698688,230.66400141699705,c,1,0.28539379098219797,None,,,,,p5,001,2025-10-02_12h51.59.578,untitled,,2025.1.1,120.05954954275607,2025-10-02 12h52.21.238452 +0530,
-150,z,95,3,23,z,1,0.14989695802796632,None,23,3,95,3,,,,,230.68935445795069,,230.6645372499479,230.68935445795069,231.6637055419851,231.6637055419851,231.6637055419851,231.6637055419851,231.70674100000178,232.66511108295526,232.66511108295526,232.82391437498154,z,1,0.14989695802796632,None,,,,,p5,001,2025-10-02_12h51.59.578,untitled,,2025.1.1,120.05954954275607,2025-10-02 12h52.21.238452 +0530,
-50,x,96,0,24,x,1,0.3210885419975966,None,24,0,96,0,,,,,232.8329753750004,,232.82445216696942,232.8329753750004,233.81397949997336,233.81397949997336,233.81397949997336,233.81397949997336,233.83020974998362,234.82286945800297,234.82286945800297,235.1474205419654,x,1,0.3210885419975966,None,,,,,p5,001,2025-10-02_12h51.59.578,untitled,,2025.1.1,120.05954954275607,2025-10-02 12h52.21.238452 +0530,
150,v,97,1,24,v,1,0.33279429195681587,None,24,1,97,1,,,,,235.17354137497023,,235.14797520800494,235.17354137497023,236.1478588329628,236.1478588329628,236.1478588329628,236.1478588329628,236.19029141694773,237.13926545798313,237.13926545798313,237.473954666988,v,1,0.33279429195681587,None,,,,,p5,001,2025-10-02_12h51.59.578,untitled,,2025.1.1,120.05954954275607,2025-10-02 12h52.21.238452 +0530,
50,c,98,2,24,c,1,0.31869949999963865,None,24,2,98,2,,,,,237.48026883299462,,237.4744964169804,237.48026883299462,238.4652094169869,238.4652094169869,238.4652094169869,238.4652094169869,238.4747709169751,239.47320749994833,239.47320749994833,239.80867749999743,c,1,0.31869949999963865,None,,,,,p5,001,2025-10-02_12h51.59.578,untitled,,2025.1.1,120.05954954275607,2025-10-02 12h52.21.238452 +0530,
-150,z,99,3,24,z,1,0.31290537398308516,None,24,3,99,3,,,,,239.82016237499192,,239.8093581669964,239.82016237499192,240.8065434579621,240.8065434579621,240.8065434579621,240.8065434579621,240.8143595829606,241.8060359999654,241.8060359999654,242.12405229196884,z,1,0.31290537398308516,None,,,,,p5,001,2025-10-02_12h51.59.578,untitled,,2025.1.1,120.05954954275607,2025-10-02 12h52.21.238452 +0530,
-50,x,100,0,25,x,1,0.3148253329563886,None,25,0,100,0,,,,,242.13337899994804,,242.12458345800405,242.13337899994804,243.12259508296847,243.12259508296847,243.12259508296847,243.12259508296847,243.13034766697092,244.12312104197918,244.12312104197918,244.45830320799723,x,1,0.3148253329563886,None,,,,,p5,001,2025-10-02_12h51.59.578,untitled,,2025.1.1,120.05954954275607,2025-10-02 12h52.21.238452 +0530,
150,v,101,1,25,v,1,0.293235999008175,None,25,1,101,1,,,,,244.4731132919551,,244.45894420798868,244.4731132919551,245.45640712499153,245.45640712499153,245.45640712499153,245.45640712499153,245.46347558300477,246.45613799995044,246.45613799995044,246.7584770419635,v,1,0.293235999008175,None,,,,,p5,001,2025-10-02_12h51.59.578,untitled,,2025.1.1,120.05954954275607,2025-10-02 12h52.21.238452 +0530,
50,c,102,2,25,c,1,0.27541433298029006,None,25,2,102,2,,,,,246.77319504198385,,246.75909879198298,246.77319504198385,247.7564625419909,247.7564625419909,247.7564625419909,247.7564625419909,247.7635306249722,248.75658583297627,248.75658583297627,249.04218524997123,c,1,0.27541433298029006,None,,,,,p5,001,2025-10-02_12h51.59.578,untitled,,2025.1.1,120.05954954275607,2025-10-02 12h52.21.238452 +0530,
-150,z,103,3,25,z,1,0.28072945796884596,None,25,3,103,3,,,,,249.05301091697766,,249.04284849995747,249.05301091697766,250.04002783296164,250.04002783296164,250.04002783296164,250.04002783296164,250.04749045800418,251.04014808300417,251.04014808300417,251.32429341698298,z,1,0.28072945796884596,None,,,,,p5,001,2025-10-02_12h51.59.578,untitled,,2025.1.1,120.05954954275607,2025-10-02 12h52.21.238452 +0530,
-50,x,104,0,26,x,1,0.2650051249656826,None,26,0,104,0,,,,,251.33433225000044,,251.32483370800037,251.33433225000044,252.32364550000057,252.32364550000057,252.32364550000057,252.32364550000057,252.33105370798148,253.32300341699738,253.32300341699738,253.5902870830032,x,1,0.2650051249656826,None,,,,,p5,001,2025-10-02_12h51.59.578,untitled,,2025.1.1,120.05954954275607,2025-10-02 12h52.21.238452 +0530,
150,v,105,1,26,v,1,0.3744534580036998,None,26,1,105,1,,,,,253.5975870830007,,253.59071470797062,253.5975870830007,254.58046791696688,254.58046791696688,254.58046791696688,254.58046791696688,254.58970433298964,255.5805129169603,255.5805129169603,255.95769104198553,v,1,0.3744534580036998,None,,,,,p5,001,2025-10-02_12h51.59.578,untitled,,2025.1.1,120.05954954275607,2025-10-02 12h52.21.238452 +0530,
50,c,106,2,26,c,1,0.34183716599363834,None,26,2,106,2,,,,,255.9668837079662,,255.95818704197882,255.9668837079662,256.957217499963,256.957217499963,256.957217499963,256.957217499963,256.96378074999666,257.97402274998603,257.97402274998603,258.3244847499882,c,1,0.34183716599363834,None,,,,,p5,001,2025-10-02_12h51.59.578,untitled,,2025.1.1,120.05954954275607,2025-10-02 12h52.21.238452 +0530,
-150,z,107,3,26,z,1,0.804056583030615,None,26,3,107,3,,,,,258.3338248329819,,258.32502133300295,258.3338248329819,259.3232601250056,259.3232601250056,259.3232601250056,259.3232601250056,259.32997283298755,260.3231255830033,260.3231255830033,261.1315340829897,z,1,0.804056583030615,None,,,,,p5,001,2025-10-02_12h51.59.578,untitled,,2025.1.1,120.05954954275607,2025-10-02 12h52.21.238452 +0530,
-50,x,108,0,27,x,1,0.3605960829881951,None,27,0,108,0,,,,,261.14259441697504,,261.13213862496195,261.14259441697504,262.1236242079758,262.1236242079758,262.1236242079758,262.1236242079758,262.13989454199327,263.12335224996787,263.12335224996787,263.49118349998025,x,1,0.3605960829881951,None,,,,,p5,001,2025-10-02_12h51.59.578,untitled,,2025.1.1,120.05954954275607,2025-10-02 12h52.21.238452 +0530,
150,v,109,1,27,v,1,0.34505229198839515,None,27,1,109,1,,,,,263.50099404196953,,263.49176804197486,263.50099404196953,264.49038708297303,264.49038708297303,264.49038708297303,264.49038708297303,264.4973939579795,265.4898977080011,265.4898977080011,265.8414370829705,v,1,0.34505229198839515,None,,,,,p5,001,2025-10-02_12h51.59.578,untitled,,2025.1.1,120.05954954275607,2025-10-02 12h52.21.238452 +0530,
50,c,110,2,27,c,1,0.08049741596914828,None,27,2,110,2,,,,,265.8515453329892,,265.8420246669557,265.8515453329892,266.8402938329964,266.8402938329964,266.8402938329964,266.8402938329964,266.84876741695916,267.8574828749988,267.8574828749988,267.94277783297,c,1,0.08049741596914828,None,,,,,p5,001,2025-10-02_12h51.59.578,untitled,,2025.1.1,120.05954954275607,2025-10-02 12h52.21.238452 +0530,
-150,z,111,3,27,z,1,0.3221203329740092,None,27,3,111,3,,,,,267.9536906669964,,267.9434855830041,267.9536906669964,268.9404403749504,268.9404403749504,268.9404403749504,268.9404403749504,268.9478890419705,269.9490683329641,269.9490683329641,270.2764875830035,z,1,0.3221203329740092,None,,,,,p5,001,2025-10-02_12h51.59.578,untitled,,2025.1.1,120.05954954275607,2025-10-02 12h52.21.238452 +0530,
-50,x,112,0,28,x,1,0.4459088330040686,None,28,0,112,0,,,,,270.2903544579749,,270.2772131249658,270.2903544579749,271.2744236669969,271.2744236669969,271.2744236669969,271.2744236669969,271.2821101669688,272.28311041695997,272.28311041695997,272.7317058329936,x,1,0.4459088330040686,None,,,,,p5,001,2025-10-02_12h51.59.578,untitled,,2025.1.1,120.05954954275607,2025-10-02 12h52.21.238452 +0530,
150,v,113,1,28,v,1,0.28866691602161154,None,28,1,113,1,,,,,272.7571046669618,,272.73227333294926,272.7571046669618,273.7245803329861,273.7245803329861,273.7245803329861,273.7245803329861,273.77429908298654,274.72341195796616,274.72341195796616,275.02613341697725,v,1,0.28866691602161154,None,,,,,p5,001,2025-10-02_12h51.59.578,untitled,,2025.1.1,120.05954954275607,2025-10-02 12h52.21.238452 +0530,
50,c,114,2,28,c,1,0.411187666002661,None,28,2,114,2,,,,,275.0377064579516,,275.0268001249642,275.0377064579516,276.0235673330026,276.0235673330026,276.0235673330026,276.0235673330026,276.0302148750052,277.04180416697636,277.04180416697636,277.4604129999643,c,1,0.411187666002661,None,,,,,p5,001,2025-10-02_12h51.59.578,untitled,,2025.1.1,120.05954954275607,2025-10-02 12h52.21.238452 +0530,
-150,z,115,3,28,z,1,0.3899030419997871,None,28,3,115,3,,,,,277.4737249999889,,277.46087954199174,277.4737249999889,278.45698054198874,278.45698054198874,278.45698054198874,278.45698054198874,278.4638651669957,279.47411441698205,279.47411441698205,279.8665804169723,z,1,0.3899030419997871,None,,,,,p5,001,2025-10-02_12h51.59.578,untitled,,2025.1.1,120.05954954275607,2025-10-02 12h52.21.238452 +0530,
-50,x,116,0,29,x,1,0.3343812910025008,None,29,0,116,0,,,,,279.87668770796154,,279.86711295798887,279.87668770796154,280.86475179198897,280.86475179198897,280.86475179198897,280.86475179198897,280.87363179196836,281.8667151669506,281.8667151669506,282.2082092499477,x,1,0.3343812910025008,None,,,,,p5,001,2025-10-02_12h51.59.578,untitled,,2025.1.1,120.05954954275607,2025-10-02 12h52.21.238452 +0530,
150,v,117,1,29,v,1,0.37117583298822865,None,29,1,117,1,,,,,282.2177752919961,,282.2086308329599,282.2177752919961,283.20706979196984,283.20706979196984,283.20706979196984,283.20706979196984,283.21371416695183,284.2070259169559,284.2070259169559,284.5821092919796,v,1,0.37117583298822865,None,,,,,p5,001,2025-10-02_12h51.59.578,untitled,,2025.1.1,120.05954954275607,2025-10-02 12h52.21.238452 +0530,
50,c,118,2,29,c,1,0.4924877490266226,None,29,2,118,2,,,,,284.60730637499364,,284.5825904170051,284.60730637499364,285.5816292919917,285.5816292919917,285.5816292919917,285.5816292919917,285.5975085419486,286.5815164579544,286.5815164579544,287.09265554195736,c,1,0.4924877490266226,None,,,,,p5,001,2025-10-02_12h51.59.578,untitled,,2025.1.1,120.05954954275607,2025-10-02 12h52.21.238452 +0530,
-150,z,119,3,29,z,1,0.7283414580160752,None,29,3,119,3,,,,,287.1072699169745,,287.09347487497143,287.1072699169745,288.0910451669479,288.0910451669479,288.0910451669479,288.0910451669479,288.0980034999666,289.1080038329819,289.1080038329819,289.84341541695176,z,1,0.7283414580160752,None,,,,,p5,001,2025-10-02_12h51.59.578,untitled,,2025.1.1,120.05954954275607,2025-10-02 12h52.21.238452 +0530,
-50,x,120,0,30,x,1,1.5367459579720162,None,30,0,120,0,,,,,289.85609066695906,,289.8442362920032,289.85609066695906,290.8407592079602,290.8407592079602,290.8407592079602,290.8407592079602,290.84822279197397,291.85825445799856,291.85825445799856,293.40020954195643,x,1,1.5367459579720162,None,,,,,p5,001,2025-10-02_12h51.59.578,untitled,,2025.1.1,120.05954954275607,2025-10-02 12h52.21.238452 +0530,
150,v,121,1,30,v,1,0.3451221249997616,None,30,1,121,1,,,,,293.4102259170031,,293.40078949998133,293.4102259170031,294.39865187497344,294.39865187497344,294.39865187497344,294.39865187497344,294.40722045797156,295.408118708001,295.408118708001,295.7601429579663,v,1,0.3451221249997616,None,,,,,p5,001,2025-10-02_12h51.59.578,untitled,,2025.1.1,120.05954954275607,2025-10-02 12h52.21.238452 +0530,
50,c,122,2,30,c,1,1.020920750044752,None,30,2,122,2,,,,,295.77427704195725,,295.7608824579511,295.77427704195725,296.775209082989,296.775209082989,296.775209082989,296.775209082989,296.775209082989,297.775193541951,297.775193541951,298.7992920829565,c,1,1.020920750044752,None,,,,,p5,001,2025-10-02_12h51.59.578,untitled,,2025.1.1,120.05954954275607,2025-10-02 12h52.21.238452 +0530,
-150,z,123,3,30,z,1,0.6464143330231309,None,30,3,123,3,,,,,298.8249907079735,,298.79996954195667,298.8249907079735,299.8086391669931,299.8086391669931,299.8086391669931,299.8086391669931,299.824827082979,300.80859658296686,300.80859658296686,301.4612369169481,z,1,0.6464143330231309,None,,,,,p5,001,2025-10-02_12h51.59.578,untitled,,2025.1.1,120.05954954275607,2025-10-02 12h52.21.238452 +0530,
-50,x,124,0,31,x,1,0.984502291015815,None,31,0,124,0,,,,,301.474628957978,,301.4617182499496,301.474628957978,302.4750384169747,302.4750384169747,302.4750384169747,302.4750384169747,302.4750384169747,303.4754042919958,303.4754042919958,304.46631791698746,x,1,0.984502291015815,None,,,,,p5,001,2025-10-02_12h51.59.578,untitled,,2025.1.1,120.05954954275607,2025-10-02 12h52.21.238452 +0530,
150,v,125,1,31,v,1,0.3072039990220219,None,31,1,125,1,,,,,304.4919018749497,,304.46685141697526,304.4919018749497,305.4751844169805,305.4751844169805,305.4751844169805,305.4751844169805,305.4824545419542,306.4748684169608,306.4748684169608,306.79226174997166,v,1,0.3072039990220219,None,,,,,p5,001,2025-10-02_12h51.59.578,untitled,,2025.1.1,120.05954954275607,2025-10-02 12h52.21.238452 +0530,
50,c,126,2,31,c,1,0.4039572079782374,None,31,2,126,2,,,,,306.8013654999668,,306.79278404195793,306.8013654999668,307.79142054199474,307.79142054199474,307.79142054199474,307.79142054199474,307.7989945419831,308.80821629200364,308.80821629200364,309.2159214169951,c,1,0.4039572079782374,None,,,,,p5,001,2025-10-02_12h51.59.578,untitled,,2025.1.1,120.05954954275607,2025-10-02 12h52.21.238452 +0530,
-150,z,127,3,31,z,1,0.384376332978718,None,31,3,127,3,,,,,309.2413217079593,,309.2165477919625,309.2413217079593,310.21569416695274,310.21569416695274,310.21569416695274,310.21569416695274,310.23235766700236,311.2077170419507,311.2077170419507,311.59999458299717,z,1,0.384376332978718,None,,,,,p5,001,2025-10-02_12h51.59.578,untitled,,2025.1.1,120.05954954275607,2025-10-02 12h52.21.238452 +0530,
-50,x,128,0,32,x,1,0.3892764580086805,None,32,0,128,0,,,,,311.6099218329764,,311.6005604999955,311.6099218329764,312.60909145796904,312.60909145796904,312.60909145796904,312.60909145796904,312.6255574999959,313.60893545800354,313.60893545800354,314.00959037500434,x,1,0.3892764580086805,None,,,,,p5,001,2025-10-02_12h51.59.578,untitled,,2025.1.1,120.05954954275607,2025-10-02 12h52.21.238452 +0530,
150,v,129,1,32,v,1,0.3471680000075139,None,32,1,129,1,,,,,314.0247536669485,,314.01027849997627,314.0247536669485,315.0078451669542,315.0078451669542,315.0078451669542,315.0078451669542,315.01542824995704,316.0081278329599,316.0081278329599,316.36029558297014,v,1,0.3471680000075139,None,,,,,p5,001,2025-10-02_12h51.59.578,untitled,,2025.1.1,120.05954954275607,2025-10-02 12h52.21.238452 +0530,
50,c,130,2,32,c,1,0.6775508330320008,None,32,2,130,2,,,,,316.3744602499646,,316.3609914999688,316.3744602499646,317.3588056669687,317.3588056669687,317.3588056669687,317.3588056669687,317.3660242079641,318.3744831249933,318.3744831249933,319.0769980829791,c,1,0.6775508330320008,None,,,,,p5,001,2025-10-02_12h51.59.578,untitled,,2025.1.1,120.05954954275607,2025-10-02 12h52.21.238452 +0530,
-150,z,131,3,32,z,1,0.34452358301496133,None,32,3,131,3,,,,,319.09137512499,,319.07782308297465,319.09137512499,320.09248358296463,320.09248358296463,320.09248358296463,320.09248358296463,320.09248358296463,321.07459366699914,321.07459366699914,321.42627641698346,z,1,0.34452358301496133,None,,,,,p5,001,2025-10-02_12h51.59.578,untitled,,2025.1.1,120.05954954275607,2025-10-02 12h52.21.238452 +0530,
-50,x,132,0,33,x,1,0.04600420797942206,None,33,0,132,0,,,,,321.43591508298414,,321.42680504196323,321.43591508298414,322.44227295799647,322.44227295799647,322.44227295799647,322.44227295799647,322.44227295799647,323.41712674999144,323.41712674999144,323.46503587497864,x,1,0.04600420797942206,None,,,,,p5,001,2025-10-02_12h51.59.578,untitled,,2025.1.1,120.05954954275607,2025-10-02 12h52.21.238452 +0530,
150,v,133,1,33,v,1,0.22296558297239244,None,33,1,133,1,,,,,323.47436695796205,,323.4654626249685,323.47436695796205,324.4584250829648,324.4584250829648,324.4584250829648,324.4584250829648,324.466333999997,325.47516787500354,325.47516787500354,325.7104049169575,v,1,0.22296558297239244,None,,,,,p5,001,2025-10-02_12h51.59.578,untitled,,2025.1.1,120.05954954275607,2025-10-02 12h52.21.238452 +0530,
50,c,134,2,33,c,1,0.6122118329512887,None,33,2,134,2,,,,,325.7209322080016,,325.71109116700245,325.7209322080016,326.7086901249713,326.7086901249713,326.7086901249713,326.7086901249713,326.7159603329492,327.7249522919883,327.7249522919883,328.3429284580052,c,1,0.6122118329512887,None,,,,,p5,001,2025-10-02_12h51.59.578,untitled,,2025.1.1,120.05954954275607,2025-10-02 12h52.21.238452 +0530,
-150,z,135,3,33,z,1,0.8164553749957122,None,33,3,135,3,,,,,328.3534660830046,,328.34360870800447,328.3534660830046,329.3416108749807,329.3416108749807,329.3416108749807,329.3416108749807,329.349062082998,330.3337055830052,330.3337055830052,331.15999920800095,z,1,0.8164553749957122,None,,,,,p5,001,2025-10-02_12h51.59.578,untitled,,2025.1.1,120.05954954275607,2025-10-02 12h52.21.238452 +0530,
-50,x,136,0,34,x,1,0.4118569170241244,None,34,0,136,0,,,,,331.1695956669864,,331.1606935419841,331.1695956669864,332.1583325419924,332.1583325419924,332.1583325419924,332.1583325419924,332.1656726669753,333.1582530000014,333.1582530000014,333.57636308297515,x,1,0.4118569170241244,None,,,,,p5,001,2025-10-02_12h51.59.578,untitled,,2025.1.1,120.05954954275607,2025-10-02 12h52.21.238452 +0530,
150,v,137,1,34,v,1,0.4302926660166122,None,34,1,137,1,,,,,333.5861446670024,,333.5769299999811,333.5861446670024,334.5754799579736,334.5754799579736,334.5754799579736,334.5754799579736,334.58294429199304,335.57574391696835,335.57574391696835,336.0096899999771,v,1,0.4302926660166122,None,,,,,p5,001,2025-10-02_12h51.59.578,untitled,,2025.1.1,120.05954954275607,2025-10-02 12h52.21.238452 +0530,
50,c,138,2,34,c,1,0.26236066594719887,None,34,2,138,2,,,,,336.01946824998595,,336.01023949997034,336.01946824998595,337.0085655419971,337.0085655419971,337.0085655419971,337.0085655419971,337.01603945798706,338.02569716697326,338.02569716697326,338.29286462499294,c,1,0.26236066594719887,None,,,,,p5,001,2025-10-02_12h51.59.578,untitled,,2025.1.1,120.05954954275607,2025-10-02 12h52.21.238452 +0530,
-150,z,139,3,34,z,1,0.3061071240226738,None,34,3,139,3,,,,,338.30245470796945,,338.2933854169678,338.30245470796945,339.2919019580004,339.2919019580004,339.2919019580004,339.2919019580004,339.29840749996947,340.2912583749858,340.2912583749858,340.6016002079705,z,1,0.3061071240226738,None,,,,,p5,001,2025-10-02_12h51.59.578,untitled,,2025.1.1,120.05954954275607,2025-10-02 12h52.21.238452 +0530,
-50,x,140,0,35,x,1,0.3991866250289604,None,35,0,140,0,,,,,340.61161733296467,,340.6023237920017,340.61161733296467,341.5996541249915,341.5996541249915,341.5996541249915,341.5996541249915,341.60859670798527,342.6000168749597,342.6000168749597,343.02732062496943,x,1,0.3991866250289604,None,,,,,p5,001,2025-10-02_12h51.59.578,untitled,,2025.1.1,120.05954954275607,2025-10-02 12h52.21.238452 +0530,
150,v,141,1,35,v,1,0.4427323329728097,None,35,1,141,1,,,,,343.04170962498756,,343.0281125420006,343.04170962498756,344.02541079197545,344.02541079197545,344.02541079197545,344.02541079197545,344.03252366697416,345.02542874997016,345.02542874997016,345.4765405419748,v,1,0.4427323329728097,None,,,,,p5,001,2025-10-02_12h51.59.578,untitled,,2025.1.1,120.05954954275607,2025-10-02 12h52.21.238452 +0530,
50,c,142,2,35,c,1,0.32537341699935496,None,35,2,142,2,,,,,345.4862289999728,,345.477114874986,345.4862289999728,346.47605020797346,346.47605020797346,346.47605020797346,346.47605020797346,346.4831484579481,347.4677587499609,347.4677587499609,347.8009660419775,c,1,0.32537341699935496,None,,,,,p5,001,2025-10-02_12h51.59.578,untitled,,2025.1.1,120.05954954275607,2025-10-02 12h52.21.238452 +0530,
-150,z,143,3,35,z,1,0.40264524903614074,None,35,3,143,3,,,,,347.81134824996116,,347.8016638329718,347.81134824996116,348.8095302080037,348.8095302080037,348.8095302080037,348.8095302080037,348.81703545799246,349.8005646249512,349.8005646249512,350.2121888749534,z,1,0.40264524903614074,None,,,,,p5,001,2025-10-02_12h51.59.578,untitled,,2025.1.1,120.05954954275607,2025-10-02 12h52.21.238452 +0530,
-50,x,144,0,36,x,1,0.3089864159701392,None,36,0,144,0,,,,,350.2255145829986,,350.21262279199436,350.2255145829986,351.20880433300044,351.20880433300044,351.20880433300044,351.20880433300044,351.2159947499749,352.2262340419693,352.2262340419693,352.5434272919665,x,1,0.3089864159701392,None,,,,,p5,001,2025-10-02_12h51.59.578,untitled,,2025.1.1,120.05954954275607,2025-10-02 12h52.21.238452 +0530,
150,v,145,1,36,v,1,0.2925812909961678,None,36,1,145,1,,,,,352.5536343329586,,352.5441281249514,352.5536343329586,353.5422442499548,353.5422442499548,353.5422442499548,353.5422442499548,353.5491712919902,354.54261099995347,354.54261099995347,354.84341224998934,v,1,0.2925812909961678,None,,,,,p5,001,2025-10-02_12h51.59.578,untitled,,2025.1.1,120.05954954275607,2025-10-02 12h52.21.238452 +0530,
50,c,146,2,36,c,1,0.29952629102626815,None,36,2,146,2,,,,,354.85313370794756,,354.84397479199106,354.85313370794756,355.8341822079965,355.8341822079965,355.8341822079965,355.8341822079965,355.87660570797743,356.8427482919651,356.8427482919651,357.1501807079767,c,1,0.29952629102626815,None,,,,,p5,001,2025-10-02_12h51.59.578,untitled,,2025.1.1,120.05954954275607,2025-10-02 12h52.21.238452 +0530,
-150,z,147,3,36,z,1,0.26287816604599357,None,36,3,147,3,,,,,357.175633042003,,357.1507314579794,357.175633042003,358.1427264579688,358.1427264579688,358.1427264579688,358.1427264579688,358.16649554198375,359.1593272079481,359.1593272079481,359.4267638750025,z,1,0.26287816604599357,None,,,,,p5,001,2025-10-02_12h51.59.578,untitled,,2025.1.1,120.05954954275607,2025-10-02 12h52.21.238452 +0530,
-50,x,148,0,37,x,1,0.7848843749961816,None,37,0,148,0,,,,,359.4364492499735,,359.42727574997116,359.4364492499735,360.42565324995667,360.42565324995667,360.42565324995667,360.42565324995667,360.4331366669503,361.42542029195465,361.42542029195465,362.21972641698085,x,1,0.7848843749961816,None,,,,,p5,001,2025-10-02_12h51.59.578,untitled,,2025.1.1,120.05954954275607,2025-10-02 12h52.21.238452 +0530,
150,v,149,1,37,v,1,0.315021832997445,None,37,1,149,1,,,,,362.2294428749592,,362.22055120795267,362.2294428749592,363.2181884169695,363.2181884169695,363.2181884169695,363.2181884169695,363.2275959579856,364.2161857499741,364.2161857499741,364.53357012500055,v,1,0.315021832997445,None,,,,,p5,001,2025-10-02_12h51.59.578,untitled,,2025.1.1,120.05954954275607,2025-10-02 12h52.21.238452 +0530,
50,c,150,2,37,c,1,0.4592697910265997,None,37,2,150,2,,,,,364.541708041972,,364.53410866699414,364.541708041972,365.54295291699236,365.54295291699236,365.54295291699236,365.54295291699236,365.55986795795616,366.54286583297653,366.54286583297653,367.028324416955,c,1,0.4592697910265997,None,,,,,p5,001,2025-10-02_12h51.59.578,untitled,,2025.1.1,120.05954954275607,2025-10-02 12h52.21.238452 +0530,
-150,z,151,3,37,z,1,0.12965466704918072,None,37,3,151,3,,,,,367.04228374996455,,367.0291045829654,367.04228374996455,368.026071457949,368.026071457949,368.026071457949,368.026071457949,368.0325287079904,369.03468087496003,369.03468087496003,369.17821583297336,z,1,0.12965466704918072,None,,,,,p5,001,2025-10-02_12h51.59.578,untitled,,2025.1.1,120.05954954275607,2025-10-02 12h52.21.238452 +0530,
-50,x,152,0,38,x,1,0.6490544580155984,None,38,0,152,0,,,,,369.1887267080019,,369.1789352920023,369.1887267080019,370.1935598749551,370.1935598749551,370.1935598749551,370.1935598749551,370.1935598749551,371.17615162499715,371.17615162499715,371.8270492919837,x,1,0.6490544580155984,None,,,,,p5,001,2025-10-02_12h51.59.578,untitled,,2025.1.1,120.05954954275607,2025-10-02 12h52.21.238452 +0530,
150,v,153,1,38,v,1,0.6640605420107022,None,38,1,153,1,,,,,371.8331188329612,,371.82759745797375,371.8331188329612,372.82595529197715,372.82595529197715,372.82595529197715,372.82595529197715,372.82595529197715,373.8210344580002,373.8210344580002,374.4938846669975,v,1,0.6640605420107022,None,,,,,p5,001,2025-10-02_12h51.59.578,untitled,,2025.1.1,120.05954954275607,2025-10-02 12h52.21.238452 +0530,
50,c,154,2,38,c,1,0.34461495804134756,None,38,2,154,2,,,,,374.50308987498283,,374.4944192079711,374.50308987498283,375.4850129169645,375.4850129169645,375.4850129169645,375.4850129169645,375.5101332079503,376.50972470798297,376.50972470798297,376.8619370419765,c,1,0.34461495804134756,None,,,,,p5,001,2025-10-02_12h51.59.578,untitled,,2025.1.1,120.05954954275607,2025-10-02 12h52.21.238452 +0530,
-150,z,155,3,38,z,1,0.6372262080549262,None,38,3,155,3,,,,,376.8760166669963,,376.86259862495353,376.8760166669963,377.85975016700104,377.85975016700104,377.85975016700104,377.85975016700104,377.86675524996826,378.8592574579525,378.8592574579525,379.51124170795083,z,1,0.6372262080549262,None,,,,,p5,001,2025-10-02_12h51.59.578,untitled,,2025.1.1,120.05954954275607,2025-10-02 12h52.21.238452 +0530,
-50,x,156,0,39,x,1,1.3709148329799064,None,39,0,156,0,,,,,379.526028332999,,379.51192899997113,379.526028332999,380.5096594169736,380.5096594169736,380.5096594169736,380.5096594169736,380.516588791972,381.5093468329869,381.5093468329869,382.8846139999805,x,1,1.3709148329799064,None,,,,,p5,001,2025-10-02_12h51.59.578,untitled,,2025.1.1,120.05954954275607,2025-10-02 12h52.21.238452 +0530,
150,v,157,1,39,v,1,0.9035148739931174,None,39,1,157,1,,,,,382.8957155829994,,382.88524991698796,382.8957155829994,383.88370045798365,383.88370045798365,383.88370045798365,383.88370045798365,383.8926975829527,384.88361683295807,384.88361683295807,385.79401270794915,v,1,0.9035148739931174,None,,,,,p5,001,2025-10-02_12h51.59.578,untitled,,2025.1.1,120.05954954275607,2025-10-02 12h52.21.238452 +0530,
50,c,158,2,39,c,1,0.29836133297067136,None,39,2,158,2,,,,,385.8034802079783,,385.7944594169967,385.8034802079783,386.7933504169923,386.7933504169923,386.7933504169923,386.7933504169923,386.8000842919573,387.7930139999953,387.7930139999953,388.09494245797396,c,1,0.29836133297067136,None,,,,,p5,001,2025-10-02_12h51.59.578,untitled,,2025.1.1,120.05954954275607,2025-10-02 12h52.21.238452 +0530,
-150,z,159,3,39,z,1,0.345049207971897,None,39,3,159,3,,,,,388.10957274999237,,388.0956066249637,388.10957274999237,389.09294962498825,389.09294962498825,389.09294962498825,389.09294962498825,389.0999649169971,390.093190207961,390.093190207961,390.4444665419869,z,1,0.345049207971897,None,,,,,p5,001,2025-10-02_12h51.59.578,untitled,,2025.1.1,120.05954954275607,2025-10-02 12h52.21.238452 +0530,
-50,x,160,0,40,x,1,0.6474023750051856,None,40,0,160,0,,,,,390.4547929169494,,390.4451900830027,390.4547929169494,391.4429187079659,391.4429187079659,391.4429187079659,391.4429187079659,391.4508059999789,392.4428423329955,392.4428423329955,393.0942193749943,x,1,0.6474023750051856,None,,,,,p5,001,2025-10-02_12h51.59.578,untitled,,2025.1.1,120.05954954275607,2025-10-02 12h52.21.238452 +0530,
150,v,161,1,40,v,1,0.323250540997833,None,40,1,161,1,,,,,393.10401183296926,,393.09474991698517,393.10401183296926,394.0932499169721,394.0932499169721,394.0932499169721,394.0932499169721,394.1000979169621,395.0930167500046,395.0930167500046,395.4195659169927,v,1,0.323250540997833,None,,,,,p5,001,2025-10-02_12h51.59.578,untitled,,2025.1.1,120.05954954275607,2025-10-02 12h52.21.238452 +0530,
50,c,162,2,40,c,1,0.2620412079850212,None,40,2,162,2,,,,,395.429469582974,,395.4201020000037,395.429469582974,396.4183090829756,396.4183090829756,396.4183090829756,396.4183090829756,396.4437284579617,397.42725054197945,397.42725054197945,397.69399699999485,c,1,0.2620412079850212,None,,,,,p5,001,2025-10-02_12h51.59.578,untitled,,2025.1.1,120.05954954275607,2025-10-02 12h52.21.238452 +0530,
-150,z,163,3,40,z,1,0.3018959579640068,None,40,3,163,3,,,,,397.70023320795735,,397.6944383329828,397.70023320795735,398.68448020797223,398.68448020797223,398.68448020797223,398.68448020797223,398.69297829200514,399.68373362498824,399.68373362498824,399.99547566700494,z,1,0.3018959579640068,None,,,,,p5,001,2025-10-02_12h51.59.578,untitled,,2025.1.1,120.05954954275607,2025-10-02 12h52.21.238452 +0530,
-50,x,164,0,41,x,1,2.2019888749928214,None,41,0,164,0,,,,,400.0097024999559,,399.99612195795635,400.0097024999559,400.9935379169765,400.9935379169765,400.9935379169765,400.9935379169765,401.00063424999826,402.0105182919651,402.0105182919651,404.21800549997715,x,1,2.2019888749928214,None,,,,,p5,001,2025-10-02_12h51.59.578,untitled,,2025.1.1,120.05954954275607,2025-10-02 12h52.21.238452 +0530,
150,v,165,1,41,c,0,1.1240063739824109,None,41,1,165,1,,,,,404.2439777079853,,404.2185911669512,404.2439777079853,405.21827874996234,405.21827874996234,405.21827874996234,405.21827874996234,405.2607873749803,406.218500374991,406.218500374991,407.3448859999771,c,0,1.1240063739824109,None,,,,,p5,001,2025-10-02_12h51.59.578,untitled,,2025.1.1,120.05954954275607,2025-10-02 12h52.21.238452 +0530,
50,c,166,2,41,c,1,0.7765828749979846,None,41,2,166,2,,,,,407.3554424169706,,407.3454593749484,407.3554424169706,408.3515581249958,408.3515581249958,408.3515581249958,408.3515581249958,408.3515581249958,409.36074833298335,409.36074833298335,410.1446798329707,c,1,0.7765828749979846,None,,,,,p5,001,2025-10-02_12h51.59.578,untitled,,2025.1.1,120.05954954275607,2025-10-02 12h52.21.238452 +0530,
-150,z,167,3,41,z,1,0.5117884579813108,None,41,3,167,3,,,,,410.1538163749501,,410.1452322079567,410.1538163749501,411.14357033296255,411.14357033296255,411.14357033296255,411.14357033296255,411.15085633296985,412.14355045795674,412.14355045795674,412.66125920799095,z,1,0.5117884579813108,None,,,,,p5,001,2025-10-02_12h51.59.578,untitled,,2025.1.1,120.05954954275607,2025-10-02 12h52.21.238452 +0530,
-50,x,168,0,42,x,1,0.2763320830417797,None,42,0,168,0,,,,,412.67127708299085,,412.66181233298266,412.67127708299085,413.65129983297084,413.65129983297084,413.65129983297084,413.65129983297084,413.6674755419954,414.66010733298026,414.66010733298026,414.9444577919785,x,1,0.2763320830417797,None,,,,,p5,001,2025-10-02_12h51.59.578,untitled,,2025.1.1,120.05954954275607,2025-10-02 12h52.21.238452 +0530,
150,v,169,1,42,v,1,0.30168854200746864,None,42,1,169,1,,,,,414.9532437499729,,414.94487829197897,414.9532437499729,415.9354418749572,415.9354418749572,415.9354418749572,415.9354418749572,415.97775991697563,416.94370195799274,416.94370195799274,417.25156649999553,v,1,0.30168854200746864,None,,,,,p5,001,2025-10-02_12h51.59.578,untitled,,2025.1.1,120.05954954275607,2025-10-02 12h52.21.238452 +0530,
50,c,170,2,42,c,1,0.2648499159840867,None,42,2,170,2,,,,,417.27744904195424,,417.25213199999416,417.27744904195424,418.2613773329649,418.2613773329649,418.2613773329649,418.2613773329649,418.27805420797085,419.24361358297756,419.24361358297756,419.51220279198606,c,1,0.2648499159840867,None,,,,,p5,001,2025-10-02_12h51.59.578,untitled,,2025.1.1,120.05954954275607,2025-10-02 12h52.21.238452 +0530,
-150,z,171,3,42,z,1,0.32008262496674433,None,42,3,171,3,,,,,419.526907707972,,419.5128551669768,419.526907707972,420.5101863750024,420.5101863750024,420.5101863750024,420.5101863750024,420.5167229579529,421.52740937500494,421.52740937500494,421.852005624969,z,1,0.32008262496674433,None,,,,,p5,001,2025-10-02_12h51.59.578,untitled,,2025.1.1,120.05954954275607,2025-10-02 12h52.21.238452 +0530,
-50,x,172,0,43,x,1,0.775002748996485,None,43,0,172,0,,,,,421.8776417079498,,421.8527627500007,421.8776417079498,422.8442493749899,422.8442493749899,422.8442493749899,422.8442493749899,422.8684682919993,423.8443189999671,423.8443189999671,424.6283081249567,x,1,0.775002748996485,None,,,,,p5,001,2025-10-02_12h51.59.578,untitled,,2025.1.1,120.05954954275607,2025-10-02 12h52.21.238452 +0530,
150,v,173,1,43,v,1,0.27620587503770366,None,43,1,173,1,,,,,424.6379418330034,,424.62887424998917,424.6379418330034,425.6273109999602,425.6273109999602,425.6273109999602,425.6273109999602,425.6349056249601,426.62721391697414,426.62721391697414,426.91166258294834,v,1,0.27620587503770366,None,,,,,p5,001,2025-10-02_12h51.59.578,untitled,,2025.1.1,120.05954954275607,2025-10-02 12h52.21.238452 +0530,
50,c,174,2,43,c,1,0.3180929160444066,None,43,2,174,2,,,,,426.92041733296355,,426.9121214170009,426.92041733296355,427.9280188329867,427.9280188329867,427.9280188329867,427.9280188329867,427.9280188329867,428.91017449996434,428.91017449996434,429.2363064579549,c,1,0.3180929160444066,None,,,,,p5,001,2025-10-02_12h51.59.578,untitled,,2025.1.1,120.05954954275607,2025-10-02 12h52.21.238452 +0530,
-150,z,175,3,43,z,1,0.40481404098682106,None,43,3,175,3,,,,,429.2467073749867,,429.2368447500048,429.2467073749867,430.23544583295006,430.23544583295006,430.23544583295006,430.23544583295006,430.26095295796404,431.23473262495827,431.23473262495827,431.6450315419934,z,1,0.40481404098682106,None,,,,,p5,001,2025-10-02_12h51.59.578,untitled,,2025.1.1,120.05954954275607,2025-10-02 12h52.21.238452 +0530,
-50,x,176,0,44,x,1,0.7079881249810569,None,44,0,176,0,,,,,431.6541128749959,,431.64555874996586,431.6541128749959,432.6439569169888,432.6439569169888,432.6439569169888,432.6439569169888,432.6510414169752,433.6435207919567,433.6435207919567,434.3543132499908,x,1,0.7079881249810569,None,,,,,p5,001,2025-10-02_12h51.59.578,untitled,,2025.1.1,120.05954954275607,2025-10-02 12h52.21.238452 +0530,
150,v,177,1,44,v,1,0.3094481249572709,None,44,1,177,1,,,,,434.3642411250039,,434.35487250000006,434.3642411250039,435.3513792500016,435.3513792500016,435.3513792500016,435.3513792500016,435.360494249966,436.3509475829778,436.3509475829778,436.6797680829768,v,1,0.3094481249572709,None,,,,,p5,001,2025-10-02_12h51.59.578,untitled,,2025.1.1,120.05954954275607,2025-10-02 12h52.21.238452 +0530,
50,c,178,2,44,c,1,0.3101047080126591,None,44,2,178,2,,,,,436.693926042004,,436.68055920797633,436.693926042004,437.67752766696503,437.67752766696503,437.67752766696503,437.67752766696503,437.68411312496755,438.67730599996867,438.67730599996867,438.99528316699434,c,1,0.3101047080126591,None,,,,,p5,001,2025-10-02_12h51.59.578,untitled,,2025.1.1,120.05954954275607,2025-10-02 12h52.21.238452 +0530,
-150,z,179,3,44,z,1,0.3521613740012981,None,44,3,179,3,,,,,439.0053565829876,,438.9958103749668,439.0053565829876,439.9940289579681,439.9940289579681,439.9940289579681,439.9940289579681,440.0008754999726,440.9944392499747,440.9944392499747,441.35206974996254,z,1,0.3521613740012981,None,,,,,p5,001,2025-10-02_12h51.59.578,untitled,,2025.1.1,120.05954954275607,2025-10-02 12h52.21.238452 +0530,
-50,x,180,0,45,x,1,0.7122224579798058,None,45,0,180,0,,,,,441.3608084169682,,441.3524986249977,441.3608084169682,442.35191179194953,442.35191179194953,442.35191179194953,442.35191179194953,442.35191179194953,443.3444231249741,443.3444231249741,444.06190691696247,x,1,0.7122224579798058,None,,,,,p5,001,2025-10-02_12h51.59.578,untitled,,2025.1.1,120.05954954275607,2025-10-02 12h52.21.238452 +0530,
150,v,181,1,45,v,1,0.553369915985968,None,45,1,181,1,,,,,444.0717014579568,,444.06245154194767,444.0717014579568,445.06084670795826,445.06084670795826,445.06084670795826,445.06084670795826,445.0680374169606,446.0612484169542,446.0612484169542,446.61853837495437,v,1,0.553369915985968,None,,,,,p5,001,2025-10-02_12h51.59.578,untitled,,2025.1.1,120.05954954275607,2025-10-02 12h52.21.238452 +0530,
50,c,182,2,45,c,1,0.464573041012045,None,45,2,182,2,,,,,446.62780408299295,,446.6190784169594,446.62780408299295,447.61123974999646,447.61123974999646,447.61123974999646,447.61123974999646,447.61873133300105,448.6101731249946,448.6101731249946,449.0798268749495,c,1,0.464573041012045,None,,,,,p5,001,2025-10-02_12h51.59.578,untitled,,2025.1.1,120.05954954275607,2025-10-02 12h52.21.238452 +0530,
-150,z,183,3,45,z,1,0.41327412403188646,None,45,3,183,3,,,,,449.09407470800215,,449.08065887499833,449.09407470800215,450.0777429169975,450.0777429169975,450.0777429169975,450.0777429169975,450.08486195799196,451.0773883749498,451.0773883749498,451.4955601669499,z,1,0.41327412403188646,None,,,,,p5,001,2025-10-02_12h51.59.578,untitled,,2025.1.1,120.05954954275607,2025-10-02 12h52.21.238452 +0530,
-50,x,184,0,46,x,1,0.6828179170261137,None,46,0,184,0,,,,,451.5047855830053,,451.49608433299,451.5047855830053,452.4952550419839,452.4952550419839,452.4952550419839,452.4952550419839,452.50249424995854,453.4945860419539,453.4945860419539,454.17936762497993,x,1,0.6828179170261137,None,,,,,p5,001,2025-10-02_12h51.59.578,untitled,,2025.1.1,120.05954954275607,2025-10-02 12h52.21.238452 +0530,
150,v,185,1,46,v,1,0.3468562079942785,None,46,1,185,1,,,,,454.18909916694975,,454.17994829197414,454.18909916694975,455.17765079200035,455.17765079200035,455.17765079200035,455.17765079200035,455.18448454199824,456.17763049999485,456.17763049999485,456.52921095798956,v,1,0.3468562079942785,None,,,,,p5,001,2025-10-02_12h51.59.578,untitled,,2025.1.1,120.05954954275607,2025-10-02 12h52.21.238452 +0530,
50,c,186,2,46,c,1,0.8905785829992965,None,46,2,186,2,,,,,456.5393203329877,,456.5297725829878,456.5393203329877,457.52869912498863,457.52869912498863,457.52869912498863,457.52869912498863,457.5358096669661,458.54495899996255,458.54495899996255,459.44580162497004,c,1,0.8905785829992965,None,,,,,p5,001,2025-10-02_12h51.59.578,untitled,,2025.1.1,120.05954954275607,2025-10-02 12h52.21.238452 +0530,
-150,z,187,3,46,z,1,0.2967077490175143,None,46,3,187,3,,,,,459.4559074579738,,459.44635695795296,459.4559074579738,460.4445415829541,460.4445415829541,460.4445415829541,460.4445415829541,460.45243124995613,461.4441494169878,461.4441494169878,461.74684524995973,z,1,0.2967077490175143,None,,,,,p5,001,2025-10-02_12h51.59.578,untitled,,2025.1.1,120.05954954275607,2025-10-02 12h52.21.238452 +0530,
-50,x,188,0,47,x,1,0.7755761669832282,None,47,0,188,0,,,,,461.76106670795707,,461.7476708749891,461.76106670795707,462.74451658298494,462.74451658298494,462.74451658298494,462.74451658298494,462.75197433296125,463.7447587499628,463.7447587499628,464.5292484999518,x,1,0.7755761669832282,None,,,,,p5,001,2025-10-02_12h51.59.578,untitled,,2025.1.1,120.05954954275607,2025-10-02 12h52.21.238452 +0530,
150,v,189,1,47,v,1,0.6194292500149459,None,47,1,189,1,,,,,464.53862995799864,,464.5297931249952,464.53862995799864,465.52823579194956,465.52823579194956,465.52823579194956,465.52823579194956,465.5352239579661,466.5282279169769,466.5282279169769,467.1524220829597,v,1,0.6194292500149459,None,,,,,p5,001,2025-10-02_12h51.59.578,untitled,,2025.1.1,120.05954954275607,2025-10-02 12h52.21.238452 +0530,
50,c,190,2,47,c,1,1.0708068329840899,None,47,2,190,2,,,,,467.1615498329629,,467.15286820795154,467.1615498329629,468.1448497499805,468.1448497499805,468.1448497499805,468.1448497499805,468.1517002079636,469.1456065829843,469.1456065829843,470.2194274579524,c,1,1.0708068329840899,None,,,,,p5,001,2025-10-02_12h51.59.578,untitled,,2025.1.1,120.05954954275607,2025-10-02 12h52.21.238452 +0530,
-150,z,191,3,47,z,1,0.2880269580055028,None,47,3,191,3,,,,,470.2453361249645,,470.2199614580022,470.2453361249645,471.2199084169697,471.2199084169697,471.2199084169697,471.2199084169697,471.2622704579844,472.2285287499544,472.2285287499544,472.52044691698393,z,1,0.2880269580055028,None,,,,,p5,001,2025-10-02_12h51.59.578,untitled,,2025.1.1,120.05954954275607,2025-10-02 12h52.21.238452 +0530,
-50,x,192,0,48,x,1,0.12940270797116682,None,48,0,192,0,,,,,472.5307878329768,,472.5211789169698,472.5307878329768,473.51922012498835,473.51922012498835,473.51922012498835,473.51922012498835,473.5274639999843,474.5191352079855,474.5191352079855,474.6638847499853,x,1,0.12940270797116682,None,,,,,p5,001,2025-10-02_12h51.59.578,untitled,,2025.1.1,120.05954954275607,2025-10-02 12h52.21.238452 +0530,
150,v,193,1,48,v,1,1.0645938329980709,None,48,1,193,1,,,,,474.67439295799704,,474.66456249996554,474.67439295799704,475.66138208296616,475.66138208296616,475.66138208296616,475.66138208296616,475.6679866669583,476.6789727919968,476.6789727919968,477.746410791995,v,1,1.0645938329980709,None,,,,,p5,001,2025-10-02_12h51.59.578,untitled,,2025.1.1,120.05954954275607,2025-10-02 12h52.21.238452 +0530,
50,c,194,2,48,c,1,0.26166841702070087,None,48,2,194,2,,,,,477.75728974997764,,477.7470345419715,477.75728974997764,478.7448847499909,478.7448847499909,478.7448847499909,478.7448847499909,478.7519499579794,479.7448497079895,479.7448497079895,480.012677666964,c,1,0.26166841702070087,None,,,,,p5,001,2025-10-02_12h51.59.578,untitled,,2025.1.1,120.05954954275607,2025-10-02 12h52.21.238452 +0530,
-150,z,195,3,48,z,1,0.3711287500336766,None,48,3,195,3,,,,,480.02232849999564,,480.01322045800043,480.02232849999564,481.01177879195893,481.01177879195893,481.01177879195893,481.01177879195893,481.01854291697964,482.0114764579921,482.0114764579921,482.38631237496156,z,1,0.3711287500336766,None,,,,,p5,001,2025-10-02_12h51.59.578,untitled,,2025.1.1,120.05954954275607,2025-10-02 12h52.21.238452 +0530,
-50,x,196,0,49,x,1,0.5973283330095001,None,49,0,196,0,,,,,482.4122891249717,,482.3868514999631,482.4122891249717,483.3882102079806,483.3882102079806,483.3882102079806,483.3882102079806,483.4122334169806,484.37827291700523,484.37827291700523,484.97963229200104,x,1,0.5973283330095001,None,,,,,p5,001,2025-10-02_12h51.59.578,untitled,,2025.1.1,120.05954954275607,2025-10-02 12h52.21.238452 +0530,
150,v,197,1,49,v,1,0.267650333000347,None,49,1,197,1,,,,,484.9892361249658,,484.9801722499542,484.9892361249658,485.9782755000051,485.9782755000051,485.9782755000051,485.9782755000051,485.9860759169678,486.9789340829593,486.9789340829593,487.25309129199013,v,1,0.267650333000347,None,,,,,p5,001,2025-10-02_12h51.59.578,untitled,,2025.1.1,120.05954954275607,2025-10-02 12h52.21.238452 +0530,
50,c,198,2,49,c,1,0.5793285829713568,None,49,2,198,2,,,,,487.278674207977,,487.25364999996964,487.278674207977,488.2457285829587,488.2457285829587,488.2457285829587,488.2457285829587,488.2957779580029,489.2625003749854,489.2625003749854,489.84755820798455,c,1,0.5793285829713568,None,,,,,p5,001,2025-10-02_12h51.59.578,untitled,,2025.1.1,120.05954954275607,2025-10-02 12h52.21.238452 +0530,
-150,z,199,3,49,z,1,0.31657504104077816,None,49,3,199,3,,,,,489.8616727920016,,489.8483189579565,489.8616727920016,490.8452419579844,490.8452419579844,490.8452419579844,490.8452419579844,490.8523758329684,491.8450888329535,491.8450888329535,492.1632537499536,z,1,0.31657504104077816,None,,,,,p5,001,2025-10-02_12h51.59.578,untitled,,2025.1.1,120.05954954275607,2025-10-02 12h52.21.238452 +0530,
50,c,0,0,0,c,1,0.9382123329560272,None,,,,,0,0,0,2,492.1970191669534,,492.18870695796795,492.1970191669534,493.1618339580018,493.1618339580018,493.1618339580018,493.1618339580018,493.19510537496535,494.1543317079777,494.1543317079777,495.0966037079925,,,,,c,1,0.9382123329560272,None,p5,001,2025-10-02_12h51.59.578,untitled,,2025.1.1,120.05954954275607,2025-10-02 12h52.21.238452 +0530,
-150,z,1,1,0,z,1,0.8727137910318561,None,,,,,0,1,1,3,495.1063494999544,,495.09722083294764,495.1063494999544,496.09504225000273,496.09504225000273,496.09504225000273,496.09504225000273,496.1033867079532,497.1127853329526,497.1127853329526,497.99819312494947,,,,,z,1,0.8727137910318561,None,p5,001,2025-10-02_12h51.59.578,untitled,,2025.1.1,120.05954954275607,2025-10-02 12h52.21.238452 +0530,
-150,z,2,2,1,z,1,0.5873644159873948,None,,,,,1,2,2,3,498.0109068749589,,497.9990444169962,498.0109068749589,499.0044068749994,499.0044068749994,499.0044068749994,499.0044068749994,499.0044068749994,500.00508783297846,500.00508783297846,500.59662999998545,,,,,z,1,0.5873644159873948,None,p5,001,2025-10-02_12h51.59.578,untitled,,2025.1.1,120.05954954275607,2025-10-02 12h52.21.238452 +0530,
-50,x,3,3,0,x,1,0.5604396249982528,None,,,,,0,3,3,0,500.6064172919723,,500.5972040419583,500.6064172919723,501.5964972919901,501.5964972919901,501.5964972919901,501.5964972919901,501.60380399995483,502.5960479169735,502.5960479169735,503.1633474580012,,,,,x,1,0.5604396249982528,None,p5,001,2025-10-02_12h51.59.578,untitled,,2025.1.1,120.05954954275607,2025-10-02 12h52.21.238452 +0530,
-50,x,4,4,1,x,1,0.723987958044745,None,,,,,1,4,4,0,503.172599124955,,503.1637994169723,503.172599124955,504.1630211249576,504.1630211249576,504.1630211249576,504.1630211249576,504.1698787919595,505.1795523329638,505.1795523329638,505.91339266696014,,,,,x,1,0.723987958044745,None,p5,001,2025-10-02_12h51.59.578,untitled,,2025.1.1,120.05954954275607,2025-10-02 12h52.21.238452 +0530,
-150,z,5,5,2,z,1,0.535181624989491,None,,,,,2,5,5,3,505.922972707951,,505.9139459169819,505.922972707951,506.91262558300514,506.91262558300514,506.91262558300514,506.91262558300514,506.9194398749969,507.91331462498056,507.91331462498056,508.4541056249873,,,,,z,1,0.535181624989491,None,p5,001,2025-10-02_12h51.59.578,untitled,,2025.1.1,120.05954954275607,2025-10-02 12h52.21.238452 +0530,
150,v,6,6,0,v,1,0.931025458034128,None,,,,,0,6,6,1,508.47950637497706,,508.45466366695473,508.47950637497706,509.4462516249623,509.4462516249623,509.4462516249623,509.4462516249623,509.49631199997384,510.44552570796805,510.44552570796805,511.38016999996034,,,,,v,1,0.931025458034128,None,p5,001,2025-10-02_12h51.59.578,untitled,,2025.1.1,120.05954954275607,2025-10-02 12h52.21.238452 +0530,
150,v,7,7,1,v,1,0.4705000829999335,None,,,,,1,7,7,1,511.39038979198085,,511.3807188749779,511.39038979198085,512.3789243329666,512.3789243329666,512.3789243329666,512.3789243329666,512.3865613749949,513.3790264579584,513.3790264579584,513.8544132919633,,,,,v,1,0.4705000829999335,None,p5,001,2025-10-02_12h51.59.578,untitled,,2025.1.1,120.05954954275607,2025-10-02 12h52.21.238452 +0530,
-150,z,8,8,3,z,1,0.7501197919482365,None,,,,,3,8,8,3,513.8647798329475,,513.854956791969,513.8647798329475,514.853176457982,514.853176457982,514.853176457982,514.853176457982,514.8622169579612,515.853796249954,515.853796249954,516.6142737919581,,,,,z,1,0.7501197919482365,None,p5,001,2025-10-02_12h51.59.578,untitled,,2025.1.1,120.05954954275607,2025-10-02 12h52.21.238452 +0530,
-150,z,9,9,4,z,1,0.3882321669952944,None,,,,,4,9,9,3,516.6293042919715,,516.6150079169893,516.6293042919715,517.6124022500007,517.6124022500007,517.6124022500007,517.6124022500007,517.6194814170012,518.6123773749568,518.6123773749568,519.0039679579786,,,,,z,1,0.3882321669952944,None,p5,001,2025-10-02_12h51.59.578,untitled,,2025.1.1,120.05954954275607,2025-10-02 12h52.21.238452 +0530,
-50,x,10,10,2,x,1,0.6590934169944376,None,,,,,2,10,10,0,519.0298384999624,,519.0045627079671,519.0298384999624,520.0040128749679,520.0040128749679,520.0040128749679,520.0040128749679,520.0467657079571,521.0055023329915,521.0055023329915,521.6706011249917,,,,,x,1,0.6590934169944376,None,p5,001,2025-10-02_12h51.59.578,untitled,,2025.1.1,120.05954954275607,2025-10-02 12h52.21.238452 +0530,
-150,z,11,11,5,z,1,0.4501405830378644,None,,,,,5,11,11,3,521.6959812919958,,521.6711441669613,521.6959812919958,522.6626171669923,522.6626171669923,522.6626171669923,522.6626171669923,522.6862070829957,523.6694719999796,523.6694719999796,524.1305202919757,,,,,z,1,0.4501405830378644,None,p5,001,2025-10-02_12h51.59.578,untitled,,2025.1.1,120.05954954275607,2025-10-02 12h52.21.238452 +0530,
-150,z,12,12,6,z,1,0.36295766598777846,None,,,,,6,12,12,3,524.1404864999931,,524.1310664999764,524.1404864999931,525.1294698329875,525.1294698329875,525.1294698329875,525.1294698329875,525.1365882499958,526.1286068329937,526.1286068329937,526.4972719999496,,,,,z,1,0.36295766598777846,None,p5,001,2025-10-02_12h51.59.578,untitled,,2025.1.1,120.05954954275607,2025-10-02 12h52.21.238452 +0530,
-50,x,13,13,3,x,1,0.6047727499972098,None,,,,,3,13,13,0,526.5073593329871,,526.4978177080047,526.5073593329871,527.4963409169577,527.4963409169577,527.4963409169577,527.4963409169577,527.5042433749768,528.4958738329588,528.4958738329588,529.1051187079865,,,,,x,1,0.6047727499972098,None,p5,001,2025-10-02_12h51.59.578,untitled,,2025.1.1,120.05954954275607,2025-10-02 12h52.21.238452 +0530,
150,v,14,14,2,v,1,0.3740460830158554,None,,,,,2,14,14,1,529.115038207965,,529.1056468749885,529.115038207965,530.1039354999666,530.1039354999666,530.1039354999666,530.1039354999666,530.1126617079717,531.1055232079816,531.1055232079816,531.4877675829921,,,,,v,1,0.3740460830158554,None,p5,001,2025-10-02_12h51.59.578,untitled,,2025.1.1,120.05954954275607,2025-10-02 12h52.21.238452 +0530,
150,v,15,15,3,v,1,0.41343212500214577,None,,,,,3,15,15,1,531.5134462499991,,531.4883151669637,531.5134462499991,532.4970013749553,532.4970013749553,532.4970013749553,532.4970013749553,532.5047267919872,533.4793845419772,533.4793845419772,533.8984857919859,,,,,v,1,0.41343212500214577,None,p5,001,2025-10-02_12h51.59.578,untitled,,2025.1.1,120.05954954275607,2025-10-02 12h52.21.238452 +0530,
50,c,16,16,1,c,1,0.6349058329942636,None,,,,,1,16,16,2,533.9126980829751,,533.8993308329955,533.9126980829751,534.8960502079572,534.8960502079572,534.8960502079572,534.8960502079572,534.902777249983,535.8967891249922,535.8967891249922,536.5376578329597,,,,,c,1,0.6349058329942636,None,p5,001,2025-10-02_12h51.59.578,untitled,,2025.1.1,120.05954954275607,2025-10-02 12h52.21.238452 +0530,
50,c,17,17,2,c,1,0.4338677499908954,None,,,,,2,17,17,2,536.5629734999966,,536.5382299579796,536.5629734999966,537.5368332079961,537.5368332079961,537.5368332079961,537.5368332079961,537.5524269169546,538.5386232080054,538.5386232080054,538.9808263749583,,,,,c,1,0.4338677499908954,None,p5,001,2025-10-02_12h51.59.578,untitled,,2025.1.1,120.05954954275607,2025-10-02 12h52.21.238452 +0530,
50,c,18,18,3,c,1,0.32648899900959805,None,,,,,3,18,18,2,538.9898821249953,,538.9813870419748,538.9898821249953,539.9795856249984,539.9795856249984,539.9795856249984,539.9795856249984,539.9861993329832,540.979944666964,540.979944666964,541.3137987079681,,,,,c,1,0.32648899900959805,None,p5,001,2025-10-02_12h51.59.578,untitled,,2025.1.1,120.05954954275607,2025-10-02 12h52.21.238452 +0530,
-50,x,19,19,4,x,1,0.7813134170137346,None,,,,,4,19,19,0,541.3218947919668,,541.3141019579489,541.3218947919668,542.3032655830029,542.3032655830029,542.3032655830029,542.3032655830029,542.31952679198,543.3043965419638,543.3043965419638,544.0876509999507,,,,,x,1,0.7813134170137346,None,p5,001,2025-10-02_12h51.59.578,untitled,,2025.1.1,120.05954954275607,2025-10-02 12h52.21.238452 +0530,
150,v,20,20,4,v,1,0.7649665410281159,None,,,,,4,20,20,1,544.0957249579951,,544.0882205419475,544.0957249579951,545.0805909579503,545.0805909579503,545.0805909579503,545.0805909579503,545.0878333749715,546.0796210419503,546.0796210419503,546.8476185829495,,,,,v,1,0.7649665410281159,None,p5,001,2025-10-02_12h51.59.578,untitled,,2025.1.1,120.05954954275607,2025-10-02 12h52.21.238452 +0530,
-150,z,21,21,7,z,1,0.7024468749877997,None,,,,,7,21,21,3,546.8574807499535,,546.8481951669673,546.8574807499535,547.8466818329762,547.8466818329762,547.8466818329762,547.8466818329762,547.8532287079724,548.8471939580049,548.8471939580049,549.5543347919593,,,,,z,1,0.7024468749877997,None,p5,001,2025-10-02_12h51.59.578,untitled,,2025.1.1,120.05954954275607,2025-10-02 12h52.21.238452 +0530,
-150,z,22,22,8,z,1,0.47217787499539554,None,,,,,8,22,22,3,549.5798590829945,,549.5548891249928,549.5798590829945,550.5470077079954,550.5470077079954,550.5470077079954,550.5470077079954,550.5701973329997,551.5564318749821,551.5564318749821,552.0310656669899,,,,,z,1,0.47217787499539554,None,p5,001,2025-10-02_12h51.59.578,untitled,,2025.1.1,120.05954954275607,2025-10-02 12h52.21.238452 +0530,
-50,x,23,23,5,z,0,0.5397284160135314,None,,,,,5,23,23,0,552.0375618749531,,552.0316142079537,552.0375618749531,553.0304606249556,553.0304606249556,553.0304606249556,553.0304606249556,553.0304606249556,554.0298910829588,554.0298910829588,554.5718347499496,,,,,z,0,0.5397284160135314,None,p5,001,2025-10-02_12h51.59.578,untitled,,2025.1.1,120.05954954275607,2025-10-02 12h52.21.238452 +0530,
150,v,24,24,5,v,1,0.7077783329878002,None,,,,,5,24,24,1,554.5823557080003,,554.5723937919829,554.5823557080003,555.5709409579867,555.5709409579867,555.5709409579867,555.5709409579867,555.5798452079762,556.5728727919632,556.5728727919632,557.2882170419907,,,,,v,1,0.7077783329878002,None,p5,001,2025-10-02_12h51.59.578,untitled,,2025.1.1,120.05954954275607,2025-10-02 12h52.21.238452 +0530,
-50,x,25,25,6,x,1,0.701847166987136,None,,,,,6,25,25,0,557.3133607079508,,557.2887950419681,557.3133607079508,558.2801098329946,558.2801098329946,558.2801098329946,558.2801098329946,558.3039801669656,559.2877690829919,559.2877690829919,559.9978226669482,,,,,x,1,0.701847166987136,None,p5,001,2025-10-02_12h51.59.578,untitled,,2025.1.1,120.05954954275607,2025-10-02 12h52.21.238452 +0530,
150,v,26,26,6,v,1,0.6078505420009606,None,,,,,6,26,26,1,560.0067823329591,,559.9982899999595,560.0067823329591,560.9965859999647,560.9965859999647,560.9965859999647,560.9965859999647,561.0032243329915,561.9967399580055,561.9967399580055,562.6145311250002,,,,,v,1,0.6078505420009606,None,p5,001,2025-10-02_12h51.59.578,untitled,,2025.1.1,120.05954954275607,2025-10-02 12h52.21.238452 +0530,
-150,z,27,27,9,z,1,0.6864196240203455,None,,,,,9,27,27,3,562.6237213749555,,562.6150799169554,562.6237213749555,563.6134940829943,563.6134940829943,563.6134940829943,563.6134940829943,563.6204504579655,564.6142830419703,564.6142830419703,565.3052725419984,,,,,z,1,0.6864196240203455,None,p5,001,2025-10-02_12h51.59.578,untitled,,2025.1.1,120.05954954275607,2025-10-02 12h52.21.238452 +0530,
150,v,28,28,7,v,1,0.5727436249726452,None,,,,,7,28,28,1,565.3307531669852,,565.3058510829578,565.3307531669852,566.297313249961,566.297313249961,566.297313249961,566.297313249961,566.3211327079916,567.3138581669773,567.3138581669773,567.888851249998,,,,,v,1,0.5727436249726452,None,p5,001,2025-10-02_12h51.59.578,untitled,,2025.1.1,120.05954954275607,2025-10-02 12h52.21.238452 +0530,
50,c,29,29,4,c,1,0.6636779159889556,None,,,,,4,29,29,2,567.914190624957,,567.8893846669816,567.914190624957,568.8874720829772,568.8874720829772,568.8874720829772,568.8874720829772,568.9032127079554,569.888921707985,569.888921707985,570.5549912079587,,,,,c,1,0.6636779159889556,None,p5,001,2025-10-02_12h51.59.578,untitled,,2025.1.1,120.05954954275607,2025-10-02 12h52.21.238452 +0530,
150,v,30,30,8,v,1,0.6828509580227546,None,,,,,8,30,30,1,570.5804272499518,,570.5555254999781,570.5804272499518,571.5554586249636,571.5554586249636,571.5554586249636,571.5554586249636,571.5809813329834,572.5566734579625,572.5566734579625,573.2483229169738,,,,,v,1,0.6828509580227546,None,p5,001,2025-10-02_12h51.59.578,untitled,,2025.1.1,120.05954954275607,2025-10-02 12h52.21.238452 +0530,
-150,z,31,31,10,z,1,0.5822526669944637,None,,,,,10,31,31,3,573.2582418329548,,573.248887624999,573.2582418329548,574.2462748749531,574.2462748749531,574.2462748749531,574.2462748749531,574.25408491696,575.2463837499963,575.2463837499963,575.8315829169587,,,,,z,1,0.5822526669944637,None,p5,001,2025-10-02_12h51.59.578,untitled,,2025.1.1,120.05954954275607,2025-10-02 12h52.21.238452 +0530,
-50,x,32,32,7,x,1,0.7832749580265954,None,,,,,7,32,32,0,575.8412332499865,,575.8321669999859,575.8412332499865,576.8302703749505,576.8302703749505,576.8302703749505,576.8302703749505,576.8378092919593,577.8304594999645,577.8304594999645,578.6222120829625,,,,,x,1,0.7832749580265954,None,p5,001,2025-10-02_12h51.59.578,untitled,,2025.1.1,120.05954954275607,2025-10-02 12h52.21.238452 +0530,
150,v,33,33,9,v,1,0.4193929579923861,None,,,,,9,33,33,1,578.6471881250036,,578.62279020797,578.6471881250036,579.6138132920023,579.6138132920023,579.6138132920023,579.6138132920023,579.6379887919757,580.6312400829629,580.6312400829629,581.0553113329806,,,,,v,1,0.4193929579923861,None,p5,001,2025-10-02_12h51.59.578,untitled,,2025.1.1,120.05954954275607,2025-10-02 12h52.21.238452 +0530,
-150,z,34,34,11,z,1,0.39766699995379895,None,,,,,11,34,34,3,581.0806199999643,,581.0558171669836,581.0806199999643,582.047073166992,582.047073166992,582.047073166992,582.047073166992,582.0712876250036,583.0471861249534,583.0471861249534,583.4490958329989,,,,,z,1,0.39766699995379895,None,p5,001,2025-10-02_12h51.59.578,untitled,,2025.1.1,120.05954954275607,2025-10-02 12h52.21.238452 +0530,
-150,z,35,35,12,z,1,0.38417041598586366,None,,,,,12,35,35,3,583.459568582999,,583.4496972499765,583.459568582999,584.4480768329813,584.4480768329813,584.4480768329813,584.4480768329813,584.4551402079524,585.4643698749715,585.4643698749715,585.8663521669805,,,,,z,1,0.38417041598586366,None,p5,001,2025-10-02_12h51.59.578,untitled,,2025.1.1,120.05954954275607,2025-10-02 12h52.21.238452 +0530,
50,c,36,36,5,c,1,0.9163534989929758,None,,,,,5,36,36,2,585.8776729999809,,585.8670689999708,585.8776729999809,586.8646724169957,586.8646724169957,586.8646724169957,586.8646724169957,586.8711610419559,587.8633684169617,587.8633684169617,588.7818927079788,,,,,c,1,0.9163534989929758,None,p5,001,2025-10-02_12h51.59.578,untitled,,2025.1.1,120.05954954275607,2025-10-02 12h52.21.238452 +0530,
150,v,37,37,10,v,1,0.6718757079797797,None,,,,,10,37,37,1,588.7916399579844,,588.7824406249565,588.7916399579844,589.7810531249852,589.7810531249852,589.7810531249852,589.7810531249852,589.7890204580035,590.7808043749537,590.7808043749537,591.466694541974,,,,,v,1,0.6718757079797797,None,p5,001,2025-10-02_12h51.59.578,untitled,,2025.1.1,120.05954954275607,2025-10-02 12h52.21.238452 +0530,
150,v,38,38,11,v,1,0.5077372079831548,None,,,,,11,38,38,1,591.4781599579728,,591.4674027919536,591.4781599579728,592.4815194169641,592.4815194169641,592.4815194169641,592.4815194169641,592.4815194169641,593.4639978329651,593.4639978329651,593.9820611249888,,,,,v,1,0.5077372079831548,None,p5,001,2025-10-02_12h51.59.578,untitled,,2025.1.1,120.05954954275607,2025-10-02 12h52.21.238452 +0530,
50,c,39,39,6,c,1,0.6718405830324627,None,,,,,6,39,39,2,593.9920382080018,,593.9826328749768,593.9920382080018,594.9807066670037,594.9807066670037,594.9807066670037,594.9807066670037,594.988070374995,595.9807641249499,595.9807641249499,596.6556708749849,,,,,c,1,0.6718405830324627,None,p5,001,2025-10-02_12h51.59.578,untitled,,2025.1.1,120.05954954275607,2025-10-02 12h52.21.238452 +0530,
-50,x,40,40,8,x,1,0.6795564999920316,None,,,,,8,40,40,0,596.6644549579942,,596.6561109169852,596.6644549579942,597.6557914169971,597.6557914169971,597.6557914169971,597.6557914169971,597.6557914169971,598.6551103329984,598.6551103329984,599.3393792079878,,,,,x,1,0.6795564999920316,None,p5,001,2025-10-02_12h51.59.578,untitled,,2025.1.1,120.05954954275607,2025-10-02 12h52.21.238452 +0530,
-150,z,41,41,13,z,1,0.4591860829968937,None,,,,,13,41,41,3,599.3643633750034,,599.3398269999889,599.3643633750034,600.3311410829774,600.3311410829774,600.3311410829774,600.3311410829774,600.3550104579772,601.3393651669612,601.3393651669612,601.8059804170043,,,,,z,1,0.4591860829968937,None,p5,001,2025-10-02_12h51.59.578,untitled,,2025.1.1,120.05954954275607,2025-10-02 12h52.21.238452 +0530,
50,c,42,42,7,c,1,1.104785457951948,None,,,,,7,42,42,2,601.8169070419972,,601.806557666976,601.8169070419972,602.8052287079627,602.8052287079627,602.8052287079627,602.8052287079627,602.8142393329763,603.7978865829646,603.7978865829646,604.9060101249488,,,,,c,1,1.104785457951948,None,p5,001,2025-10-02_12h51.59.578,untitled,,2025.1.1,120.05954954275607,2025-10-02 12h52.21.238452 +0530,
50,c,43,43,8,c,1,0.45808562502497807,None,,,,,8,43,43,2,604.9317169999704,,604.9065589169622,604.9317169999704,605.8984531249735,605.8984531249735,605.8984531249735,605.8984531249735,605.9220379169565,606.8976592919789,606.8976592919789,607.365658707975,,,,,c,1,0.45808562502497807,None,p5,001,2025-10-02_12h51.59.578,untitled,,2025.1.1,120.05954954275607,2025-10-02 12h52.21.238452 +0530,
-50,x,44,44,9,x,1,0.5581828739959747,None,,,,,9,44,44,0,607.3761058329837,,607.3662464999943,607.3761058329837,608.364580583002,608.364580583002,608.364580583002,608.364580583002,608.3715644169715,609.3644628750044,609.3644628750044,609.9323693329934,,,,,x,1,0.5581828739959747,None,p5,001,2025-10-02_12h51.59.578,untitled,,2025.1.1,120.05954954275607,2025-10-02 12h52.21.238452 +0530,
-150,z,45,45,14,z,1,0.3812324999598786,None,,,,,14,45,45,3,609.9416546669672,,609.9329252499738,609.9416546669672,610.9485497919959,610.9485497919959,610.9485497919959,610.9485497919959,610.9485497919959,611.9315449579735,611.9315449579735,612.316735832952,,,,,z,1,0.3812324999598786,None,p5,001,2025-10-02_12h51.59.578,untitled,,2025.1.1,120.05954954275607,2025-10-02 12h52.21.238452 +0530,
-150,z,46,46,15,z,1,0.38529908296186477,None,,,,,15,46,46,3,612.3310339579475,,612.3174253749894,612.3310339579475,613.3149951249943,613.3149951249943,613.3149951249943,613.3149951249943,613.322604416986,614.3144612499746,614.3144612499746,614.7066927079577,,,,,z,1,0.38529908296186477,None,p5,001,2025-10-02_12h51.59.578,untitled,,2025.1.1,120.05954954275607,2025-10-02 12h52.21.238452 +0530,
150,v,47,47,12,v,1,0.563643998990301,None,,,,,12,47,47,1,614.7318634999683,,614.7071487919893,614.7318634999683,615.6972346669645,615.6972346669645,615.6972346669645,615.6972346669645,615.7488059999887,616.6980647079763,616.6980647079763,617.2658305419609,,,,,v,1,0.563643998990301,None,p5,001,2025-10-02_12h51.59.578,untitled,,2025.1.1,120.05954954275607,2025-10-02 12h52.21.238452 +0530,
50,c,48,48,9,c,1,0.5167624999885447,None,,,,,9,48,48,2,617.2753309169784,,617.2663991669542,617.2753309169784,618.2646406669519,618.2646406669519,618.2646406669519,618.2646406669519,618.2711154579883,619.2649282079656,619.2649282079656,619.7899570419686,,,,,c,1,0.5167624999885447,None,p5,001,2025-10-02_12h51.59.578,untitled,,2025.1.1,120.05954954275607,2025-10-02 12h52.21.238452 +0530,
-50,x,49,49,10,x,1,0.6872319999965839,None,,,,,10,49,49,0,619.8011447919998,,619.7905388329527,619.8011447919998,620.7889694579644,620.7889694579644,620.7889694579644,620.7889694579644,620.7977845830028,621.7895196669851,621.7895196669851,622.4827352080029,,,,,x,1,0.6872319999965839,None,p5,001,2025-10-02_12h51.59.578,untitled,,2025.1.1,120.05954954275607,2025-10-02 12h52.21.238452 +0530,
50,c,50,50,10,c,1,0.5473703329917043,None,,,,,10,50,50,2,622.4924247079762,,622.4833111669868,622.4924247079762,623.4822772499756,623.4822772499756,623.4822772499756,623.4822772499756,623.4900612919591,624.4813632919686,624.4813632919686,625.032744957949,,,,,c,1,0.5473703329917043,None,p5,001,2025-10-02_12h51.59.578,untitled,,2025.1.1,120.05954954275607,2025-10-02 12h52.21.238452 +0530,
50,c,51,51,11,c,1,0.7253898329799995,None,,,,,11,51,51,2,625.0415356669691,,625.0332886249525,625.0415356669691,626.0314322079648,626.0314322079648,626.0314322079648,626.0314322079648,626.0383277919609,627.0313423329499,627.0313423329499,627.7660642080009,,,,,c,1,0.7253898329799995,None,p5,001,2025-10-02_12h51.59.578,untitled,,2025.1.1,120.05954954275607,2025-10-02 12h52.21.238452 +0530,
-50,x,52,52,11,x,1,0.4968644990003668,None,,,,,11,52,52,0,627.7759377500042,,627.7666283749859,627.7759377500042,628.764798707969,628.764798707969,628.764798707969,628.764798707969,628.7723711250001,629.7647971249535,629.7647971249535,630.2835257919505,,,,,x,1,0.4968644990003668,None,p5,001,2025-10-02_12h51.59.578,untitled,,2025.1.1,120.05954954275607,2025-10-02 12h52.21.238452 +0530,
-50,x,53,53,12,x,1,0.3977374999667518,None,,,,,12,53,53,0,630.2980901669944,,630.2842519999831,630.2980901669944,631.2821994579863,631.2821994579863,631.2821994579863,631.2821994579863,631.2893890419509,632.2819095829618,632.2819095829618,632.6828042079578,,,,,x,1,0.3977374999667518,None,p5,001,2025-10-02_12h51.59.578,untitled,,2025.1.1,120.05954954275607,2025-10-02 12h52.21.238452 +0530,
150,v,54,54,13,v,1,0.685574125032872,None,,,,,13,54,54,1,632.6921367920004,,632.683373082953,632.6921367920004,633.6820172919543,633.6820172919543,633.6820172919543,633.6820172919543,633.6890258329804,634.6822003329871,634.6822003329871,635.3742781669716,,,,,v,1,0.685574125032872,None,p5,001,2025-10-02_12h51.59.578,untitled,,2025.1.1,120.05954954275607,2025-10-02 12h52.21.238452 +0530,
150,v,55,55,14,v,1,0.5254280000226572,None,,,,,14,55,55,1,635.3844914169749,,635.3748342919862,635.3844914169749,636.3733313749544,636.3733313749544,636.3733313749544,636.3733313749544,636.3989131249837,637.3723307499895,637.3723307499895,637.9001212079893,,,,,v,1,0.5254280000226572,None,p5,001,2025-10-02_12h51.59.578,untitled,,2025.1.1,120.05954954275607,2025-10-02 12h52.21.238452 +0530,
150,v,56,56,15,v,1,0.5714511660044082,None,,,,,15,56,56,1,637.9103616249631,,637.9009736249573,637.9103616249631,638.9073087080033,638.9073087080033,638.9073087080033,638.9073087080033,638.9073087080033,639.8983558329637,639.8983558329637,640.4729735829751,,,,,v,1,0.5714511660044082,None,p5,001,2025-10-02_12h51.59.578,untitled,,2025.1.1,120.05954954275607,2025-10-02 12h52.21.238452 +0530,
-50,x,57,57,13,x,1,0.6394767919555306,None,,,,,13,57,57,0,640.4820685829618,,640.4734097920009,640.4820685829618,641.4650694169686,641.4650694169686,641.4650694169686,641.4650694169686,641.4716950419825,642.4652123329579,642.4652123329579,643.1076210829779,,,,,x,1,0.6394767919555306,None,p5,001,2025-10-02_12h51.59.578,untitled,,2025.1.1,120.05954954275607,2025-10-02 12h52.21.238452 +0530,
50,c,58,58,12,c,1,0.7995994579978287,None,,,,,12,58,58,2,643.1175578329712,,643.108199957991,643.1175578329712,644.1066188329714,644.1066188329714,644.1066188329714,644.1066188329714,644.1152089169482,645.1081020829733,645.1081020829733,645.9176499999594,,,,,c,1,0.7995994579978287,None,p5,001,2025-10-02_12h51.59.578,untitled,,2025.1.1,120.05954954275607,2025-10-02 12h52.21.238452 +0530,
150,v,59,59,16,v,1,0.6093916239915416,None,,,,,16,59,59,1,645.9292642920045,,645.9183456669562,645.9292642920045,646.9155242499546,646.9155242499546,646.9155242499546,646.9155242499546,646.9228476669523,647.9243709580041,647.9243709580041,648.5400689579546,,,,,v,1,0.6093916239915416,None,p5,001,2025-10-02_12h51.59.578,untitled,,2025.1.1,120.05954954275607,2025-10-02 12h52.21.238452 +0530,
-50,x,60,60,14,x,1,0.7095529169891961,None,,,,,14,60,60,0,648.5654243329773,,648.5406587079633,648.5654243329773,649.5410287079867,649.5410287079867,649.5410287079867,649.5410287079867,649.5657597499667,650.5311422919622,650.5311422919622,651.2502092079958,,,,,x,1,0.7095529169891961,None,p5,001,2025-10-02_12h51.59.578,untitled,,2025.1.1,120.05954954275607,2025-10-02 12h52.21.238452 +0530,
150,v,61,61,17,v,1,0.7541526660206728,None,,,,,17,61,61,1,651.2605615420034,,651.2508404999971,651.2605615420034,652.249178249971,652.249178249971,652.249178249971,652.249178249971,652.2566618329729,653.2485590829747,653.2485590829747,654.0074241669499,,,,,v,1,0.7541526660206728,None,p5,001,2025-10-02_12h51.59.578,untitled,,2025.1.1,120.05954954275607,2025-10-02 12h52.21.238452 +0530,
-50,x,62,62,15,x,1,0.4824286660295911,None,,,,,15,62,62,0,654.0180724999518,,654.008040457964,654.0180724999518,655.006127874949,655.006127874949,655.006127874949,655.006127874949,655.0154576670029,656.0062434999854,656.0062434999854,656.4906596249784,,,,,x,1,0.4824286660295911,None,p5,001,2025-10-02_12h51.59.578,untitled,,2025.1.1,120.05954954275607,2025-10-02 12h52.21.238452 +0530,
-150,z,63,63,16,z,1,0.7474627909832634,None,,,,,16,63,63,3,656.5013197499793,,656.4912261669524,656.5013197499793,657.4823710829951,657.4823710829951,657.4823710829951,657.4823710829951,657.4987604579655,658.4902457499993,658.4902457499993,659.2403129169834,,,,,z,1,0.7474627909832634,None,p5,001,2025-10-02_12h51.59.578,untitled,,2025.1.1,120.05954954275607,2025-10-02 12h52.21.238452 +0530,
150,v,64,64,18,v,1,0.4508974580094218,None,,,,,18,64,64,1,659.2487440829864,,659.2408656249754,659.2487440829864,660.2325239579659,660.2325239579659,660.2325239579659,660.2325239579659,660.2393772079959,661.2497248330037,661.2497248330037,661.709561207972,,,,,v,1,0.4508974580094218,None,p5,001,2025-10-02_12h51.59.578,untitled,,2025.1.1,120.05954954275607,2025-10-02 12h52.21.238452 +0530,
-150,z,65,65,17,z,1,0.7724126660032198,None,,,,,17,65,65,3,661.719098957954,,661.7101099169813,661.719098957954,662.7070444999845,662.7070444999845,662.7070444999845,662.7070444999845,662.7326733749942,663.7162912079948,663.7162912079948,664.4915051249554,,,,,z,1,0.7724126660032198,None,p5,001,2025-10-02_12h51.59.578,untitled,,2025.1.1,120.05954954275607,2025-10-02 12h52.21.238452 +0530,
-50,x,66,66,16,x,1,0.7497885000193492,None,,,,,16,66,66,0,664.5012837079703,,664.4920624169754,664.5012837079703,665.490043082973,665.490043082973,665.490043082973,665.490043082973,665.4988848749781,666.4899737919914,666.4899737919914,667.241603292001,,,,,x,1,0.7497885000193492,None,p5,001,2025-10-02_12h51.59.578,untitled,,2025.1.1,120.05954954275607,2025-10-02 12h52.21.238452 +0530,
50,c,67,67,13,c,1,0.9643470419687219,None,,,,,13,67,67,2,667.2519516669563,,667.2421311249491,667.2519516669563,668.2395577499992,668.2395577499992,668.2395577499992,668.2395577499992,668.2489707499626,669.2403795419959,669.2403795419959,670.207433832984,,,,,c,1,0.9643470419687219,None,p5,001,2025-10-02_12h51.59.578,untitled,,2025.1.1,120.05954954275607,2025-10-02 12h52.21.238452 +0530,
50,c,68,68,14,c,1,0.5110835829982534,None,,,,,14,68,68,2,670.2331905000028,,670.2080417919788,670.2331905000028,671.1997119169682,671.1997119169682,671.1997119169682,671.1997119169682,671.2232758749742,672.2165667079971,672.2165667079971,672.7351057920023,,,,,c,1,0.5110835829982534,None,p5,001,2025-10-02_12h51.59.578,untitled,,2025.1.1,120.05954954275607,2025-10-02 12h52.21.238452 +0530,
-150,z,69,69,18,z,1,0.5883700419799425,None,,,,,18,69,69,3,672.7494232919998,,672.7357866249513,672.7494232919998,673.732708083,673.732708083,673.732708083,673.732708083,673.7402789579937,674.7323811249807,674.7323811249807,675.323950082995,,,,,z,1,0.5883700419799425,None,p5,001,2025-10-02_12h51.59.578,untitled,,2025.1.1,120.05954954275607,2025-10-02 12h52.21.238452 +0530,
50,c,70,70,15,c,1,0.5724707499612123,None,,,,,15,70,70,2,675.349359041953,,675.3245176670025,675.349359041953,676.3235638329643,676.3235638329643,676.3235638329643,676.3235638329643,676.340044874989,677.3332501669647,677.3332501669647,677.9171949169831,,,,,c,1,0.5724707499612123,None,p5,001,2025-10-02_12h51.59.578,untitled,,2025.1.1,120.05954954275607,2025-10-02 12h52.21.238452 +0530,
150,v,71,71,19,v,1,0.5989929579664022,None,,,,,19,71,71,1,677.9264894579537,,677.9177409169497,677.9264894579537,678.9085042079678,678.9085042079678,678.9085042079678,678.9085042079678,678.9334356669569,679.9158651669859,679.9158651669859,680.5172547499533,,,,,v,1,0.5989929579664022,None,p5,001,2025-10-02_12h51.59.578,untitled,,2025.1.1,120.05954954275607,2025-10-02 12h52.21.238452 +0530,
-150,z,72,72,19,z,1,0.5191390830441378,None,,,,,19,72,72,3,680.5235940419952,,680.5178207499557,680.5235940419952,681.5169413329568,681.5169413329568,681.5169413329568,681.5169413329568,681.5169413329568,682.5336104999878,682.5336104999878,683.0579239169601,,,,,z,1,0.5191390830441378,None,p5,001,2025-10-02_12h51.59.578,untitled,,2025.1.1,120.05954954275607,2025-10-02 12h52.21.238452 +0530,
50,c,73,73,16,c,1,0.4044139580219053,None,,,,,16,73,73,2,683.0688369169948,,683.0585202499642,683.0688369169948,684.0577517919592,684.0577517919592,684.0577517919592,684.0577517919592,684.083123291959,685.0664333329769,685.0664333329769,685.4763464579592,,,,,c,1,0.4044139580219053,None,p5,001,2025-10-02_12h51.59.578,untitled,,2025.1.1,120.05954954275607,2025-10-02 12h52.21.238452 +0530,
-50,x,74,74,17,x,1,0.6235242909751832,None,,,,,17,74,74,0,685.4869831669494,,685.4770940829767,685.4869831669494,686.4737507079844,686.4737507079844,686.4737507079844,686.4737507079844,686.4827137079556,687.4741912919562,687.4741912919562,688.1007650419488,,,,,x,1,0.6235242909751832,None,p5,001,2025-10-02_12h51.59.578,untitled,,2025.1.1,120.05954954275607,2025-10-02 12h52.21.238452 +0530,
150,v,75,75,20,v,1,0.4462530000018887,None,,,,,20,75,75,1,688.109839541954,,688.1013187079807,688.109839541954,689.0994476249907,689.0994476249907,689.0994476249907,689.0994476249907,689.1070004169596,690.0994553749915,690.0994553749915,690.5510179169942,,,,,v,1,0.4462530000018887,None,p5,001,2025-10-02_12h51.59.578,untitled,,2025.1.1,120.05954954275607,2025-10-02 12h52.21.238452 +0530,
150,v,76,76,21,v,1,0.4785291670123115,None,,,,,21,76,76,1,690.5613352499786,,690.5517909170012,690.5613352499786,691.5503233749769,691.5503233749769,691.5503233749769,691.5503233749769,691.5572802919778,692.5422411669861,692.5422411669861,693.0243697499973,,,,,v,1,0.4785291670123115,None,p5,001,2025-10-02_12h51.59.578,untitled,,2025.1.1,120.05954954275607,2025-10-02 12h52.21.238452 +0530,
50,c,77,77,17,c,1,0.44205070805037394,None,,,,,17,77,77,2,693.0497199999518,,693.0249157499638,693.0497199999518,694.0243214999791,694.0243214999791,694.0243214999791,694.0243214999791,694.0405749579659,695.0248079999583,695.0248079999583,695.474017917004,,,,,c,1,0.44205070805037394,None,p5,001,2025-10-02_12h51.59.578,untitled,,2025.1.1,120.05954954275607,2025-10-02 12h52.21.238452 +0530,
150,v,78,78,22,v,1,0.3848627079860307,None,,,,,22,78,78,1,695.4827314579743,,695.4744759169989,695.4827314579743,696.467123749957,696.467123749957,696.467123749957,696.467123749957,696.4739134999691,697.4668243329506,697.4668243329506,697.8688546670019,,,,,v,1,0.3848627079860307,None,p5,001,2025-10-02_12h51.59.578,untitled,,2025.1.1,120.05954954275607,2025-10-02 12h52.21.238452 +0530,
-50,x,79,79,18,x,1,0.5984480830375105,None,,,,,18,79,79,0,697.8806424579816,,697.8695293749915,697.8806424579816,698.8665655829827,698.8665655829827,698.8665655829827,698.8665655829827,698.873967749998,699.8663191249943,699.8663191249943,700.4672946249484,,,,,x,1,0.5984480830375105,None,p5,001,2025-10-02_12h51.59.578,untitled,,2025.1.1,120.05954954275607,2025-10-02 12h52.21.238452 +0530,
150,v,80,80,23,v,1,0.41192679095547646,None,,,,,23,80,80,1,700.4769915419747,,700.467809957976,700.4769915419747,701.4575104579562,701.4575104579562,701.4575104579562,701.4575104579562,701.4741435420001,702.4837772499886,702.4837772499886,702.9010032499791,,,,,v,1,0.41192679095547646,None,p5,001,2025-10-02_12h51.59.578,untitled,,2025.1.1,120.05954954275607,2025-10-02 12h52.21.238452 +0530,
-150,z,81,81,20,z,1,0.37013566598761827,None,,,,,20,81,81,3,702.910487416957,,702.9015384999802,702.910487416957,703.8918009999907,703.8918009999907,703.8918009999907,703.8918009999907,703.9340380829526,704.8926438329509,704.8926438329509,705.267820707988,,,,,z,1,0.37013566598761827,None,p5,001,2025-10-02_12h51.59.578,untitled,,2025.1.1,120.05954954275607,2025-10-02 12h52.21.238452 +0530,
50,c,82,82,18,c,1,0.5510737920412794,None,,,,,18,82,82,2,705.2777247919585,,705.2683970420039,705.2777247919585,706.2665471669752,706.2665471669752,706.2665471669752,706.2665471669752,706.2735675000004,707.2665737499483,707.2665737499483,707.8251782499719,,,,,c,1,0.5510737920412794,None,p5,001,2025-10-02_12h51.59.578,untitled,,2025.1.1,120.05954954275607,2025-10-02 12h52.21.238452 +0530,
-50,x,83,83,19,x,1,0.4066676249494776,None,,,,,19,83,83,0,707.8504890420008,,707.8257379169809,707.8504890420008,708.8244667919935,708.8244667919935,708.8244667919935,708.8244667919935,708.8401447499637,709.8172234999947,709.8172234999947,710.2342793749995,,,,,x,1,0.4066676249494776,None,p5,001,2025-10-02_12h51.59.578,untitled,,2025.1.1,120.05954954275607,2025-10-02 12h52.21.238452 +0530,
-150,z,84,84,21,z,1,0.4526026669773273,None,,,,,21,84,84,3,710.2440684579778,,710.2348653329536,710.2440684579778,711.2335081669735,711.2335081669735,711.2335081669735,711.2335081669735,711.2414711249876,712.2332494579605,712.2332494579605,712.6912033749977,,,,,z,1,0.4526026669773273,None,p5,001,2025-10-02_12h51.59.578,untitled,,2025.1.1,120.05954954275607,2025-10-02 12h52.21.238452 +0530,
-50,x,85,85,20,x,1,0.5032234989921562,None,,,,,20,85,85,0,712.7001154999598,,712.6916659579729,712.7001154999598,713.690625416988,713.690625416988,713.690625416988,713.690625416988,713.690625416988,714.690528541978,714.690528541978,715.2013975419686,,,,,x,1,0.5032234989921562,None,p5,001,2025-10-02_12h51.59.578,untitled,,2025.1.1,120.05954954275607,2025-10-02 12h52.21.238452 +0530,
150,v,86,86,24,v,1,0.41236416599713266,None,,,,,24,86,86,1,715.2105764169828,,715.2019461669843,715.2105764169828,716.2004496669979,716.2004496669979,716.2004496669979,716.2004496669979,716.2073266249499,717.2004973749863,717.2004973749863,717.6180440419703,,,,,v,1,0.41236416599713266,None,p5,001,2025-10-02_12h51.59.578,untitled,,2025.1.1,120.05954954275607,2025-10-02 12h52.21.238452 +0530,
-150,z,87,87,22,z,1,0.3871128740138374,None,,,,,22,87,87,3,717.6277592499973,,717.6185914999805,717.6277592499973,718.6172550419578,718.6172550419578,718.6172550419578,718.6172550419578,718.624353207997,719.6168322919984,719.6168322919984,720.0081432079896,,,,,z,1,0.3871128740138374,None,p5,001,2025-10-02_12h51.59.578,untitled,,2025.1.1,120.05954954275607,2025-10-02 12h52.21.238452 +0530,
-150,z,88,88,23,z,1,0.4295985830249265,None,,,,,23,88,88,3,720.0335672499496,,720.0086852919776,720.0335672499496,721.0001490419963,721.0001490419963,721.0001490419963,721.0001490419963,721.0244527919567,722.0001878750045,722.0001878750045,722.4343333749566,,,,,z,1,0.4295985830249265,None,p5,001,2025-10-02_12h51.59.578,untitled,,2025.1.1,120.05954954275607,2025-10-02 12h52.21.238452 +0530,
50,c,89,89,19,c,1,0.5963801670004614,None,,,,,19,89,89,2,722.4437822079635,,722.4348850419628,722.4437822079635,723.4248437919887,723.4248437919887,723.4248437919887,723.4248437919887,723.4404732079711,724.4244073749869,724.4244073749869,725.0259432499879,,,,,c,1,0.5963801670004614,None,p5,001,2025-10-02_12h51.59.578,untitled,,2025.1.1,120.05954954275607,2025-10-02 12h52.21.238452 +0530,
50,c,90,90,20,c,1,0.6131603750400245,None,,,,,20,90,90,2,725.036686916952,,725.0263787079602,725.036686916952,726.024462582951,726.024462582951,726.024462582951,726.024462582951,726.0335320829763,727.0247099999688,727.0247099999688,727.6425559579511,,,,,c,1,0.6131603750400245,None,p5,001,2025-10-02_12h51.59.578,untitled,,2025.1.1,120.05954954275607,2025-10-02 12h52.21.238452 +0530,
50,c,91,91,21,c,1,0.4210655000060797,None,,,,,21,91,91,2,727.6677167919697,,727.643004374986,727.6677167919697,728.6412107079523,728.6412107079523,728.6412107079523,728.6412107079523,728.6580924579757,729.6426760829636,729.6426760829636,730.0683822080027,,,,,c,1,0.4210655000060797,None,p5,001,2025-10-02_12h51.59.578,untitled,,2025.1.1,120.05954954275607,2025-10-02 12h52.21.238452 +0530,
150,v,92,92,25,v,1,0.5165462489821948,None,,,,,25,92,92,1,730.077966666955,,730.068926042004,730.077966666955,731.0671538329916,731.0671538329916,731.0671538329916,731.0671538329916,731.0744962079916,732.0672212499776,732.0672212499776,732.5910742079723,,,,,v,1,0.5165462489821948,None,p5,001,2025-10-02_12h51.59.578,untitled,,2025.1.1,120.05954954275607,2025-10-02 12h52.21.238452 +0530,
-150,z,93,93,24,z,1,0.3571187080233358,None,,,,,24,93,93,3,732.6001617079601,,732.5915245419601,732.6001617079601,733.584151957999,733.584151957999,733.584151957999,733.584151957999,733.591759916977,734.593607207993,734.593607207993,734.9586538329604,,,,,z,1,0.3571187080233358,None,p5,001,2025-10-02_12h51.59.578,untitled,,2025.1.1,120.05954954275607,2025-10-02 12h52.21.238452 +0530,
-150,z,94,94,25,z,1,0.4230943330330774,None,,,,,25,94,94,3,734.9839097079821,,734.9592055829708,734.9839097079821,735.9504844579496,735.9504844579496,735.9504844579496,735.9504844579496,735.9746801669826,736.9506479169941,736.9506479169941,737.3768414579681,,,,,z,1,0.4230943330330774,None,p5,001,2025-10-02_12h51.59.578,untitled,,2025.1.1,120.05954954275607,2025-10-02 12h52.21.238452 +0530,
50,c,95,95,22,c,1,0.7219775409903377,None,,,,,22,95,95,2,737.3870119579951,,737.3774061669828,737.3870119579951,738.3750944999629,738.3750944999629,738.3750944999629,738.3750944999629,738.3839234999614,739.3747771249618,739.3747771249618,740.1020115829888,,,,,c,1,0.7219775409903377,None,p5,001,2025-10-02_12h51.59.578,untitled,,2025.1.1,120.05954954275607,2025-10-02 12h52.21.238452 +0530,
-50,x,96,96,21,x,1,0.7905693750362843,None,,,,,21,96,96,0,740.1116680419655,,740.1027125829714,740.1116680419655,741.1005567919929,741.1005567919929,741.1005567919929,741.1005567919929,741.1081298329518,742.1093329999712,742.1093329999712,742.9019337079953,,,,,x,1,0.7905693750362843,None,p5,001,2025-10-02_12h51.59.578,untitled,,2025.1.1,120.05954954275607,2025-10-02 12h52.21.238452 +0530,
-150,z,97,97,26,z,1,0.49321320798480883,None,,,,,26,97,97,3,742.9078496249858,,742.9024660419673,742.9078496249858,743.9008811249514,743.9008811249514,743.9008811249514,743.9008811249514,743.9008811249514,744.9006072919583,744.9006072919583,745.4019805829739,,,,,z,1,0.49321320798480883,None,p5,001,2025-10-02_12h51.59.578,untitled,,2025.1.1,120.05954954275607,2025-10-02 12h52.21.238452 +0530,
-50,x,98,98,22,x,1,0.5786619579885155,None,,,,,22,98,98,0,745.4120530829532,,745.4025147079956,745.4120530829532,746.4009382919758,746.4009382919758,746.4009382919758,746.4009382919758,746.4072629999719,747.3940865829936,747.3940865829936,747.9756769579835,,,,,x,1,0.5786619579885155,None,p5,001,2025-10-02_12h51.59.578,untitled,,2025.1.1,120.05954954275607,2025-10-02 12h52.21.238452 +0530,
-50,x,99,99,23,x,1,0.5742075000307523,None,,,,,23,99,99,0,748.0015025419998,,747.9762456250028,748.0015025419998,748.9750860829954,748.9750860829954,748.9750860829954,748.9750860829954,749.0182997079683,749.9846112079686,749.9846112079686,750.568768291967,,,,,x,1,0.5742075000307523,None,p5,001,2025-10-02_12h51.59.578,untitled,,2025.1.1,120.05954954275607,2025-10-02 12h52.21.238452 +0530,
-150,z,100,100,27,z,1,0.5994861249928363,None,,,,,27,100,100,3,750.5779094169848,,750.5694093749626,750.5779094169848,751.5674899999867,751.5674899999867,751.5674899999867,751.5674899999867,751.575631457963,752.5674375829985,752.5674375829985,753.1687999999849,,,,,z,1,0.5994861249928363,None,p5,001,2025-10-02_12h51.59.578,untitled,,2025.1.1,120.05954954275607,2025-10-02 12h52.21.238452 +0530,
50,c,101,101,23,c,1,0.6187308329972439,None,,,,,23,101,101,2,753.1746329169837,,753.1693294579745,753.1746329169837,754.159499707981,754.159499707981,754.159499707981,754.159499707981,754.1846215419937,755.1850127920043,755.1850127920043,755.8091921669547,,,,,c,1,0.6187308329972439,None,p5,001,2025-10-02_12h51.59.578,untitled,,2025.1.1,120.05954954275607,2025-10-02 12h52.21.238452 +0530,
-150,z,102,102,28,z,1,0.34450237499549985,None,,,,,28,102,102,3,755.834374625003,,755.8098549169954,755.834374625003,756.8092981670052,756.8092981670052,756.8092981670052,756.8092981670052,756.851857666974,757.8002378329984,757.8002378329984,758.1520295419614,,,,,z,1,0.34450237499549985,None,p5,001,2025-10-02_12h51.59.578,untitled,,2025.1.1,120.05954954275607,2025-10-02 12h52.21.238452 +0530,
-50,x,103,103,24,x,1,0.5167780829942785,None,,,,,24,103,103,0,758.1612039579777,,758.152501582983,758.1612039579777,759.1512918749941,759.1512918749941,759.1512918749941,759.1512918749941,759.1594329579966,760.1509689170052,760.1509689170052,760.6757775419974,,,,,x,1,0.5167780829942785,None,p5,001,2025-10-02_12h51.59.578,untitled,,2025.1.1,120.05954954275607,2025-10-02 12h52.21.238452 +0530,
150,v,104,104,26,v,1,0.48906324902782217,None,,,,,26,104,104,1,760.7011360419565,,760.6763352919952,760.7011360419565,761.6680017919862,761.6680017919862,761.6680017919862,761.6680017919862,761.6917755829636,762.6677478749771,762.6677478749771,763.1590773329954,,,,,v,1,0.48906324902782217,None,p5,001,2025-10-02_12h51.59.578,untitled,,2025.1.1,120.05954954275607,2025-10-02 12h52.21.238452 +0530,
50,c,105,105,24,c,1,0.8798631239915267,None,,,,,24,105,105,2,763.1671456669574,,763.1596564999782,763.1671456669574,764.1686793749686,764.1686793749686,764.1686793749686,764.1686793749686,764.1686793749686,765.1588208329631,765.1588208329631,766.044730958005,,,,,c,1,0.8798631239915267,None,p5,001,2025-10-02_12h51.59.578,untitled,,2025.1.1,120.05954954275607,2025-10-02 12h52.21.238452 +0530,
-50,x,106,106,25,x,1,0.7145125410170294,None,,,,,25,106,106,0,766.0543319999706,,766.0455527919694,766.0543319999706,767.0423351670033,767.0423351670033,767.0423351670033,767.0423351670033,767.0515070830006,768.0419964169851,768.0419964169851,768.7631992919487,,,,,x,1,0.7145125410170294,None,p5,001,2025-10-02_12h51.59.578,untitled,,2025.1.1,120.05954954275607,2025-10-02 12h52.21.238452 +0530,
-150,z,107,107,29,z,1,0.4480677910032682,None,,,,,29,107,107,3,768.7710533749778,,768.7638068749802,768.7710533749778,769.7689727499965,769.7689727499965,769.7689727499965,769.7689727499965,769.7852492079837,770.7685704579926,770.7685704579926,771.2374171249685,,,,,z,1,0.4480677910032682,None,p5,001,2025-10-02_12h51.59.578,untitled,,2025.1.1,120.05954954275607,2025-10-02 12h52.21.238452 +0530,
50,c,108,108,25,c,1,1.167196623980999,None,,,,,25,108,108,2,771.2509627079708,,771.2384323329898,771.2509627079708,772.2338891669642,772.2338891669642,772.2338891669642,772.2338891669642,772.2412928749691,773.2524016249808,773.2524016249808,774.4281049169949,,,,,c,1,1.167196623980999,None,p5,001,2025-10-02_12h51.59.578,untitled,,2025.1.1,120.05954954275607,2025-10-02 12h52.21.238452 +0530,
-50,x,109,109,26,x,1,0.6045315829687752,None,,,,,26,109,109,0,774.4391462499625,,774.4287967080018,774.4391462499625,775.4260108749731,775.4260108749731,775.4260108749731,775.4260108749731,775.4347804579884,776.4253579169745,776.4253579169745,777.0358493749518,,,,,x,1,0.6045315829687752,None,p5,001,2025-10-02_12h51.59.578,untitled,,2025.1.1,120.05954954275607,2025-10-02 12h52.21.238452 +0530,
150,v,110,110,27,v,1,1.1013704999932088,None,,,,,27,110,110,1,777.048195124953,,777.0364055829705,777.048195124953,778.0347808329971,778.0347808329971,778.0347808329971,778.0347808329971,778.0412478329963,779.0352718749782,779.0352718749782,780.1544123329804,,,,,v,1,1.1013704999932088,None,p5,001,2025-10-02_12h51.59.578,untitled,,2025.1.1,120.05954954275607,2025-10-02 12h52.21.238452 +0530,
50,c,111,111,26,c,1,0.5341484160162508,None,,,,,26,111,111,2,780.16823058296,,780.1551190000027,780.16823058296,781.1514434999553,781.1514434999553,781.1514434999553,781.1514434999553,781.1580725419917,782.1514537499752,782.1514537499752,782.6940095419995,,,,,c,1,0.5341484160162508,None,p5,001,2025-10-02_12h51.59.578,untitled,,2025.1.1,120.05954954275607,2025-10-02 12h52.21.238452 +0530,
-150,z,112,112,30,z,1,0.6596284579718485,None,,,,,30,112,112,3,782.7038649579627,,782.6945765419514,782.7038649579627,783.6932862079702,783.6932862079702,783.6932862079702,783.6932862079702,783.7186769580003,784.6921304999851,784.6921304999851,785.360603457957,,,,,z,1,0.6596284579718485,None,p5,001,2025-10-02_12h51.59.578,untitled,,2025.1.1,120.05954954275607,2025-10-02 12h52.21.238452 +0530,
150,v,113,113,28,v,1,0.5268343330244534,None,,,,,28,113,113,1,785.3711089169956,,785.3611600419972,785.3711089169956,786.3592675830005,786.3592675830005,786.3592675830005,786.3592675830005,786.3680239169626,787.3608290829579,787.3608290829579,787.8945718749892,,,,,v,1,0.5268343330244534,None,p5,001,2025-10-02_12h51.59.578,untitled,,2025.1.1,120.05954954275607,2025-10-02 12h52.21.238452 +0530,
50,c,114,114,27,c,1,0.7080965000204742,None,,,,,27,114,114,2,787.9045396669535,,787.8951976249809,787.9045396669535,788.8927040419658,788.8927040419658,788.8927040419658,788.8927040419658,788.9015653329552,789.8928560829954,789.8928560829954,790.603775208001,,,,,c,1,0.7080965000204742,None,p5,001,2025-10-02_12h51.59.578,untitled,,2025.1.1,120.05954954275607,2025-10-02 12h52.21.238452 +0530,
-50,x,115,115,27,x,1,0.7199129990185611,None,,,,,27,115,115,0,790.6182211249834,,790.6045174169703,790.6182211249834,791.6016628749785,791.6016628749785,791.6016628749785,791.6016628749785,791.6089377079625,792.6019727499806,792.6019727499806,793.3262491249479,,,,,x,1,0.7199129990185611,None,p5,001,2025-10-02_12h51.59.578,untitled,,2025.1.1,120.05954954275607,2025-10-02 12h52.21.238452 +0530,
150,v,116,116,29,v,1,0.7944745830027387,None,,,,,29,116,116,1,793.33535054198,,793.326702499995,793.33535054198,794.3184713749797,794.3184713749797,794.3184713749797,794.3184713749797,794.3264754999545,795.3273340419983,795.3273340419983,796.1264537919778,,,,,v,1,0.7944745830027387,None,p5,001,2025-10-02_12h51.59.578,untitled,,2025.1.1,120.05954954275607,2025-10-02 12h52.21.238452 +0530,
50,c,117,117,28,c,1,0.7345369159593247,None,,,,,28,117,117,2,796.1375359579688,,796.1270560830017,796.1375359579688,797.1262154579745,797.1262154579745,797.1262154579745,797.1262154579745,797.1351532919798,798.1279847919941,798.1279847919941,798.8695515829604,,,,,c,1,0.7345369159593247,None,p5,001,2025-10-02_12h51.59.578,untitled,,2025.1.1,120.05954954275607,2025-10-02 12h52.21.238452 +0530,
150,v,118,118,30,v,1,0.7230788330198266,None,,,,,30,118,118,1,798.8789465419832,,798.8700225829962,798.8789465419832,799.8601123329718,799.8601123329718,799.8601123329718,799.8601123329718,799.9027478329954,800.8856596669648,800.8856596669648,801.6101387079689,,,,,v,1,0.7230788330198266,None,p5,001,2025-10-02_12h51.59.578,untitled,,2025.1.1,120.05954954275607,2025-10-02 12h52.21.238452 +0530,
-150,z,119,119,31,z,1,1.030230250034947,None,,,,,31,119,119,3,801.6183717079693,,801.610591374978,801.6183717079693,802.6195104169892,802.6195104169892,802.6195104169892,802.6195104169892,802.6195104169892,803.6115680419607,803.6115680419607,804.6544518329902,,,,,z,1,1.030230250034947,None,p5,001,2025-10-02_12h51.59.578,untitled,,2025.1.1,120.05954954275607,2025-10-02 12h52.21.238452 +0530,
-50,x,120,120,28,x,1,0.7971381249953993,None,,,,,28,120,120,0,804.665712166985,,804.6551596249919,804.665712166985,805.6521482919925,805.6521482919925,805.6521482919925,805.6521482919925,805.659065166954,806.6525302079972,806.6525302079972,807.4534795419895,,,,,x,1,0.7971381249953993,None,p5,001,2025-10-02_12h51.59.578,untitled,,2025.1.1,120.05954954275607,2025-10-02 12h52.21.238452 +0530,
150,v,121,121,31,b,0,0.6921132910065353,None,,,,,31,121,121,1,807.4657629579888,,807.4540651249699,807.4657629579888,808.4520466669928,808.4520466669928,808.4520466669928,808.4520466669928,808.4597725420026,809.4516667919816,809.4516667919816,810.154432041978,,,,,b,0,0.6921132910065353,None,p5,001,2025-10-02_12h51.59.578,untitled,,2025.1.1,120.05954954275607,2025-10-02 12h52.21.238452 +0530,
-150,z,122,122,32,z,1,0.6438729579676874,None,,,,,32,122,122,3,810.1650929169846,,810.1551431669504,810.1650929169846,811.1523131669965,811.1523131669965,811.1523131669965,811.1523131669965,811.1594632499618,812.1519895829842,812.1519895829842,812.803338208003,,,,,z,1,0.6438729579676874,None,p5,001,2025-10-02_12h51.59.578,untitled,,2025.1.1,120.05954954275607,2025-10-02 12h52.21.238452 +0530,
-50,x,123,123,29,x,1,0.4850436239503324,None,,,,,29,123,123,0,812.8126610419713,,812.8038061669795,812.8126610419713,813.8022381250048,813.8022381250048,813.8022381250048,813.8022381250048,813.8097135829739,814.8026669579558,814.8026669579558,815.2936663329601,,,,,x,1,0.4850436239503324,None,p5,001,2025-10-02_12h51.59.578,untitled,,2025.1.1,120.05954954275607,2025-10-02 12h52.21.238452 +0530,
150,v,124,124,32,v,1,0.4053401660057716,None,,,,,32,124,124,1,815.3195104170009,,815.2942142919637,815.3195104170009,816.293023666949,816.293023666949,816.293023666949,816.293023666949,816.3084855419584,817.2854324170039,817.2854324170039,817.6936473329552,,,,,v,1,0.4053401660057716,None,p5,001,2025-10-02_12h51.59.578,untitled,,2025.1.1,120.05954954275607,2025-10-02 12h52.21.238452 +0530,
50,c,125,125,29,c,1,0.8232056249980815,None,,,,,29,125,125,2,817.7045844999957,,817.6941996249952,817.7045844999957,818.7032374579576,818.7032374579576,818.7032374579576,818.7032374579576,818.710321749968,819.6859059169656,819.6859059169656,820.521329124982,,,,,c,1,0.8232056249980815,None,p5,001,2025-10-02_12h51.59.578,untitled,,2025.1.1,120.05954954275607,2025-10-02 12h52.21.238452 +0530,
-50,x,126,126,30,x,1,0.6828758750343695,None,,,,,30,126,126,0,820.5354957919917,,820.5221540829516,820.5354957919917,821.5195084169973,821.5195084169973,821.5195084169973,821.5195084169973,821.5261744579766,822.5198615419795,822.5198615419795,823.2108442079625,,,,,x,1,0.6828758750343695,None,p5,001,2025-10-02_12h51.59.578,untitled,,2025.1.1,120.05954954275607,2025-10-02 12h52.21.238452 +0530,
-150,z,127,127,33,z,1,0.4470735000213608,None,,,,,33,127,127,3,823.2212739999522,,823.2114491669927,823.2212739999522,824.2112263329909,824.2112263329909,824.2112263329909,824.2112263329909,824.2361309999833,825.202661791991,825.202661791991,825.6535560420016,,,,,z,1,0.4470735000213608,None,p5,001,2025-10-02_12h51.59.578,untitled,,2025.1.1,120.05954954275607,2025-10-02 12h52.21.238452 +0530,
50,c,128,128,30,c,1,0.7645174990175292,None,,,,,30,128,128,2,825.6628320829477,,825.6540941669955,825.6628320829477,826.6531382079702,826.6531382079702,826.6531382079702,826.6531382079702,826.6599482079619,827.645233291958,827.645233291958,828.4203742499813,,,,,c,1,0.7645174990175292,None,p5,001,2025-10-02_12h51.59.578,untitled,,2025.1.1,120.05954954275607,2025-10-02 12h52.21.238452 +0530,
-50,x,129,129,31,x,1,0.5749535409850068,None,,,,,31,129,129,0,828.4310674580047,,828.4209685419919,828.4310674580047,829.4190621249727,829.4190621249727,829.4190621249727,829.4190621249727,829.4269774169661,830.4196408329881,830.4196408329881,831.003702832968,,,,,x,1,0.5749535409850068,None,p5,001,2025-10-02_12h51.59.578,untitled,,2025.1.1,120.05954954275607,2025-10-02 12h52.21.238452 +0530,
-50,x,130,130,32,x,1,0.38034450000850484,None,,,,,32,130,130,0,831.0128157499712,,831.004143750004,831.0128157499712,832.0025811669766,832.0025811669766,832.0025811669766,832.0025811669766,832.0105403329944,833.0024586669751,833.0024586669751,833.3870616669883,,,,,x,1,0.38034450000850484,None,p5,001,2025-10-02_12h51.59.578,untitled,,2025.1.1,120.05954954275607,2025-10-02 12h52.21.238452 +0530,
-150,z,131,131,34,z,1,0.4339624579879455,None,,,,,34,131,131,3,833.4003758329782,,833.3875859580003,833.4003758329782,834.3857911669766,834.3857911669766,834.3857911669766,834.3857911669766,834.39335858298,835.3858299169806,835.3858299169806,835.8273207079619,,,,,z,1,0.4339624579879455,None,p5,001,2025-10-02_12h51.59.578,untitled,,2025.1.1,120.05954954275607,2025-10-02 12h52.21.238452 +0530,
-150,z,132,132,35,z,1,0.4539928330341354,None,,,,,35,132,132,3,835.8531823329977,,835.8279999579536,835.8531823329977,836.827005375002,836.827005375002,836.827005375002,836.827005375002,836.8436647079652,837.8367332919734,837.8367332919734,838.3034372080001,,,,,z,1,0.4539928330341354,None,p5,001,2025-10-02_12h51.59.578,untitled,,2025.1.1,120.05954954275607,2025-10-02 12h52.21.238452 +0530,
-150,z,133,133,36,z,1,0.39718220802024007,None,,,,,36,133,133,3,838.3104874169803,,838.3037040419877,838.3104874169803,839.2935637499904,839.2935637499904,839.2935637499904,839.2935637499904,839.3025607079617,840.3034333749674,840.3034333749674,840.7038756249822,,,,,z,1,0.39718220802024007,None,p5,001,2025-10-02_12h51.59.578,untitled,,2025.1.1,120.05954954275607,2025-10-02 12h52.21.238452 +0530,
-150,z,134,134,37,z,1,0.30803745798766613,None,,,,,37,134,134,3,840.713721957989,,840.7044321669964,840.713721957989,841.702637291979,841.702637291979,841.702637291979,841.702637291979,841.7094953749911,842.7026775419945,842.7026775419945,843.0206098749768,,,,,z,1,0.30803745798766613,None,p5,001,2025-10-02_12h51.59.578,untitled,,2025.1.1,120.05954954275607,2025-10-02 12h52.21.238452 +0530,
150,v,135,135,33,c,0,0.7084954989841208,None,,,,,33,135,135,1,843.0317993749632,,843.0211769169546,843.0317993749632,844.0194423749927,844.0194423749927,844.0194423749927,844.0194423749927,844.0267229579622,845.0192215419956,845.0192215419956,845.7375632079784,,,,,c,0,0.7084954989841208,None,p5,001,2025-10-02_12h51.59.578,untitled,,2025.1.1,120.05954954275607,2025-10-02 12h52.21.238452 +0530,
50,c,136,136,31,c,1,0.831905541010201,None,,,,,31,136,136,2,845.7480802919599,,845.7381815419649,845.7480802919599,846.7369144169497,846.7369144169497,846.7369144169497,846.7369144169497,846.7439485829673,847.7458284169552,847.7458284169552,848.5875287499512,,,,,c,1,0.831905541010201,None,p5,001,2025-10-02_12h51.59.578,untitled,,2025.1.1,120.05954954275607,2025-10-02 12h52.21.238452 +0530,
150,v,137,137,34,v,1,0.4190835830522701,None,,,,,34,137,137,1,848.5971654579625,,848.5880725829629,848.5971654579625,849.5861802499858,849.5861802499858,849.5861802499858,849.5861802499858,849.5929512499715,850.5866435419885,850.5866435419885,851.0118876670022,,,,,v,1,0.4190835830522701,None,p5,001,2025-10-02_12h51.59.578,untitled,,2025.1.1,120.05954954275607,2025-10-02 12h52.21.238452 +0530,
-150,z,138,138,38,z,1,0.3768624989897944,None,,,,,38,138,138,3,851.0220812499756,,851.0124786669621,851.0220812499756,852.0119529999793,852.0119529999793,852.0119529999793,852.0119529999793,852.021474582958,853.0109240419697,853.0109240419697,853.3941059579956,,,,,z,1,0.3768624989897944,None,p5,001,2025-10-02_12h51.59.578,untitled,,2025.1.1,120.05954954275607,2025-10-02 12h52.21.238452 +0530,
-50,x,139,139,33,x,1,0.7752422079793178,None,,,,,33,139,139,0,853.419863707968,,853.3946373749641,853.419863707968,854.3864369170042,854.3864369170042,854.3864369170042,854.3864369170042,854.4104966250015,855.3864757079864,855.3864757079864,856.171889166988,,,,,x,1,0.7752422079793178,None,p5,001,2025-10-02_12h51.59.578,untitled,,2025.1.1,120.05954954275607,2025-10-02 12h52.21.238452 +0530,
150,v,140,140,35,v,1,0.8930725830141455,None,,,,,35,140,140,1,856.1823389169876,,856.1726492919843,856.1823389169876,857.1703361669788,857.1703361669788,857.1703361669788,857.1703361669788,857.1773786249687,858.1696066669538,858.1696066669538,859.0710383330006,,,,,v,1,0.8930725830141455,None,p5,001,2025-10-02_12h51.59.578,untitled,,2025.1.1,120.05954954275607,2025-10-02 12h52.21.238452 +0530,
-150,z,141,141,39,z,1,0.44428087398409843,None,,,,,39,141,141,3,859.0824447919731,,859.0715933750034,859.0824447919731,860.0699880419997,860.0699880419997,860.0699880419997,860.0699880419997,860.0771428750013,861.0707029579789,861.0707029579789,861.5220895829843,,,,,z,1,0.44428087398409843,None,p5,001,2025-10-02_12h51.59.578,untitled,,2025.1.1,120.05954954275607,2025-10-02 12h52.21.238452 +0530,
-150,z,142,142,40,z,1,0.43647629098268226,None,,,,,40,142,142,3,861.5335411669803,,861.5228206249885,861.5335411669803,862.5197549169534,862.5197549169534,862.5197549169534,862.5197549169534,862.5276283329586,863.5202368329628,863.5202368329628,863.961332457955,,,,,z,1,0.43647629098268226,None,p5,001,2025-10-02_12h51.59.578,untitled,,2025.1.1,120.05954954275607,2025-10-02 12h52.21.238452 +0530,
-50,x,143,143,34,x,1,0.621268707967829,None,,,,,34,143,143,0,863.9868669169955,,863.9617821669672,863.9868669169955,864.9608174169553,864.9608174169553,864.9608174169553,864.9608174169553,864.9773274579784,865.970378500002,865.970378500002,866.5946094579995,,,,,x,1,0.621268707967829,None,p5,001,2025-10-02_12h51.59.578,untitled,,2025.1.1,120.05954954275607,2025-10-02 12h52.21.238452 +0530,
-150,z,144,144,41,z,1,0.44957766600418836,None,,,,,41,144,144,3,866.6035676249885,,866.5950506670051,866.6035676249885,867.5867847499903,867.5867847499903,867.5867847499903,867.5867847499903,867.5940562500036,868.5941472499981,868.5941472499981,869.0452852919698,,,,,z,1,0.44957766600418836,None,p5,001,2025-10-02_12h51.59.578,untitled,,2025.1.1,120.05954954275607,2025-10-02 12h52.21.238452 +0530,
-50,x,145,145,35,x,1,0.5227056249859743,None,,,,,35,145,145,0,869.0706596669625,,869.0458212499507,869.0706596669625,870.0452232499956,870.0452232499956,870.0452232499956,870.0452232499956,870.0705609999713,871.0449341249769,871.0449341249769,871.571288666979,,,,,x,1,0.5227056249859743,None,p5,001,2025-10-02_12h51.59.578,untitled,,2025.1.1,120.05954954275607,2025-10-02 12h52.21.238452 +0530,
150,v,146,146,36,v,1,0.5629209990147501,None,,,,,36,146,146,1,871.5815495830029,,871.5719619169831,871.5815495830029,872.5700669999933,872.5700669999933,872.5700669999933,872.5700669999933,872.577521374973,873.569828082982,873.569828082982,874.1378703329829,,,,,v,1,0.5629209990147501,None,p5,001,2025-10-02_12h51.59.578,untitled,,2025.1.1,120.05954954275607,2025-10-02 12h52.21.238452 +0530,
150,v,147,147,37,v,1,0.6050839580129832,None,,,,,37,147,147,1,874.1473823330016,,874.1384155830019,874.1473823330016,875.1284469169914,875.1284469169914,875.1284469169914,875.1284469169914,875.1708965419675,876.1366351249744,876.1366351249744,876.7448062499752,,,,,v,1,0.6050839580129832,None,p5,001,2025-10-02_12h51.59.578,untitled,,2025.1.1,120.05954954275607,2025-10-02 12h52.21.238452 +0530,
50,c,148,148,32,c,1,0.6132395419990644,None,,,,,32,148,148,2,876.7707721669576,,876.745361291978,876.7707721669576,877.736751874967,877.736751874967,877.736751874967,877.736751874967,877.7597488749889,878.7373881249805,878.7373881249805,879.3547708329861,,,,,c,1,0.6132395419990644,None,p5,001,2025-10-02_12h51.59.578,untitled,,2025.1.1,120.05954954275607,2025-10-02 12h52.21.238452 +0530,
50,c,149,149,33,c,1,0.3575153750134632,None,,,,,33,149,149,2,879.3647994999774,,879.3553322499502,879.3647994999774,880.3536956669996,880.3536956669996,880.3536956669996,880.3536956669996,880.361143541988,881.3533225829597,881.3533225829597,881.7215089169913,,,,,c,1,0.3575153750134632,None,p5,001,2025-10-02_12h51.59.578,untitled,,2025.1.1,120.05954954275607,2025-10-02 12h52.21.238452 +0530,
50,c,150,150,34,c,1,0.32201970799360424,None,,,,,34,150,150,2,881.7319334169733,,881.7221087499638,881.7319334169733,882.7210956249619,882.7210956249619,882.7210956249619,882.7210956249619,882.728047166951,883.7377050829818,883.7377050829818,884.0636579580023,,,,,c,1,0.32201970799360424,None,p5,001,2025-10-02_12h51.59.578,untitled,,2025.1.1,120.05954954275607,2025-10-02 12h52.21.238452 +0530,
-150,z,151,151,42,z,1,0.6032598749734461,None,,,,,42,151,151,3,884.0735188329709,,884.0644060419872,884.0735188329709,885.0613334169611,885.0613334169611,885.0613334169611,885.0613334169611,885.0701647919486,886.0713719169726,886.0713719169726,886.6790871669655,,,,,z,1,0.6032598749734461,None,p5,001,2025-10-02_12h51.59.578,untitled,,2025.1.1,120.05954954275607,2025-10-02 12h52.21.238452 +0530,
-150,z,152,152,43,z,1,0.38493599998764694,None,,,,,43,152,152,3,886.6898279580055,,886.6796667499584,886.6898279580055,887.6779537079856,887.6779537079856,887.6779537079856,887.6779537079856,887.6868589579826,888.6777284169802,888.6777284169802,889.0711220419616,,,,,z,1,0.38493599998764694,None,p5,001,2025-10-02_12h51.59.578,untitled,,2025.1.1,120.05954954275607,2025-10-02 12h52.21.238452 +0530,
-50,x,153,153,36,x,1,0.6092426659888588,None,,,,,36,153,153,0,889.0804671669612,,889.0716438329546,889.0804671669612,890.0611459169886,890.0611459169886,890.0611459169886,890.0611459169886,890.077768499963,891.0614402499632,891.0614402499632,891.679519917001,,,,,x,1,0.6092426659888588,None,p5,001,2025-10-02_12h51.59.578,untitled,,2025.1.1,120.05954954275607,2025-10-02 12h52.21.238452 +0530,
50,c,154,154,35,c,1,0.4398630830110051,None,,,,,35,154,154,2,891.6897571249865,,891.6800789999543,891.6897571249865,892.6774886249914,892.6774886249914,892.6774886249914,892.6774886249914,892.6869994580047,893.6778533749748,893.6778533749748,894.1216442919686,,,,,c,1,0.4398630830110051,None,p5,001,2025-10-02_12h51.59.578,untitled,,2025.1.1,120.05954954275607,2025-10-02 12h52.21.238452 +0530,
-150,z,155,155,44,z,1,0.46015458297915757,None,,,,,44,155,155,3,894.1311042499729,,894.1221946249716,894.1311042499729,895.1210213329759,895.1210213329759,895.1210213329759,895.1210213329759,895.1283979169675,896.1115009170026,896.1115009170026,896.5794275829685,,,,,z,1,0.46015458297915757,None,p5,001,2025-10-02_12h51.59.578,untitled,,2025.1.1,120.05954954275607,2025-10-02 12h52.21.238452 +0530,
50,c,156,156,36,c,1,0.7261946249636821,None,,,,,36,156,156,2,896.5898499579635,,896.5799612499541,896.5898499579635,897.5794289579499,897.5794289579499,897.5794289579499,897.5794289579499,897.6041807499714,898.5776500419597,898.5776500419597,899.3132327919593,,,,,c,1,0.7261946249636821,None,p5,001,2025-10-02_12h51.59.578,untitled,,2025.1.1,120.05954954275607,2025-10-02 12h52.21.238452 +0530,
50,c,157,157,37,c,1,0.4725722500006668,None,,,,,37,157,157,2,899.3235472079832,,899.3138697079848,899.3235472079832,900.31230541697,900.31230541697,900.31230541697,900.31230541697,900.3376547079533,901.3111547079752,901.3111547079752,901.7890379579621,,,,,c,1,0.4725722500006668,None,p5,001,2025-10-02_12h51.59.578,untitled,,2025.1.1,120.05954954275607,2025-10-02 12h52.21.238452 +0530,
-50,x,158,158,37,x,1,0.6514970830176026,None,,,,,37,158,158,0,901.7993490420049,,901.7898416249664,901.7993490420049,902.7874564169906,902.7874564169906,902.7874564169906,902.7874564169906,902.7945644999854,903.7872622080031,903.7872622080031,904.4453405419481,,,,,x,1,0.6514970830176026,None,p5,001,2025-10-02_12h51.59.578,untitled,,2025.1.1,120.05954954275607,2025-10-02 12h52.21.238452 +0530,
150,v,159,159,38,v,1,0.6780464579933323,None,,,,,38,159,159,1,904.4548949999735,,904.4458975419984,904.4548949999735,905.4372741669649,905.4372741669649,905.4372741669649,905.4372741669649,905.4438242079923,906.4378020419972,906.4378020419972,907.1219029579661,,,,,v,1,0.6780464579933323,None,p5,001,2025-10-02_12h51.59.578,untitled,,2025.1.1,120.05954954275607,2025-10-02 12h52.21.238452 +0530,
150,v,160,160,39,v,1,0.41145333298482,None,,,,,39,160,160,1,907.1305697499774,,907.122462832951,907.1305697499774,908.1212297919556,908.1212297919556,908.1212297919556,908.1212297919556,908.1281647919677,909.1215261669713,909.1215261669713,909.540145707957,,,,,v,1,0.41145333298482,None,p5,001,2025-10-02_12h51.59.578,untitled,,2025.1.1,120.05954954275607,2025-10-02 12h52.21.238452 +0530,
-150,z,161,161,45,z,1,0.4509649170213379,None,,,,,45,161,161,3,909.5508219579933,,909.5408405829803,909.5508219579933,910.5374692920013,910.5374692920013,910.5374692920013,910.5374692920013,910.5439847079688,911.5546246669837,911.5546246669837,912.0233749169856,,,,,z,1,0.4509649170213379,None,p5,001,2025-10-02_12h51.59.578,untitled,,2025.1.1,120.05954954275607,2025-10-02 12h52.21.238452 +0530,
50,c,162,162,38,c,1,0.6294502910459414,None,,,,,38,162,162,2,912.0347907919786,,912.0240840829792,912.0347907919786,913.0207782079815,913.0207782079815,913.0207782079815,913.0207782079815,913.0282292079646,914.0382635419955,914.0382635419955,914.6720950829913,,,,,c,1,0.6294502910459414,None,p5,001,2025-10-02_12h51.59.578,untitled,,2025.1.1,120.05954954275607,2025-10-02 12h52.21.238452 +0530,
-50,x,163,163,38,x,1,1.1335553330136463,None,,,,,38,163,163,0,914.6821341670002,,914.6726639579865,914.6821341670002,915.6709327499848,915.6709327499848,915.6709327499848,915.6709327499848,915.6777339580003,916.6709772079485,916.6709772079485,917.8078739579651,,,,,x,1,1.1335553330136463,None,p5,001,2025-10-02_12h51.59.578,untitled,,2025.1.1,120.05954954275607,2025-10-02 12h52.21.238452 +0530,
50,c,164,164,39,c,1,0.654326832969673,None,,,,,39,164,164,2,917.8208376249531,,917.8084173749667,917.8208376249531,918.812744750001,918.812744750001,918.812744750001,918.812744750001,918.812744750001,919.8042818329995,919.8042818329995,920.462705999962,,,,,c,1,0.654326832969673,None,p5,001,2025-10-02_12h51.59.578,untitled,,2025.1.1,120.05954954275607,2025-10-02 12h52.21.238452 +0530,
-150,z,165,165,46,z,1,0.5902117500081658,None,,,,,46,165,165,3,920.4878305829479,,920.4631510420004,920.4878305829479,921.4549984170008,921.4549984170008,921.4549984170008,921.4549984170008,921.5050727079506,922.4626669999561,922.4626669999561,923.0570969169494,,,,,z,1,0.5902117500081658,None,p5,001,2025-10-02_12h51.59.578,untitled,,2025.1.1,120.05954954275607,2025-10-02 12h52.21.238452 +0530,
-50,x,166,166,39,x,1,0.46786066598724574,None,,,,,39,166,166,0,923.070161416952,,923.0595915419981,923.070161416952,924.0546737079858,924.0546737079858,924.0546737079858,924.0546737079858,924.0618971249787,925.0717737079831,925.0717737079831,925.5472108749673,,,,,x,1,0.46786066598724574,None,p5,001,2025-10-02_12h51.59.578,untitled,,2025.1.1,120.05954954275607,2025-10-02 12h52.21.238452 +0530,
150,v,167,167,40,v,1,0.544981875049416,None,,,,,40,167,167,1,925.5572509169579,,925.5477705829544,925.5572509169579,926.5456178750028,926.5456178750028,926.5456178750028,926.5456178750028,926.5543469580007,927.5458334999857,927.5458334999857,928.0972211249755,,,,,v,1,0.544981875049416,None,p5,001,2025-10-02_12h51.59.578,untitled,,2025.1.1,120.05954954275607,2025-10-02 12h52.21.238452 +0530,
150,v,168,168,41,v,1,0.5123846660135314,None,,,,,41,168,168,1,928.107036041969,,928.0977889579954,928.107036041969,929.0953622499947,929.0953622499947,929.0953622499947,929.0953622499947,929.1044795829803,930.0954041249934,930.0954041249934,930.6128414999694,,,,,v,1,0.5123846660135314,None,p5,001,2025-10-02_12h51.59.578,untitled,,2025.1.1,120.05954954275607,2025-10-02 12h52.21.238452 +0530,
50,c,169,169,40,c,1,0.6651036670082249,None,,,,,40,169,169,2,930.6232651669998,,930.6134564169915,930.6232651669998,931.6127517079585,931.6127517079585,931.6127517079585,931.6127517079585,931.6384341669618,932.6115739579545,932.6115739579545,933.2795950419968,,,,,c,1,0.6651036670082249,None,p5,001,2025-10-02_12h51.59.578,untitled,,2025.1.1,120.05954954275607,2025-10-02 12h52.21.238452 +0530,
50,c,170,170,41,c,1,0.42197691701585427,None,,,,,41,170,170,2,933.3052164169494,,933.2801602079999,933.3052164169494,934.2710611670045,934.2710611670045,934.2710611670045,934.2710611670045,934.2962035829551,935.2797267499845,935.2797267499845,935.7058333749883,,,,,c,1,0.42197691701585427,None,p5,001,2025-10-02_12h51.59.578,untitled,,2025.1.1,120.05954954275607,2025-10-02 12h52.21.238452 +0530,
50,c,171,171,42,c,1,0.4270442500128411,None,,,,,42,171,171,2,935.715825124993,,935.7063896249747,935.715825124993,936.7046836669906,936.7046836669906,936.7046836669906,936.7046836669906,936.7122058749665,937.7046537079732,937.7046537079732,938.1392204999574,,,,,c,1,0.4270442500128411,None,p5,001,2025-10-02_12h51.59.578,untitled,,2025.1.1,120.05954954275607,2025-10-02 12h52.21.238452 +0530,
150,v,172,172,42,v,1,0.5936583330039866,None,,,,,42,172,172,1,938.1483923329506,,938.139672958001,938.1483923329506,939.138298292004,939.138298292004,939.138298292004,939.138298292004,939.1453081249492,940.138054082985,940.138054082985,940.7394303329638,,,,,v,1,0.5936583330039866,None,p5,001,2025-10-02_12h51.59.578,untitled,,2025.1.1,120.05954954275607,2025-10-02 12h52.21.238452 +0530,
50,c,173,173,43,c,1,0.5187437499989755,None,,,,,43,173,173,2,940.7482876669965,,940.7398859169916,940.7482876669965,941.7380519169965,941.7380519169965,941.7380519169965,941.7380519169965,941.7456247079535,942.7379728749511,942.7379728749511,943.2629463750054,,,,,c,1,0.5187437499989755,None,p5,001,2025-10-02_12h51.59.578,untitled,,2025.1.1,120.05954954275607,2025-10-02 12h52.21.238452 +0530,
-150,z,174,174,47,z,1,0.7005933329928666,None,,,,,47,174,174,3,943.2883589579724,,943.2635179169592,943.2883589579724,944.2552958329907,944.2552958329907,944.2552958329907,944.2552958329907,944.2789320829907,945.2550435829908,945.2550435829908,945.9638583329506,,,,,z,1,0.7005933329928666,None,p5,001,2025-10-02_12h51.59.578,untitled,,2025.1.1,120.05954954275607,2025-10-02 12h52.21.238452 +0530,
-50,x,175,175,40,x,1,0.5191069170250557,None,,,,,40,175,175,0,945.9735017920029,,945.9644055829849,945.9735017920029,946.9625497919624,946.9625497919624,946.9625497919624,946.9625497919624,946.9884490419645,947.9627089169808,947.9627089169808,948.4895077919937,,,,,x,1,0.5191069170250557,None,p5,001,2025-10-02_12h51.59.578,untitled,,2025.1.1,120.05954954275607,2025-10-02 12h52.21.238452 +0530,
50,c,176,176,44,c,1,0.5628099580062553,None,,,,,44,176,176,2,948.4988413329702,,948.4899731249898,948.4988413329702,949.4807416249532,949.4807416249532,949.4807416249532,949.4807416249532,949.5054961249698,950.4888648749911,950.4888648749911,951.0559517919901,,,,,c,1,0.5628099580062553,None,p5,001,2025-10-02_12h51.59.578,untitled,,2025.1.1,120.05954954275607,2025-10-02 12h52.21.238452 +0530,
-50,x,177,177,41,x,1,0.5499747489811853,None,,,,,41,177,177,0,951.0622075419524,,951.0563772079768,951.0622075419524,952.0458434169996,952.0458434169996,952.0458434169996,952.0458434169996,952.0543754999526,953.055748957966,953.055748957966,953.6140914579737,,,,,x,1,0.5499747489811853,None,p5,001,2025-10-02_12h51.59.578,untitled,,2025.1.1,120.05954954275607,2025-10-02 12h52.21.238452 +0530,
150,v,178,178,43,v,1,0.6792768739978783,None,,,,,43,178,178,1,953.6245611250051,,953.6146792919608,953.6245611250051,954.6127628749819,954.6127628749819,954.6127628749819,954.6127628749819,954.6219464169699,955.6057854579994,955.6057854579994,956.2907627499662,,,,,v,1,0.6792768739978783,None,p5,001,2025-10-02_12h51.59.578,untitled,,2025.1.1,120.05954954275607,2025-10-02 12h52.21.238452 +0530,
-50,x,179,179,42,z,0,0.3225929170148447,None,,,,,42,179,179,0,956.3040996670024,,956.2914389579673,956.3040996670024,957.2882711669663,957.2882711669663,957.2882711669663,957.2882711669663,957.2966409579967,958.2970452079899,958.2970452079899,958.6230630829814,,,,,z,0,0.3225929170148447,None,p5,001,2025-10-02_12h51.59.578,untitled,,2025.1.1,120.05954954275607,2025-10-02 12h52.21.238452 +0530,
50,c,180,180,45,c,1,0.7698481249972247,None,,,,,45,180,180,2,958.6327549999696,,958.6236170829507,958.6327549999696,959.6223936669994,959.6223936669994,959.6223936669994,959.6223936669994,959.6295809169533,960.62189320795,960.62189320795,961.3978243329911,,,,,c,1,0.7698481249972247,None,p5,001,2025-10-02_12h51.59.578,untitled,,2025.1.1,120.05954954275607,2025-10-02 12h52.21.238452 +0530,
-50,x,181,181,43,x,1,0.6148462080163881,None,,,,,43,181,181,0,961.4084252499742,,961.398403291998,961.4084252499742,962.3961890419596,962.3961890419596,962.3961890419596,962.3961890419596,962.4050927079516,963.4060171250021,963.4060171250021,964.0228566669975,,,,,x,1,0.6148462080163881,None,p5,001,2025-10-02_12h51.59.578,untitled,,2025.1.1,120.05954954275607,2025-10-02 12h52.21.238452 +0530,
-50,x,182,182,44,x,1,0.45714204100659117,None,,,,,44,182,182,0,964.0289026249666,,964.0233069579699,964.0289026249666,965.0127432079753,965.0127432079753,965.0127432079753,965.0127432079753,965.02180399996,966.0124603330041,966.0124603330041,966.4733142500045,,,,,x,1,0.45714204100659117,None,p5,001,2025-10-02_12h51.59.578,untitled,,2025.1.1,120.05954954275607,2025-10-02 12h52.21.238452 +0530,
50,c,183,183,46,c,1,0.6295739160268568,None,,,,,46,183,183,2,966.4831703749951,,966.4739601250039,966.4831703749951,967.4726332919672,967.4726332919672,967.4726332919672,967.4726332919672,967.4791342499666,968.4730737079517,968.4730737079517,969.1152839579736,,,,,c,1,0.6295739160268568,None,p5,001,2025-10-02_12h51.59.578,untitled,,2025.1.1,120.05954954275607,2025-10-02 12h52.21.238452 +0530,
-50,x,184,184,45,x,1,0.4947930419584736,None,,,,,45,184,184,0,969.1387003749842,,969.115595457959,969.1387003749842,970.1232202079846,970.1232202079846,970.1232202079846,970.1232202079846,970.139750125003,971.1227839999483,971.1227839999483,971.62338133296,,,,,x,1,0.4947930419584736,None,p5,001,2025-10-02_12h51.59.578,untitled,,2025.1.1,120.05954954275607,2025-10-02 12h52.21.238452 +0530,
150,v,185,185,44,c,0,1.1533519990043715,None,,,,,44,185,185,1,971.6330194170005,,971.6239746669889,971.6330194170005,972.6224023749819,972.6224023749819,972.6224023749819,972.6224023749819,972.6291634169756,973.6223433329724,973.6223433329724,974.7813171669841,,,,,c,0,1.1533519990043715,None,p5,001,2025-10-02_12h51.59.578,untitled,,2025.1.1,120.05954954275607,2025-10-02 12h52.21.238452 +0530,
50,c,186,186,47,c,1,0.9488362080301158,None,,,,,47,186,186,2,974.7917926670052,,974.781884416996,974.7917926670052,975.7801909169648,975.7801909169648,975.7801909169648,975.7801909169648,975.7887131249881,976.7896840419853,976.7896840419853,977.7577970830025,,,,,c,1,0.9488362080301158,None,p5,001,2025-10-02_12h51.59.578,untitled,,2025.1.1,120.05954954275607,2025-10-02 12h52.21.238452 +0530,
50,c,187,187,48,c,1,0.4182706239516847,None,,,,,48,187,187,2,977.7722819169867,,977.7584915419575,977.7722819169867,978.7556205419824,978.7556205419824,978.7556205419824,978.7556205419824,978.7621813329752,979.7562442079652,979.7562442079652,980.1805904579815,,,,,c,1,0.4182706239516847,None,p5,001,2025-10-02_12h51.59.578,untitled,,2025.1.1,120.05954954275607,2025-10-02 12h52.21.238452 +0530,
150,v,188,188,45,v,1,0.5430659170378931,None,,,,,45,188,188,1,980.2063372499542,,980.1811540829949,980.2063372499542,981.181383374962,981.181383374962,981.181383374962,981.181383374962,981.2061913749785,982.1729886249523,982.1729886249523,982.7245324169635,,,,,v,1,0.5430659170378931,None,p5,001,2025-10-02_12h51.59.578,untitled,,2025.1.1,120.05954954275607,2025-10-02 12h52.21.238452 +0530,
-50,x,189,189,46,x,1,0.8026199159794487,None,,,,,46,189,189,0,982.7392458329559,,982.7252272499609,982.7392458329559,983.722333624959,983.722333624959,983.722333624959,983.722333624959,983.729215624975,984.7221291669994,984.7221291669994,985.5308204169851,,,,,x,1,0.8026199159794487,None,p5,001,2025-10-02_12h51.59.578,untitled,,2025.1.1,120.05954954275607,2025-10-02 12h52.21.238452 +0530,
-50,x,190,190,47,x,1,0.45926779200090095,None,,,,,47,190,190,0,985.5558494579745,,985.5313687080052,985.5558494579745,986.5301041670027,986.5301041670027,986.5301041670027,986.5301041670027,986.5464952919865,987.5394517079694,987.5394517079694,988.0066935420036,,,,,x,1,0.45926779200090095,None,p5,001,2025-10-02_12h51.59.578,untitled,,2025.1.1,120.05954954275607,2025-10-02 12h52.21.238452 +0530,
-150,z,191,191,48,z,1,0.5393689580378123,None,,,,,48,191,191,3,988.0164954579668,,988.0072319579776,988.0164954579668,988.9969748749863,988.9969748749863,988.9969748749863,988.9969748749863,989.0132172919693,990.0232685829978,990.0232685829978,990.5651797079481,,,,,z,1,0.5393689580378123,None,p5,001,2025-10-02_12h51.59.578,untitled,,2025.1.1,120.05954954275607,2025-10-02 12h52.21.238452 +0530,
-50,x,192,192,48,x,1,0.6229127499973401,None,,,,,48,192,192,0,990.5753348749713,,990.5657758329762,990.5753348749713,991.5637287499849,991.5637287499849,991.5637287499849,991.5637287499849,991.5724044169765,992.5647380829905,992.5647380829905,993.1906012079562,,,,,x,1,0.6229127499973401,None,p5,001,2025-10-02_12h51.59.578,untitled,,2025.1.1,120.05954954275607,2025-10-02 12h52.21.238452 +0530,
-50,x,193,193,49,x,1,0.33866150001995265,None,,,,,49,193,193,0,993.197999749973,,993.1910838329932,993.197999749973,994.1897978749475,994.1897978749475,994.1897978749475,994.1897978749475,994.1897978749475,995.1891654999927,995.1891654999927,995.5318320419756,,,,,x,1,0.33866150001995265,None,p5,001,2025-10-02_12h51.59.578,untitled,,2025.1.1,120.05954954275607,2025-10-02 12h52.21.238452 +0530,
150,v,194,194,46,v,1,0.44581233302596956,None,,,,,46,194,194,1,995.5419722499792,,995.5323975829524,995.5419722499792,996.5302428749856,996.5302428749856,996.5302428749856,996.5302428749856,996.5391690830002,997.5318812079495,997.5318812079495,997.9807729579625,,,,,v,1,0.44581233302596956,None,p5,001,2025-10-02_12h51.59.578,untitled,,2025.1.1,120.05954954275607,2025-10-02 12h52.21.238452 +0530,
150,v,195,195,47,v,1,0.42165566596668214,None,,,,,47,195,195,1,998.0061324579874,,997.9812464169809,998.0061324579874,998.9806037919479,998.9806037919479,998.9806037919479,998.9806037919479,999.0234738329891,999.9900335829589,999.9900335829589,1000.415004749957,,,,,v,1,0.42165566596668214,None,p5,001,2025-10-02_12h51.59.578,untitled,,2025.1.1,120.05954954275607,2025-10-02 12h52.21.238452 +0530,
-150,z,196,196,49,z,1,0.5234641659772024,None,,,,,49,196,196,3,1000.4250989999855,,1000.4155565419933,1000.4250989999855,1001.4135873329942,1001.4135873329942,1001.4135873329942,1001.4135873329942,1001.4225831249496,1002.4131220830022,1002.4131220830022,1002.9408734999597,,,,,z,1,0.5234641659772024,None,p5,001,2025-10-02_12h51.59.578,untitled,,2025.1.1,120.05954954275607,2025-10-02 12h52.21.238452 +0530,
150,v,197,197,48,v,1,0.4191842920263298,None,,,,,48,197,197,1,1002.9518327079713,,1002.9414472919889,1002.9518327079713,1003.9403572499868,1003.9403572499868,1003.9403572499868,1003.9403572499868,1003.95701129199,1004.9314214169863,1004.9314214169863,1005.3746309579583,,,,,v,1,0.4191842920263298,None,p5,001,2025-10-02_12h51.59.578,untitled,,2025.1.1,120.05954954275607,2025-10-02 12h52.21.238452 +0530,
50,c,198,198,49,c,1,0.758657582977321,None,,,,,49,198,198,2,1005.3897163749789,,1005.3752485829755,1005.3897163749789,1006.3732554999879,1006.3732554999879,1006.3732554999879,1006.3732554999879,1006.3802974999999,1007.3899396249908,1007.3899396249908,1008.1577520829742,,,,,c,1,0.758657582977321,None,p5,001,2025-10-02_12h51.59.578,untitled,,2025.1.1,120.05954954275607,2025-10-02 12h52.21.238452 +0530,
150,v,199,199,49,v,1,0.6314326249994338,None,,,,,49,199,199,1,1008.168722582981,,1008.1583997499547,1008.168722582981,1009.1560360830044,1009.1560360830044,1009.1560360830044,1009.1560360830044,1009.1624935829896,1010.1562236250029,1010.1562236250029,1010.790814707987,,,,,v,1,0.6314326249994338,None,p5,001,2025-10-02_12h51.59.578,untitled,,2025.1.1,120.05954954275607,2025-10-02 12h52.21.238452 +0530,
